categoryName,comment,outcomeAccountName,outcome,outcomeCurrencyShortTitle,incomeAccountName,income,incomeCurrencyShortTitle,createdDate
Coffee,Latte To Go,Checking Account,3.28,USD,,,,2021-08-19
Dining Out,Bistro du Coin,Travel Card,35.72,GEL,,,,2021-08-20
Coffee,Street Coffee,Checking Account,3.94,USD,,,,2021-08-21
Groceries,Neighborhood Market,Cash Wallet,13.15,USD,,,,2021-08-22
Coffee,Cafe Mocha,Cash Wallet,2.35,USD,,,,2021-08-23
Shopping,Electronics Store,Checking Account,9.14,USD,,,,2021-08-23
Shopping,Furniture Store,Cash Wallet,18.73,USD,,,,2021-08-23
Dining Out,Restaurant Le Petit,Travel Card,10.56,GEL,,,,2021-08-23
Coffee,Espresso Bar,Credit Card,4.37,EUR,,,,2021-08-23
Utilities,Electric Bill,Credit Card,21.06,EUR,,,,2021-08-23
Transport,Fuel Station,Credit Card,4.47,EUR,,,,2021-08-25
Coffee,Latte To Go,Credit Card,3.89,EUR,,,,2021-08-25
Travel,Travel Insurance,Travel Card,215.93,GEL,,,,2021-08-25
,Credit Card Payment,Credit Card,1229.57,EUR,Travel Card,3608.52,GEL,2021-08-25
Coffee,Espresso Bar,Credit Card,2.47,EUR,,,,2021-08-26
Dining Out,Burger Joint,Cash Wallet,9.86,USD,,,,2021-08-26
,Cash Withdrawal,Travel Card,135.15,GEL,Savings Account,46.05,EUR,2021-08-26
Transport,Fuel Station,Credit Card,6.53,EUR,,,,2021-08-27
Coffee,Latte To Go,Cash Wallet,2.91,USD,,,,2021-08-27
Dining Out,Burger Joint,Credit Card,8.82,EUR,,,,2021-08-28
Dining Out,Bistro du Coin,Savings Account,11.25,EUR,,,,2021-08-28
Transport,Train Ticket,Credit Card,7.18,EUR,,,,2021-08-29
Groceries,Local Green Market,Checking Account,8.22,USD,,,,2021-08-30
Dining Out,Sushi Bar,Cash Wallet,13.15,USD,,,,2021-08-31
Entertainment,Concert Tickets,Credit Card,2.86,EUR,,,,2021-08-31
Groceries,Trader Joe's,Checking Account,8.26,USD,,,,2021-09-01
Coffee,Latte To Go,Cash Wallet,3.98,USD,,,,2021-09-01
Coffee,Morning Coffee,Savings Account,2.27,EUR,,,,2021-09-01
Dining Out,Burger Joint,Credit Card,11.83,EUR,,,,2021-09-02
Transport,Train Ticket,Checking Account,2.88,USD,,,,2021-09-02
Groceries,Whole Foods Market,Checking Account,13.12,USD,,,,2021-09-03
Entertainment,Spotify Subscription,Checking Account,11.46,USD,,,,2021-09-03
Shopping,Bookshop,Checking Account,7.26,USD,,,,2021-09-03
Dining Out,Burger Joint,Checking Account,3.94,USD,,,,2021-09-04
Coffee,Latte To Go,Credit Card,3.06,EUR,,,,2021-09-04
Coffee,Morning Coffee,Checking Account,4.80,USD,,,,2021-09-04
Healthcare,Doctor Visit,Cash Wallet,18.40,USD,,,,2021-09-05
Entertainment,Netflix Subscription,Cash Wallet,11.51,USD,,,,2021-09-05
Transport,Bus Pass,Cash Wallet,4.37,USD,,,,2021-09-06
Transport,Taxi,Cash Wallet,4.38,USD,,,,2021-09-06
,Savings Deposit,Checking Account,1005.71,USD,Cash Wallet,1005.71,USD,2021-09-06
,Savings Deposit,Travel Card,3881.47,GEL,Checking Account,1437.58,USD,2021-09-06
Dining Out,Sushi Bar,Credit Card,8.30,EUR,,,,2021-09-07
Groceries,Lidl,Credit Card,6.02,EUR,,,,2021-09-07
,Savings Deposit,Credit Card,782.96,EUR,Cash Wallet,851.04,USD,2021-09-07
Shopping,Amazon Order,Travel Card,44.25,GEL,,,,2021-09-08
Healthcare,Optician,Cash Wallet,14.62,USD,,,,2021-09-08
Coffee,Morning Coffee,Checking Account,3.12,USD,,,,2021-09-09
Coffee,Latte To Go,Cash Wallet,2.59,USD,,,,2021-09-09
Groceries,Trader Joe's,Checking Account,13.41,USD,,,,2021-09-10
Coffee,Cafe Mocha,Credit Card,4.01,EUR,,,,2021-09-10
Salary,Payroll Deposit,,,,Checking Account,1521.67,USD,2021-09-10
Transport,Taxi,Cash Wallet,4.84,USD,,,,2021-09-11
Groceries,Lidl,Cash Wallet,8.16,USD,,,,2021-09-11
Groceries,Whole Foods Market,Travel Card,28.81,GEL,,,,2021-09-11
Coffee,Morning Coffee,Savings Account,3.70,EUR,,,,2021-09-12
Healthcare,Dental Clinic,Credit Card,16.78,EUR,,,,2021-09-13
Dining Out,Thai Takeaway,Checking Account,10.10,USD,,,,2021-09-14
Transport,Bus Pass,Credit Card,5.38,EUR,,,,2021-09-14
Healthcare,Dental Clinic,Checking Account,8.72,USD,,,,2021-09-15
Entertainment,Spotify Subscription,Credit Card,4.99,EUR,,,,2021-09-15
Groceries,Lidl,Credit Card,7.05,EUR,,,,2021-09-16
Transport,Train Ticket,Credit Card,3.37,EUR,,,,2021-09-16
Dining Out,Pizzeria Bella,Checking Account,13.45,USD,,,,2021-09-17
Utilities,Electric Bill,Checking Account,11.24,USD,,,,2021-09-17
Healthcare,Pharmacy,Checking Account,10.74,USD,,,,2021-09-18
Entertainment,Steam Game,Cash Wallet,5.74,USD,,,,2021-09-18
,Top-up Travel Card,Checking Account,933.85,USD,Travel Card,2521.41,GEL,2021-09-18
Groceries,Trader Joe's,Checking Account,7.11,USD,,,,2021-09-19
,Top-up Travel Card,Savings Account,1361.12,EUR,Cash Wallet,1479.48,USD,2021-09-19
Transport,Train Ticket,Checking Account,4.79,USD,,,,2021-09-20
Coffee,Cafe Mocha,Checking Account,3.85,USD,,,,2021-09-20
Coffee,Cafe Mocha,Savings Account,3.82,EUR,,,,2021-09-20
Coffee,Espresso Bar,Credit Card,3.56,EUR,,,,2021-09-20
Transport,Metro Card Top-up,Credit Card,4.74,EUR,,,,2021-09-21
Transport,Metro Card Top-up,Cash Wallet,4.05,USD,,,,2021-09-21
Dining Out,Restaurant Le Petit,Credit Card,8.82,EUR,,,,2021-09-22
Shopping,Furniture Store,Savings Account,17.08,EUR,,,,2021-09-23
Healthcare,Gym Membership,Checking Account,8.57,USD,,,,2021-09-23
Groceries,Neighborhood Market,Cash Wallet,5.01,USD,,,,2021-09-24
Coffee,Cafe Mocha,Checking Account,2.37,USD,,,,2021-09-25
Groceries,Whole Foods Market,Cash Wallet,7.94,USD,,,,2021-09-26
Transport,Taxi,Checking Account,7.67,USD,,,,2021-09-27
Dining Out,Pizzeria Bella,Checking Account,6.06,USD,,,,2021-09-27
Groceries,Trader Joe's,Credit Card,12.90,EUR,,,,2021-09-28
Utilities,Internet Provider,Checking Account,29.74,USD,,,,2021-09-28
Transport,Metro Card Top-up,Checking Account,2.36,USD,,,,2021-09-28
Coffee,Morning Coffee,Cash Wallet,4.62,USD,,,,2021-09-28
Coffee,Morning Coffee,Credit Card,4.32,EUR,,,,2021-09-28
Transport,Fuel Station,Credit Card,6.50,EUR,,,,2021-09-29
Entertainment,Spotify Subscription,Cash Wallet,4.81,USD,,,,2021-09-29
Coffee,Street Coffee,Travel Card,7.96,GEL,,,,2021-10-01
Travel,Hotel Stay,Travel Card,105.31,GEL,,,,2021-10-01
,Credit Card Payment,Savings Account,971.89,EUR,Checking Account,1056.41,USD,2021-10-01
,Cash Withdrawal,Savings Account,1284.24,EUR,Cash Wallet,1395.92,USD,2021-10-01
Dining Out,Burger Joint,Cash Wallet,11.11,USD,,,,2021-10-03
Travel,Flight Booking,Cash Wallet,62.65,USD,,,,2021-10-06
Coffee,Espresso Bar,Credit Card,2.00,EUR,,,,2021-10-06
Groceries,Local Green Market,Checking Account,5.68,USD,,,,2021-10-06
Dining Out,Coffee Shop,Credit Card,10.15,EUR,,,,2021-10-06
Transport,Metro Card Top-up,Checking Account,6.86,USD,,,,2021-10-06
Transport,Ride Share,Cash Wallet,2.19,USD,,,,2021-10-07
Shopping,Electronics Store,Checking Account,23.29,USD,,,,2021-10-07
Travel,Flight Booking,Credit Card,92.64,EUR,,,,2021-10-07
Transport,Metro Card Top-up,Cash Wallet,5.61,USD,,,,2021-10-07
Entertainment,Book Store,Checking Account,6.32,USD,,,,2021-10-09
Dining Out,Coffee Shop,Credit Card,8.21,EUR,,,,2021-10-09
,Credit Card Payment,Savings Account,881.16,EUR,Travel Card,2586.01,GEL,2021-10-09
Transport,Bus Pass,Credit Card,3.35,EUR,,,,2021-10-10
Coffee,Street Coffee,Checking Account,2.22,USD,,,,2021-10-10
Coffee,Latte To Go,Checking Account,3.30,USD,,,,2021-10-10
Salary,Payroll Deposit,,,,Checking Account,1521.67,USD,2021-10-10
Dining Out,Sushi Bar,Cash Wallet,7.90,USD,,,,2021-10-11
Shopping,Electronics Store,Checking Account,9.17,USD,,,,2021-10-12
Entertainment,Cinema Tickets,Credit Card,8.34,EUR,,,,2021-10-13
Healthcare,Dental Clinic,Checking Account,6.41,USD,,,,2021-10-14
Entertainment,Cinema Tickets,Checking Account,3.64,USD,,,,2021-10-14
Transport,Metro Card Top-up,Cash Wallet,7.12,USD,,,,2021-10-14
Dining Out,Thai Takeaway,Checking Account,12.51,USD,,,,2021-10-15
Transport,Fuel Station,Travel Card,19.47,GEL,,,,2021-10-15
Dining Out,Pizzeria Bella,Travel Card,12.37,GEL,,,,2021-10-15
Dining Out,Burger Joint,Travel Card,12.27,GEL,,,,2021-10-15
Entertainment,Netflix Subscription,Checking Account,11.04,USD,,,,2021-10-16
Coffee,Espresso Bar,Savings Account,2.01,EUR,,,,2021-10-17
Shopping,Electronics Store,Savings Account,18.16,EUR,,,,2021-10-17
Transport,Ride Share,Credit Card,7.89,EUR,,,,2021-10-17
Healthcare,Gym Membership,Checking Account,6.27,USD,,,,2021-10-18
,Savings Deposit,Cash Wallet,690.87,USD,Savings Account,635.60,EUR,2021-10-18
Coffee,Street Coffee,Checking Account,4.44,USD,,,,2021-10-19
Utilities,Gas Bill,Credit Card,18.10,EUR,,,,2021-10-20
Dining Out,Thai Takeaway,Checking Account,12.98,USD,,,,2021-10-20
Groceries,Whole Foods Market,Checking Account,8.96,USD,,,,2021-10-21
,Top-up Travel Card,Travel Card,1026.53,GEL,Savings Account,349.78,EUR,2021-10-22
Entertainment,Spotify Subscription,Checking Account,6.21,USD,,,,2021-10-23
Coffee,Street Coffee,Credit Card,4.19,EUR,,,,2021-10-23
Groceries,Aldi,Credit Card,8.15,EUR,,,,2021-10-24
Transport,Taxi,Checking Account,4.18,USD,,,,2021-10-24
Healthcare,Doctor Visit,Cash Wallet,9.02,USD,,,,2021-10-25
Healthcare,Dental Clinic,Checking Account,16.90,USD,,,,2021-10-25
Shopping,Furniture Store,Credit Card,18.20,EUR,,,,2021-10-25
,Cash Withdrawal,Cash Wallet,426.75,USD,Credit Card,392.61,EUR,2021-10-25
Transport,Ride Share,Cash Wallet,4.80,USD,,,,2021-10-26
,Savings Deposit,Credit Card,740.60,EUR,Travel Card,2173.49,GEL,2021-10-26
Shopping,Bookshop,Checking Account,17.64,USD,,,,2021-10-27
Dining Out,Thai Takeaway,Credit Card,8.86,EUR,,,,2021-10-30
Transport,Ride Share,Checking Account,4.11,USD,,,,2021-10-30
Transport,Taxi,Credit Card,6.48,EUR,,,,2021-11-01
Groceries,Carrefour,Credit Card,14.09,EUR,,,,2021-11-01
Entertainment,Cinema Tickets,Checking Account,8.04,USD,,,,2021-11-02
Utilities,Water Utility,Cash Wallet,22.64,USD,,,,2021-11-04
Transport,Ride Share,Credit Card,5.08,EUR,,,,2021-11-04
Transport,Ride Share,Checking Account,4.76,USD,,,,2021-11-05
Entertainment,Book Store,Checking Account,10.37,USD,,,,2021-11-05
Groceries,Lidl,Cash Wallet,11.59,USD,,,,2021-11-05
,Credit Card Payment,Credit Card,105.50,EUR,Checking Account,114.68,USD,2021-11-05
,Credit Card Payment,Checking Account,461.95,USD,Travel Card,1247.27,GEL,2021-11-05
Utilities,Internet Provider,Savings Account,24.90,EUR,,,,2021-11-06
Groceries,Carrefour,Cash Wallet,13.25,USD,,,,2021-11-06
Healthcare,Optician,Credit Card,10.03,EUR,,,,2021-11-07
Transport,Ride Share,Credit Card,2.00,EUR,,,,2021-11-08
Transport,Taxi,Travel Card,20.73,GEL,,,,2021-11-08
Coffee,Latte To Go,Cash Wallet,2.16,USD,,,,2021-11-09
Entertainment,Book Store,Checking Account,11.31,USD,,,,2021-11-09
Groceries,Aldi,Credit Card,10.61,EUR,,,,2021-11-09
Entertainment,Spotify Subscription,Credit Card,7.03,EUR,,,,2021-11-09
Transport,Metro Card Top-up,Savings Account,3.41,EUR,,,,2021-11-10
Salary,Salary Deposit,,,,Checking Account,1521.67,USD,2021-11-10
,Cash Withdrawal,Savings Account,852.83,EUR,Checking Account,926.99,USD,2021-11-10
Healthcare,Dental Clinic,Travel Card,17.46,GEL,,,,2021-11-11
Entertainment,Netflix Subscription,Travel Card,8.75,GEL,,,,2021-11-11
Dining Out,Bistro du Coin,Credit Card,5.62,EUR,,,,2021-11-11
Coffee,Morning Coffee,Checking Account,3.37,USD,,,,2021-11-12
Dining Out,Bistro du Coin,Cash Wallet,13.49,USD,,,,2021-11-12
,Credit Card Payment,Savings Account,303.72,EUR,Cash Wallet,330.14,USD,2021-11-12
Healthcare,Optician,Checking Account,14.97,USD,,,,2021-11-14
Coffee,Street Coffee,Credit Card,4.06,EUR,,,,2021-11-15
Dining Out,Restaurant Le Petit,Travel Card,22.35,GEL,,,,2021-11-15
Transport,Fuel Station,Credit Card,7.09,EUR,,,,2021-11-16
Dining Out,Thai Takeaway,Travel Card,24.25,GEL,,,,2021-11-16
,Top-up Travel Card,Savings Account,192.43,EUR,Credit Card,192.43,EUR,2021-11-16
Dining Out,Pizzeria Bella,Credit Card,5.49,EUR,,,,2021-11-17
Groceries,Lidl,Credit Card,5.08,EUR,,,,2021-11-17
Coffee,Espresso Bar,Cash Wallet,4.45,USD,,,,2021-11-17
Dining Out,Bistro du Coin,Checking Account,13.50,USD,,,,2021-11-18
Groceries,Local Green Market,Cash Wallet,7.17,USD,,,,2021-11-19
Groceries,Trader Joe's,Credit Card,5.75,EUR,,,,2021-11-20
Groceries,Local Green Market,Travel Card,24.95,GEL,,,,2021-11-20
Groceries,Trader Joe's,Cash Wallet,11.46,USD,,,,2021-11-20
Coffee,Latte To Go,Cash Wallet,4.53,USD,,,,2021-11-20
Dining Out,Pizzeria Bella,Credit Card,6.75,EUR,,,,2021-11-21
Utilities,Internet Provider,Credit Card,15.01,EUR,,,,2021-11-21
Coffee,Espresso Bar,Credit Card,2.87,EUR,,,,2021-11-21
Entertainment,Steam Game,Cash Wallet,5.47,USD,,,,2021-11-22
Coffee,Cafe Mocha,Credit Card,3.68,EUR,,,,2021-11-22
Groceries,Neighborhood Market,Checking Account,10.77,USD,,,,2021-11-23
Entertainment,Cinema Tickets,Checking Account,9.50,USD,,,,2021-11-23
Dining Out,Thai Takeaway,Checking Account,5.24,USD,,,,2021-11-23
,Credit Card Payment,Cash Wallet,1087.89,USD,Savings Account,1000.86,EUR,2021-11-23
,Savings Deposit,Cash Wallet,159.36,USD,Credit Card,146.61,EUR,2021-11-23
Entertainment,Steam Game,Cash Wallet,11.01,USD,,,,2021-11-25
Coffee,Espresso Bar,Checking Account,3.41,USD,,,,2021-11-25
Shopping,Furniture Store,Cash Wallet,17.44,USD,,,,2021-11-26
Dining Out,Restaurant Le Petit,Checking Account,6.67,USD,,,,2021-11-26
Groceries,Aldi,Checking Account,14.83,USD,,,,2021-11-26
Transport,Bus Pass,Credit Card,4.54,EUR,,,,2021-11-26
Dining Out,Pizzeria Bella,Credit Card,9.55,EUR,,,,2021-11-27
Coffee,Espresso Bar,Credit Card,3.06,EUR,,,,2021-11-27
Coffee,Street Coffee,Savings Account,2.00,EUR,,,,2021-11-28
Shopping,Amazon Order,Checking Account,6.54,USD,,,,2021-11-28
Transport,Metro Card Top-up,Credit Card,7.25,EUR,,,,2021-11-29
Coffee,Cafe Mocha,Checking Account,3.51,USD,,,,2021-11-29
,Transfer to Savings,Travel Card,2049.90,GEL,Cash Wallet,759.22,USD,2021-11-29
Entertainment,Spotify Subscription,Checking Account,4.50,USD,,,,2021-11-30
Groceries,Trader Joe's,Travel Card,29.73,GEL,,,,2021-12-02
Dining Out,Thai Takeaway,Credit Card,3.71,EUR,,,,2021-12-02
Groceries,Neighborhood Market,Checking Account,10.47,USD,,,,2021-12-02
Coffee,Latte To Go,Credit Card,3.88,EUR,,,,2021-12-03
Groceries,Aldi,Checking Account,13.52,USD,,,,2021-12-04
Healthcare,Dental Clinic,Cash Wallet,6.11,USD,,,,2021-12-04
Coffee,Morning Coffee,Credit Card,2.64,EUR,,,,2021-12-04
Transport,Bus Pass,Credit Card,5.50,EUR,,,,2021-12-05
Dining Out,Sushi Bar,Cash Wallet,4.01,USD,,,,2021-12-06
Shopping,Electronics Store,Cash Wallet,14.65,USD,,,,2021-12-06
Transport,Bus Pass,Cash Wallet,8.00,USD,,,,2021-12-06
Coffee,Morning Coffee,Cash Wallet,3.10,USD,,,,2021-12-06
Groceries,Whole Foods Market,Savings Account,6.96,EUR,,,,2021-12-07
Dining Out,Pizzeria Bella,Checking Account,6.44,USD,,,,2021-12-07
Entertainment,Steam Game,Checking Account,11.01,USD,,,,2021-12-07
Entertainment,Spotify Subscription,Credit Card,2.79,EUR,,,,2021-12-08
Transport,Ride Share,Travel Card,15.05,GEL,,,,2021-12-09
Dining Out,Burger Joint,Savings Account,8.12,EUR,,,,2021-12-10
Salary,Payroll Deposit,,,,Checking Account,1521.67,USD,2021-12-10
Dining Out,Thai Takeaway,Credit Card,4.71,EUR,,,,2021-12-11
Coffee,Street Coffee,Credit Card,3.65,EUR,,,,2021-12-11
Coffee,Latte To Go,Checking Account,1.96,USD,,,,2021-12-12
Transport,Metro Card Top-up,Checking Account,7.49,USD,,,,2021-12-12
Transport,Taxi,Checking Account,7.97,USD,,,,2021-12-12
Transport,Fuel Station,Travel Card,13.99,GEL,,,,2021-12-13
Coffee,Morning Coffee,Cash Wallet,4.47,USD,,,,2021-12-13
Coffee,Morning Coffee,Savings Account,3.49,EUR,,,,2021-12-15
Dining Out,Thai Takeaway,Cash Wallet,12.89,USD,,,,2021-12-15
Coffee,Morning Coffee,Travel Card,6.55,GEL,,,,2021-12-16
Healthcare,Dental Clinic,Checking Account,15.39,USD,,,,2021-12-18
Dining Out,Restaurant Le Petit,Checking Account,9.97,USD,,,,2021-12-18
Dining Out,Restaurant Le Petit,Checking Account,13.38,USD,,,,2021-12-19
Coffee,Street Coffee,Checking Account,2.35,USD,,,,2021-12-19
Coffee,Espresso Bar,Credit Card,2.77,EUR,,,,2021-12-19
Dining Out,Coffee Shop,Cash Wallet,9.28,USD,,,,2021-12-21
Transport,Taxi,Credit Card,3.09,EUR,,,,2021-12-21
Coffee,Street Coffee,Travel Card,7.49,GEL,,,,2021-12-22
Utilities,Electric Bill,Credit Card,19.87,EUR,,,,2021-12-22
Coffee,Espresso Bar,Checking Account,4.17,USD,,,,2021-12-22
Entertainment,Steam Game,Checking Account,5.81,USD,,,,2021-12-23
Dining Out,Coffee Shop,Cash Wallet,12.05,USD,,,,2021-12-23
Groceries,Lidl,Cash Wallet,8.81,USD,,,,2021-12-23
Coffee,Morning Coffee,Checking Account,4.62,USD,,,,2021-12-23
Entertainment,Netflix Subscription,Travel Card,12.12,GEL,,,,2021-12-25
Transport,Fuel Station,Checking Account,8.45,USD,,,,2021-12-25
Groceries,Lidl,Cash Wallet,7.99,USD,,,,2021-12-26
Healthcare,Optician,Checking Account,10.97,USD,,,,2021-12-26
Dining Out,Restaurant Le Petit,Credit Card,8.78,EUR,,,,2021-12-27
Utilities,Water Utility,Travel Card,45.87,GEL,,,,2021-12-27
Shopping,Bookshop,Credit Card,18.36,EUR,,,,2021-12-28
Healthcare,Gym Membership,Credit Card,17.07,EUR,,,,2021-12-28
,Credit Card Payment,Travel Card,1133.80,GEL,Cash Wallet,419.93,USD,2021-12-28
,Savings Deposit,Checking Account,162.15,USD,Credit Card,149.17,EUR,2021-12-28
Transport,Taxi,Checking Account,8.69,USD,,,,2021-12-29
Groceries,Whole Foods Market,Checking Account,8.90,USD,,,,2021-12-29
Dining Out,Sushi Bar,Travel Card,18.32,GEL,,,,2021-12-29
Transport,Ride Share,Credit Card,3.30,EUR,,,,2021-12-29
Travel,Hotel Stay,Savings Account,77.77,EUR,,,,2021-12-30
Dining Out,Restaurant Le Petit,Cash Wallet,10.23,USD,,,,2021-12-31
Coffee,Cafe Mocha,Checking Account,2.48,USD,,,,2022-01-01
Groceries,Lidl,Checking Account,14.35,USD,,,,2022-01-02
Shopping,Furniture Store,Credit Card,8.59,EUR,,,,2022-01-02
Coffee,Street Coffee,Travel Card,9.22,GEL,,,,2022-01-02
Utilities,Phone Bill,Checking Account,23.42,USD,,,,2022-01-02
Coffee,Street Coffee,Credit Card,3.00,EUR,,,,2022-01-03
Coffee,Espresso Bar,Checking Account,4.63,USD,,,,2022-01-03
Transport,Bus Pass,Credit Card,4.23,EUR,,,,2022-01-03
Coffee,Morning Coffee,Checking Account,4.09,USD,,,,2022-01-03
Transport,Bus Pass,Checking Account,2.34,USD,,,,2022-01-04
Utilities,Electric Bill,Cash Wallet,16.32,USD,,,,2022-01-04
Transport,Ride Share,Travel Card,20.43,GEL,,,,2022-01-04
,Savings Deposit,Travel Card,3657.06,GEL,Savings Account,1246.11,EUR,2022-01-04
Transport,Ride Share,Checking Account,4.60,USD,,,,2022-01-06
Entertainment,Netflix Subscription,Cash Wallet,8.46,USD,,,,2022-01-06
Healthcare,Optician,Checking Account,17.25,USD,,,,2022-01-06
,Cash Withdrawal,Savings Account,1343.61,EUR,Credit Card,1343.61,EUR,2022-01-06
Dining Out,Restaurant Le Petit,Cash Wallet,13.05,USD,,,,2022-01-07
Dining Out,Thai Takeaway,Checking Account,4.16,USD,,,,2022-01-08
Coffee,Espresso Bar,Checking Account,2.98,USD,,,,2022-01-08
Coffee,Espresso Bar,Cash Wallet,2.74,USD,,,,2022-01-08
Entertainment,Netflix Subscription,Travel Card,14.43,GEL,,,,2022-01-09
Coffee,Morning Coffee,Checking Account,1.95,USD,,,,2022-01-10
Entertainment,Concert Tickets,Checking Account,9.84,USD,,,,2022-01-10
Healthcare,Pharmacy,Travel Card,13.19,GEL,,,,2022-01-10
Groceries,Carrefour,Checking Account,6.41,USD,,,,2022-01-10
Salary,Monthly Salary,,,,Checking Account,1521.67,USD,2022-01-10
Travel,Flight Booking,Cash Wallet,33.79,USD,,,,2022-01-11
,Top-up Travel Card,Credit Card,646.52,EUR,Cash Wallet,702.74,USD,2022-01-11
Groceries,Trader Joe's,Cash Wallet,11.04,USD,,,,2022-01-12
Dining Out,Coffee Shop,Checking Account,13.55,USD,,,,2022-01-12
Shopping,Clothing Store,Checking Account,6.26,USD,,,,2022-01-12
Dining Out,Bistro du Coin,Checking Account,9.38,USD,,,,2022-01-12
Coffee,Cafe Mocha,Checking Account,3.27,USD,,,,2022-01-12
Healthcare,Gym Membership,Savings Account,12.17,EUR,,,,2022-01-13
,Credit Card Payment,Savings Account,290.49,EUR,Cash Wallet,315.75,USD,2022-01-14
,Transfer to Savings,Travel Card,1542.42,GEL,Checking Account,571.27,USD,2022-01-15
Entertainment,Netflix Subscription,Credit Card,7.64,EUR,,,,2022-01-16
Travel,Car Rental,Credit Card,75.82,EUR,,,,2022-01-16
Transport,Ride Share,Credit Card,7.89,EUR,,,,2022-01-16
Groceries,Carrefour,Checking Account,6.53,USD,,,,2022-01-17
Transport,Taxi,Cash Wallet,6.60,USD,,,,2022-01-20
Coffee,Latte To Go,Cash Wallet,3.43,USD,,,,2022-01-20
Healthcare,Gym Membership,Cash Wallet,16.75,USD,,,,2022-01-20
,Top-up Travel Card,Credit Card,785.42,EUR,Checking Account,853.72,USD,2022-01-21
Transport,Metro Card Top-up,Checking Account,6.29,USD,,,,2022-01-22
Transport,Train Ticket,Checking Account,6.65,USD,,,,2022-01-22
Entertainment,Netflix Subscription,Cash Wallet,10.21,USD,,,,2022-01-23
Coffee,Cafe Mocha,Credit Card,3.18,EUR,,,,2022-01-23
Healthcare,Dental Clinic,Cash Wallet,16.73,USD,,,,2022-01-24
,Savings Deposit,Cash Wallet,1490.35,USD,Checking Account,1490.35,USD,2022-01-24
Coffee,Espresso Bar,Cash Wallet,4.68,USD,,,,2022-01-25
Entertainment,Concert Tickets,Credit Card,6.08,EUR,,,,2022-01-25
Entertainment,Cinema Tickets,Checking Account,8.36,USD,,,,2022-01-25
Coffee,Latte To Go,Credit Card,2.41,EUR,,,,2022-01-25
Transport,Train Ticket,Checking Account,5.37,USD,,,,2022-01-26
Coffee,Street Coffee,Cash Wallet,4.40,USD,,,,2022-01-27
,Cash Withdrawal,Travel Card,3164.56,GEL,Cash Wallet,1172.06,USD,2022-01-28
Entertainment,Book Store,Credit Card,9.39,EUR,,,,2022-01-29
Coffee,Espresso Bar,Checking Account,3.39,USD,,,,2022-01-29
Groceries,Aldi,Credit Card,4.97,EUR,,,,2022-01-30
Travel,Hotel Stay,Checking Account,79.07,USD,,,,2022-01-31
Groceries,Carrefour,Credit Card,9.23,EUR,,,,2022-01-31
Coffee,Morning Coffee,Cash Wallet,2.74,USD,,,,2022-01-31
Transport,Fuel Station,Credit Card,4.11,EUR,,,,2022-02-01
Transport,Train Ticket,Checking Account,6.51,USD,,,,2022-02-01
Dining Out,Burger Joint,Credit Card,5.58,EUR,,,,2022-02-01
Transport,Metro Card Top-up,Credit Card,2.47,EUR,,,,2022-02-02
Transport,Metro Card Top-up,Cash Wallet,7.73,USD,,,,2022-02-02
Travel,Flight Booking,Cash Wallet,98.00,USD,,,,2022-02-02
,Top-up Travel Card,Checking Account,1122.99,USD,Travel Card,3032.07,GEL,2022-02-02
Coffee,Latte To Go,Checking Account,4.57,USD,,,,2022-02-03
Coffee,Latte To Go,Cash Wallet,2.37,USD,,,,2022-02-03
Groceries,Whole Foods Market,Cash Wallet,6.29,USD,,,,2022-02-03
Coffee,Espresso Bar,Cash Wallet,3.60,USD,,,,2022-02-04
Shopping,Electronics Store,Checking Account,9.53,USD,,,,2022-02-04
Entertainment,Spotify Subscription,Savings Account,3.60,EUR,,,,2022-02-04
Dining Out,Burger Joint,Cash Wallet,10.23,USD,,,,2022-02-04
Transport,Ride Share,Credit Card,2.88,EUR,,,,2022-02-05
,Savings Deposit,Checking Account,66.37,USD,Cash Wallet,66.37,USD,2022-02-05
Coffee,Street Coffee,Checking Account,3.00,USD,,,,2022-02-06
Coffee,Espresso Bar,Cash Wallet,2.96,USD,,,,2022-02-06
Entertainment,Concert Tickets,Checking Account,9.75,USD,,,,2022-02-07
Coffee,Cafe Mocha,Cash Wallet,2.61,USD,,,,2022-02-07
Groceries,Lidl,Checking Account,5.70,USD,,,,2022-02-08
Healthcare,Optician,Credit Card,6.33,EUR,,,,2022-02-08
Entertainment,Book Store,Cash Wallet,7.24,USD,,,,2022-02-08
Entertainment,Steam Game,Cash Wallet,8.59,USD,,,,2022-02-08
Utilities,Electric Bill,Credit Card,15.46,EUR,,,,2022-02-08
Travel,Hotel Stay,Savings Account,53.43,EUR,,,,2022-02-08
,Transfer to Savings,Savings Account,973.16,EUR,Travel Card,2856.01,GEL,2022-02-08
,Credit Card Payment,Savings Account,134.47,EUR,Credit Card,134.47,EUR,2022-02-08
Coffee,Espresso Bar,Cash Wallet,4.58,USD,,,,2022-02-09
Entertainment,Concert Tickets,Travel Card,24.23,GEL,,,,2022-02-09
Shopping,Electronics Store,Cash Wallet,19.68,USD,,,,2022-02-09
Coffee,Morning Coffee,Checking Account,2.60,USD,,,,2022-02-09
,Transfer to Savings,Cash Wallet,526.05,USD,Checking Account,526.05,USD,2022-02-09
Groceries,Aldi,Savings Account,8.32,EUR,,,,2022-02-10
Entertainment,Concert Tickets,Travel Card,30.10,GEL,,,,2022-02-10
Salary,Payroll Deposit,,,,Checking Account,1521.67,USD,2022-02-10
Groceries,Lidl,Checking Account,13.34,USD,,,,2022-02-11
Groceries,Lidl,Cash Wallet,7.66,USD,,,,2022-02-11
Coffee,Cafe Mocha,Credit Card,4.11,EUR,,,,2022-02-12
Dining Out,Restaurant Le Petit,Credit Card,10.21,EUR,,,,2022-02-13
Coffee,Street Coffee,Checking Account,4.43,USD,,,,2022-02-13
Entertainment,Book Store,Credit Card,7.32,EUR,,,,2022-02-14
Dining Out,Thai Takeaway,Cash Wallet,13.50,USD,,,,2022-02-14
Coffee,Morning Coffee,Checking Account,2.17,USD,,,,2022-02-15
Groceries,Local Green Market,Credit Card,6.03,EUR,,,,2022-02-16
Dining Out,Pizzeria Bella,Savings Account,5.19,EUR,,,,2022-02-16
,Top-up Travel Card,Savings Account,217.67,EUR,Travel Card,638.82,GEL,2022-02-17
Transport,Bus Pass,Checking Account,6.59,USD,,,,2022-02-18
Groceries,Neighborhood Market,Checking Account,5.53,USD,,,,2022-02-18
Entertainment,Cinema Tickets,Cash Wallet,6.09,USD,,,,2022-02-18
Coffee,Cafe Mocha,Savings Account,2.62,EUR,,,,2022-02-19
Entertainment,Spotify Subscription,Credit Card,5.50,EUR,,,,2022-02-19
Transport,Bus Pass,Checking Account,1.95,USD,,,,2022-02-19
Groceries,Aldi,Checking Account,9.27,USD,,,,2022-02-19
Transport,Train Ticket,Travel Card,22.78,GEL,,,,2022-02-20
Coffee,Cafe Mocha,Credit Card,2.61,EUR,,,,2022-02-21
Dining Out,Sushi Bar,Checking Account,4.85,USD,,,,2022-02-21
Transport,Metro Card Top-up,Travel Card,5.64,GEL,,,,2022-02-21
Groceries,Trader Joe's,Cash Wallet,8.16,USD,,,,2022-02-22
Transport,Taxi,Credit Card,6.14,EUR,,,,2022-02-23
Healthcare,Gym Membership,Cash Wallet,16.21,USD,,,,2022-02-23
Dining Out,Thai Takeaway,Cash Wallet,5.21,USD,,,,2022-02-23
Groceries,Lidl,Cash Wallet,7.02,USD,,,,2022-02-24
Entertainment,Concert Tickets,Checking Account,8.40,USD,,,,2022-02-24
Dining Out,Bistro du Coin,Credit Card,10.63,EUR,,,,2022-02-25
Coffee,Cafe Mocha,Credit Card,2.11,EUR,,,,2022-02-25
Groceries,Aldi,Savings Account,13.08,EUR,,,,2022-02-26
Coffee,Cafe Mocha,Checking Account,3.32,USD,,,,2022-02-26
Coffee,Cafe Mocha,Cash Wallet,2.67,USD,,,,2022-02-26
Dining Out,Bistro du Coin,Checking Account,12.33,USD,,,,2022-02-28
Groceries,Local Green Market,Cash Wallet,7.44,USD,,,,2022-03-01
Groceries,Whole Foods Market,Travel Card,23.47,GEL,,,,2022-03-01
Entertainment,Book Store,Checking Account,2.95,USD,,,,2022-03-03
Utilities,Internet Provider,Cash Wallet,23.77,USD,,,,2022-03-03
Groceries,Local Green Market,Checking Account,8.05,USD,,,,2022-03-04
Transport,Metro Card Top-up,Credit Card,4.26,EUR,,,,2022-03-05
Coffee,Latte To Go,Checking Account,4.57,USD,,,,2022-03-05
Transport,Bus Pass,Credit Card,4.49,EUR,,,,2022-03-05
Groceries,Neighborhood Market,Cash Wallet,11.07,USD,,,,2022-03-05
,Transfer to Savings,Cash Wallet,1264.31,USD,Credit Card,1163.16,EUR,2022-03-05
Entertainment,Netflix Subscription,Checking Account,10.25,USD,,,,2022-03-06
Coffee,Morning Coffee,Cash Wallet,2.15,USD,,,,2022-03-06
Entertainment,Concert Tickets,Cash Wallet,4.33,USD,,,,2022-03-06
,Savings Deposit,Cash Wallet,1121.73,USD,Travel Card,3028.67,GEL,2022-03-06
Transport,Metro Card Top-up,Travel Card,21.22,GEL,,,,2022-03-07
Dining Out,Sushi Bar,Cash Wallet,6.61,USD,,,,2022-03-07
Transport,Fuel Station,Cash Wallet,7.69,USD,,,,2022-03-08
,Transfer to Savings,Cash Wallet,990.37,USD,Travel Card,2674.00,GEL,2022-03-08
Travel,Airbnb Stay,Credit Card,47.08,EUR,,,,2022-03-09
Dining Out,Restaurant Le Petit,Cash Wallet,12.92,USD,,,,2022-03-09
Groceries,Lidl,Checking Account,6.79,USD,,,,2022-03-09
,Top-up Travel Card,Savings Account,983.85,EUR,Travel Card,2887.39,GEL,2022-03-09
Dining Out,Coffee Shop,Checking Account,7.69,USD,,,,2022-03-10
Coffee,Espresso Bar,Credit Card,3.56,EUR,,,,2022-03-10
Entertainment,Netflix Subscription,Credit Card,9.21,EUR,,,,2022-03-10
Coffee,Latte To Go,Checking Account,4.83,USD,,,,2022-03-10
Coffee,Espresso Bar,Cash Wallet,2.62,USD,,,,2022-03-10
Salary,Monthly Salary,,,,Checking Account,1521.67,USD,2022-03-10
Utilities,Phone Bill,Cash Wallet,9.02,USD,,,,2022-03-11
Dining Out,Bistro du Coin,Cash Wallet,12.82,USD,,,,2022-03-12
Shopping,Bookshop,Cash Wallet,19.73,USD,,,,2022-03-12
Shopping,Bookshop,Credit Card,6.80,EUR,,,,2022-03-13
Coffee,Latte To Go,Cash Wallet,4.56,USD,,,,2022-03-13
,Credit Card Payment,Travel Card,727.22,GEL,Credit Card,247.79,EUR,2022-03-13
Dining Out,Sushi Bar,Checking Account,5.47,USD,,,,2022-03-15
Groceries,Aldi,Cash Wallet,14.29,USD,,,,2022-03-15
Coffee,Espresso Bar,Credit Card,1.84,EUR,,,,2022-03-15
Utilities,Phone Bill,Credit Card,7.30,EUR,,,,2022-03-15
,Transfer to Savings,Travel Card,3981.98,GEL,Credit Card,1356.82,EUR,2022-03-15
Dining Out,Sushi Bar,Credit Card,11.67,EUR,,,,2022-03-16
Shopping,Clothing Store,Checking Account,10.69,USD,,,,2022-03-17
,Savings Deposit,Credit Card,940.23,EUR,Savings Account,940.23,EUR,2022-03-17
Dining Out,Coffee Shop,Cash Wallet,12.53,USD,,,,2022-03-18
,Savings Deposit,Travel Card,1438.27,GEL,Credit Card,490.08,EUR,2022-03-18
Utilities,Water Utility,Cash Wallet,30.13,USD,,,,2022-03-19
Coffee,Cafe Mocha,Savings Account,4.24,EUR,,,,2022-03-20
Coffee,Latte To Go,Credit Card,2.18,EUR,,,,2022-03-20
Shopping,Amazon Order,Checking Account,14.61,USD,,,,2022-03-21
Transport,Fuel Station,Credit Card,7.62,EUR,,,,2022-03-22
Coffee,Morning Coffee,Travel Card,11.61,GEL,,,,2022-03-22
Dining Out,Restaurant Le Petit,Savings Account,11.04,EUR,,,,2022-03-22
Coffee,Street Coffee,Checking Account,4.12,USD,,,,2022-03-22
Coffee,Street Coffee,Cash Wallet,3.98,USD,,,,2022-03-23
Dining Out,Restaurant Le Petit,Checking Account,6.72,USD,,,,2022-03-23
,Cash Withdrawal,Travel Card,2884.81,GEL,Cash Wallet,1068.45,USD,2022-03-23
,Top-up Travel Card,Savings Account,688.61,EUR,Checking Account,748.49,USD,2022-03-23
Coffee,Street Coffee,Cash Wallet,3.27,USD,,,,2022-03-24
Entertainment,Cinema Tickets,Checking Account,11.36,USD,,,,2022-03-25
Coffee,Morning Coffee,Travel Card,10.33,GEL,,,,2022-03-25
Coffee,Espresso Bar,Checking Account,4.32,USD,,,,2022-03-25
Travel,Car Rental,Checking Account,62.62,USD,,,,2022-03-26
,Savings Deposit,Cash Wallet,1292.19,USD,Travel Card,3488.90,GEL,2022-03-26
,Cash Withdrawal,Cash Wallet,1109.44,USD,Savings Account,1020.68,EUR,2022-03-26
Transport,Metro Card Top-up,Credit Card,2.59,EUR,,,,2022-03-27
Coffee,Street Coffee,Travel Card,9.01,GEL,,,,2022-03-27
Coffee,Street Coffee,Checking Account,3.73,USD,,,,2022-03-27
Groceries,Trader Joe's,Credit Card,13.96,EUR,,,,2022-03-28
Shopping,Amazon Order,Checking Account,11.40,USD,,,,2022-03-28
Groceries,Whole Foods Market,Checking Account,11.83,USD,,,,2022-03-28
Entertainment,Cinema Tickets,Travel Card,13.02,GEL,,,,2022-03-28
Entertainment,Steam Game,Cash Wallet,11.34,USD,,,,2022-03-28
Shopping,Bookshop,Cash Wallet,23.01,USD,,,,2022-03-29
Shopping,Furniture Store,Cash Wallet,12.55,USD,,,,2022-03-29
Transport,Taxi,Travel Card,9.51,GEL,,,,2022-03-29
Coffee,Espresso Bar,Savings Account,2.50,EUR,,,,2022-03-30
Coffee,Espresso Bar,Checking Account,4.10,USD,,,,2022-04-01
Entertainment,Book Store,Cash Wallet,6.90,USD,,,,2022-04-01
Dining Out,Restaurant Le Petit,Checking Account,8.44,USD,,,,2022-04-02
Groceries,Aldi,Cash Wallet,8.55,USD,,,,2022-04-02
,Top-up Travel Card,Cash Wallet,560.32,USD,Savings Account,515.50,EUR,2022-04-02
Entertainment,Netflix Subscription,Cash Wallet,7.41,USD,,,,2022-04-03
Coffee,Cafe Mocha,Cash Wallet,3.80,USD,,,,2022-04-03
Travel,Car Rental,Checking Account,57.48,USD,,,,2022-04-04
Dining Out,Pizzeria Bella,Checking Account,10.87,USD,,,,2022-04-05
,Top-up Travel Card,Travel Card,1160.22,GEL,Credit Card,395.34,EUR,2022-04-05
Transport,Metro Card Top-up,Savings Account,4.06,EUR,,,,2022-04-06
Healthcare,Gym Membership,Cash Wallet,9.14,USD,,,,2022-04-06
Groceries,Aldi,Cash Wallet,12.99,USD,,,,2022-04-06
Groceries,Whole Foods Market,Cash Wallet,13.57,USD,,,,2022-04-07
Entertainment,Cinema Tickets,Cash Wallet,8.92,USD,,,,2022-04-07
Coffee,Espresso Bar,Credit Card,3.44,EUR,,,,2022-04-07
Transport,Fuel Station,Checking Account,5.80,USD,,,,2022-04-08
Transport,Train Ticket,Checking Account,6.88,USD,,,,2022-04-09
Shopping,Amazon Order,Savings Account,15.11,EUR,,,,2022-04-09
Entertainment,Steam Game,Cash Wallet,7.94,USD,,,,2022-04-09
Dining Out,Burger Joint,Credit Card,11.48,EUR,,,,2022-04-10
Transport,Ride Share,Checking Account,4.98,USD,,,,2022-04-10
Salary,Payroll Deposit,,,,Checking Account,1521.67,USD,2022-04-10
Coffee,Espresso Bar,Travel Card,8.87,GEL,,,,2022-04-11
,Transfer to Savings,Checking Account,657.72,USD,Savings Account,605.10,EUR,2022-04-14
Coffee,Latte To Go,Savings Account,3.65,EUR,,,,2022-04-15
Groceries,Lidl,Credit Card,6.80,EUR,,,,2022-04-15
Coffee,Cafe Mocha,Cash Wallet,4.34,USD,,,,2022-04-16
Dining Out,Burger Joint,Cash Wallet,10.26,USD,,,,2022-04-17
Healthcare,Dental Clinic,Cash Wallet,19.32,USD,,,,2022-04-18
Transport,Taxi,Credit Card,3.64,EUR,,,,2022-04-18
Coffee,Street Coffee,Checking Account,4.67,USD,,,,2022-04-18
Coffee,Morning Coffee,Checking Account,4.78,USD,,,,2022-04-18
,Transfer to Savings,Credit Card,1319.10,EUR,Travel Card,3871.27,GEL,2022-04-18
,Top-up Travel Card,Credit Card,48.05,EUR,Travel Card,141.03,GEL,2022-04-18
Dining Out,Coffee Shop,Checking Account,13.15,USD,,,,2022-04-19
Groceries,Whole Foods Market,Credit Card,8.92,EUR,,,,2022-04-19
Groceries,Neighborhood Market,Checking Account,6.10,USD,,,,2022-04-19
Coffee,Cafe Mocha,Checking Account,2.37,USD,,,,2022-04-20
Transport,Taxi,Credit Card,4.72,EUR,,,,2022-04-20
Dining Out,Bistro du Coin,Checking Account,13.20,USD,,,,2022-04-21
Dining Out,Bistro du Coin,Credit Card,5.09,EUR,,,,2022-04-21
Shopping,Clothing Store,Checking Account,16.65,USD,,,,2022-04-21
Coffee,Latte To Go,Savings Account,3.91,EUR,,,,2022-04-22
Entertainment,Concert Tickets,Credit Card,10.50,EUR,,,,2022-04-22
,Savings Deposit,Cash Wallet,1387.98,USD,Travel Card,3747.54,GEL,2022-04-23
Groceries,Trader Joe's,Checking Account,10.82,USD,,,,2022-04-24
Coffee,Espresso Bar,Credit Card,4.04,EUR,,,,2022-04-24
Coffee,Espresso Bar,Checking Account,3.86,USD,,,,2022-04-25
Shopping,Amazon Order,Cash Wallet,15.06,USD,,,,2022-04-25
Coffee,Morning Coffee,Checking Account,4.17,USD,,,,2022-04-25
Coffee,Latte To Go,Cash Wallet,3.65,USD,,,,2022-04-26
Dining Out,Bistro du Coin,Travel Card,32.46,GEL,,,,2022-04-26
Groceries,Lidl,Cash Wallet,7.92,USD,,,,2022-04-27
Coffee,Morning Coffee,Credit Card,3.07,EUR,,,,2022-04-27
Coffee,Street Coffee,Checking Account,3.95,USD,,,,2022-04-28
Entertainment,Cinema Tickets,Checking Account,8.31,USD,,,,2022-04-29
Coffee,Latte To Go,Credit Card,3.56,EUR,,,,2022-04-29
,Savings Deposit,Checking Account,1093.26,USD,Savings Account,1005.80,EUR,2022-04-29
Coffee,Cafe Mocha,Cash Wallet,3.09,USD,,,,2022-04-30
Healthcare,Dental Clinic,Credit Card,6.94,EUR,,,,2022-04-30
Coffee,Espresso Bar,Checking Account,4.21,USD,,,,2022-04-30
Shopping,Amazon Order,Cash Wallet,8.35,USD,,,,2022-04-30
Healthcare,Dental Clinic,Credit Card,13.69,EUR,,,,2022-05-01
Healthcare,Pharmacy,Cash Wallet,9.39,USD,,,,2022-05-02
Coffee,Espresso Bar,Credit Card,2.30,EUR,,,,2022-05-03
Coffee,Morning Coffee,Cash Wallet,4.60,USD,,,,2022-05-03
Transport,Metro Card Top-up,Travel Card,7.96,GEL,,,,2022-05-04
Transport,Train Ticket,Checking Account,6.05,USD,,,,2022-05-04
Transport,Fuel Station,Checking Account,2.10,USD,,,,2022-05-07
Coffee,Cafe Mocha,Checking Account,2.95,USD,,,,2022-05-07
Coffee,Cafe Mocha,Cash Wallet,3.11,USD,,,,2022-05-07
Dining Out,Restaurant Le Petit,Checking Account,4.51,USD,,,,2022-05-07
Groceries,Lidl,Credit Card,14.04,EUR,,,,2022-05-08
Transport,Bus Pass,Credit Card,2.75,EUR,,,,2022-05-08
,Top-up Travel Card,Savings Account,391.88,EUR,Cash Wallet,425.96,USD,2022-05-08
Shopping,Bookshop,Cash Wallet,6.63,USD,,,,2022-05-10
Salary,Payroll Deposit,,,,Checking Account,1521.67,USD,2022-05-10
Coffee,Morning Coffee,Checking Account,2.82,USD,,,,2022-05-11
Transport,Taxi,Credit Card,5.98,EUR,,,,2022-05-11
Shopping,Electronics Store,Credit Card,9.83,EUR,,,,2022-05-11
,Top-up Travel Card,Cash Wallet,1257.47,USD,Savings Account,1156.87,EUR,2022-05-11
Groceries,Lidl,Credit Card,10.08,EUR,,,,2022-05-12
Coffee,Morning Coffee,Credit Card,4.14,EUR,,,,2022-05-13
Coffee,Cafe Mocha,Credit Card,2.89,EUR,,,,2022-05-13
Groceries,Whole Foods Market,Checking Account,7.79,USD,,,,2022-05-13
Dining Out,Sushi Bar,Cash Wallet,10.90,USD,,,,2022-05-14
Coffee,Espresso Bar,Cash Wallet,2.38,USD,,,,2022-05-14
Entertainment,Netflix Subscription,Checking Account,9.21,USD,,,,2022-05-15
Coffee,Street Coffee,Credit Card,3.90,EUR,,,,2022-05-15
Entertainment,Steam Game,Checking Account,3.87,USD,,,,2022-05-15
Groceries,Lidl,Cash Wallet,11.80,USD,,,,2022-05-16
Transport,Ride Share,Cash Wallet,8.10,USD,,,,2022-05-16
Transport,Ride Share,Checking Account,7.94,USD,,,,2022-05-17
Entertainment,Concert Tickets,Cash Wallet,11.24,USD,,,,2022-05-18
Dining Out,Restaurant Le Petit,Cash Wallet,11.91,USD,,,,2022-05-18
Groceries,Carrefour,Cash Wallet,6.41,USD,,,,2022-05-19
Shopping,Electronics Store,Checking Account,21.11,USD,,,,2022-05-20
Coffee,Cafe Mocha,Credit Card,3.24,EUR,,,,2022-05-20
Utilities,Water Utility,Credit Card,16.24,EUR,,,,2022-05-20
,Transfer to Savings,Checking Account,665.17,USD,Cash Wallet,665.17,USD,2022-05-20
,Top-up Travel Card,Travel Card,3029.86,GEL,Cash Wallet,1122.17,USD,2022-05-20
Transport,Fuel Station,Checking Account,3.76,USD,,,,2022-05-21
Transport,Train Ticket,Checking Account,8.33,USD,,,,2022-05-21
Dining Out,Burger Joint,Checking Account,5.86,USD,,,,2022-05-21
Entertainment,Cinema Tickets,Credit Card,7.94,EUR,,,,2022-05-22
Transport,Taxi,Cash Wallet,7.68,USD,,,,2022-05-24
Transport,Bus Pass,Savings Account,2.80,EUR,,,,2022-05-24
Coffee,Morning Coffee,Credit Card,2.94,EUR,,,,2022-05-24
Transport,Fuel Station,Checking Account,6.32,USD,,,,2022-05-25
Coffee,Morning Coffee,Cash Wallet,3.97,USD,,,,2022-05-25
,Credit Card Payment,Checking Account,1220.38,USD,Travel Card,3295.02,GEL,2022-05-25
Dining Out,Thai Takeaway,Cash Wallet,11.82,USD,,,,2022-05-27
Coffee,Cafe Mocha,Cash Wallet,4.65,USD,,,,2022-05-27
Coffee,Cafe Mocha,Cash Wallet,2.82,USD,,,,2022-05-28
Transport,Bus Pass,Checking Account,5.09,USD,,,,2022-05-28
,Top-up Travel Card,Cash Wallet,753.85,USD,Checking Account,753.85,USD,2022-05-28
Groceries,Neighborhood Market,Checking Account,7.08,USD,,,,2022-05-29
Groceries,Whole Foods Market,Checking Account,10.62,USD,,,,2022-05-29
Coffee,Street Coffee,Checking Account,2.12,USD,,,,2022-05-29
Entertainment,Cinema Tickets,Credit Card,4.90,EUR,,,,2022-05-30
Coffee,Street Coffee,Checking Account,3.25,USD,,,,2022-05-30
Utilities,Phone Bill,Checking Account,22.44,USD,,,,2022-05-30
Groceries,Trader Joe's,Cash Wallet,7.99,USD,,,,2022-05-31
Dining Out,Sushi Bar,Cash Wallet,13.36,USD,,,,2022-05-31
Dining Out,Bistro du Coin,Credit Card,6.00,EUR,,,,2022-06-02
Coffee,Morning Coffee,Credit Card,2.23,EUR,,,,2022-06-02
Transport,Metro Card Top-up,Checking Account,7.26,USD,,,,2022-06-02
Transport,Bus Pass,Credit Card,6.78,EUR,,,,2022-06-02
,Savings Deposit,Credit Card,86.77,EUR,Savings Account,86.77,EUR,2022-06-02
Healthcare,Pharmacy,Credit Card,7.99,EUR,,,,2022-06-03
Groceries,Neighborhood Market,Travel Card,21.15,GEL,,,,2022-06-03
Transport,Fuel Station,Credit Card,3.61,EUR,,,,2022-06-03
Groceries,Aldi,Travel Card,23.29,GEL,,,,2022-06-03
Shopping,Clothing Store,Travel Card,55.44,GEL,,,,2022-06-04
Shopping,Clothing Store,Cash Wallet,11.11,USD,,,,2022-06-04
Entertainment,Spotify Subscription,Travel Card,11.82,GEL,,,,2022-06-05
Entertainment,Concert Tickets,Cash Wallet,6.61,USD,,,,2022-06-05
Groceries,Aldi,Credit Card,13.98,EUR,,,,2022-06-06
Dining Out,Sushi Bar,Checking Account,9.34,USD,,,,2022-06-06
Coffee,Latte To Go,Cash Wallet,2.24,USD,,,,2022-06-06
,Cash Withdrawal,Checking Account,1151.27,USD,Travel Card,3108.43,GEL,2022-06-06
Groceries,Neighborhood Market,Travel Card,14.14,GEL,,,,2022-06-07
Entertainment,Steam Game,Cash Wallet,6.52,USD,,,,2022-06-07
,Top-up Travel Card,Credit Card,853.89,EUR,Savings Account,853.89,EUR,2022-06-08
Transport,Ride Share,Checking Account,3.99,USD,,,,2022-06-09
Groceries,Whole Foods Market,Savings Account,5.73,EUR,,,,2022-06-10
Salary,Monthly Salary,,,,Checking Account,1521.67,USD,2022-06-10
,Cash Withdrawal,Savings Account,304.06,EUR,Travel Card,892.35,GEL,2022-06-10
Transport,Bus Pass,Checking Account,2.36,USD,,,,2022-06-11
Coffee,Street Coffee,Cash Wallet,4.21,USD,,,,2022-06-12
Coffee,Cafe Mocha,Checking Account,4.43,USD,,,,2022-06-14
,Savings Deposit,Savings Account,1324.48,EUR,Travel Card,3887.06,GEL,2022-06-14
Coffee,Latte To Go,Credit Card,3.81,EUR,,,,2022-06-15
Coffee,Latte To Go,Cash Wallet,3.11,USD,,,,2022-06-15
Transport,Taxi,Credit Card,2.13,EUR,,,,2022-06-17
Coffee,Cafe Mocha,Credit Card,2.67,EUR,,,,2022-06-18
Transport,Fuel Station,Checking Account,7.62,USD,,,,2022-06-19
Dining Out,Restaurant Le Petit,Checking Account,11.79,USD,,,,2022-06-19
Transport,Bus Pass,Cash Wallet,2.95,USD,,,,2022-06-21
Transport,Metro Card Top-up,Cash Wallet,6.30,USD,,,,2022-06-22
Groceries,Carrefour,Cash Wallet,14.43,USD,,,,2022-06-22
Transport,Train Ticket,Travel Card,5.49,GEL,,,,2022-06-22
Coffee,Morning Coffee,Cash Wallet,1.97,USD,,,,2022-06-23
Travel,Travel Insurance,Credit Card,30.27,EUR,,,,2022-06-23
Transport,Ride Share,Checking Account,7.34,USD,,,,2022-06-24
Coffee,Latte To Go,Credit Card,3.48,EUR,,,,2022-06-25
Utilities,Water Utility,Credit Card,24.25,EUR,,,,2022-06-26
Transport,Bus Pass,Travel Card,9.26,GEL,,,,2022-06-27
Coffee,Morning Coffee,Cash Wallet,4.59,USD,,,,2022-06-28
Coffee,Cafe Mocha,Cash Wallet,2.33,USD,,,,2022-06-28
Entertainment,Cinema Tickets,Credit Card,9.90,EUR,,,,2022-06-28
,Cash Withdrawal,Savings Account,1015.92,EUR,Cash Wallet,1104.26,USD,2022-06-28
Shopping,Amazon Order,Savings Account,16.63,EUR,,,,2022-06-29
,Cash Withdrawal,Cash Wallet,1494.66,USD,Credit Card,1375.09,EUR,2022-06-29
Transport,Bus Pass,Credit Card,3.88,EUR,,,,2022-06-30
,Credit Card Payment,Cash Wallet,1362.21,USD,Savings Account,1253.23,EUR,2022-06-30
Entertainment,Concert Tickets,Credit Card,9.34,EUR,,,,2022-07-01
Entertainment,Spotify Subscription,Credit Card,5.31,EUR,,,,2022-07-01
Entertainment,Cinema Tickets,Cash Wallet,8.11,USD,,,,2022-07-01
Dining Out,Restaurant Le Petit,Checking Account,9.58,USD,,,,2022-07-01
Coffee,Morning Coffee,Checking Account,4.49,USD,,,,2022-07-01
Dining Out,Bistro du Coin,Credit Card,4.47,EUR,,,,2022-07-01
Shopping,Clothing Store,Cash Wallet,8.72,USD,,,,2022-07-01
Groceries,Whole Foods Market,Checking Account,11.05,USD,,,,2022-07-02
Coffee,Street Coffee,Checking Account,4.54,USD,,,,2022-07-02
Entertainment,Book Store,Checking Account,8.59,USD,,,,2022-07-02
Groceries,Neighborhood Market,Travel Card,37.50,GEL,,,,2022-07-03
,Savings Deposit,Savings Account,668.03,EUR,Cash Wallet,726.12,USD,2022-07-03
Coffee,Street Coffee,Credit Card,1.99,EUR,,,,2022-07-04
Shopping,Electronics Store,Checking Account,5.38,USD,,,,2022-07-04
Dining Out,Restaurant Le Petit,Checking Account,13.07,USD,,,,2022-07-04
Coffee,Latte To Go,Cash Wallet,4.21,USD,,,,2022-07-04
Dining Out,Coffee Shop,Travel Card,30.67,GEL,,,,2022-07-05
Coffee,Street Coffee,Cash Wallet,3.41,USD,,,,2022-07-05
Dining Out,Coffee Shop,Credit Card,10.90,EUR,,,,2022-07-05
,Transfer to Savings,Checking Account,138.40,USD,Travel Card,373.67,GEL,2022-07-06
,Transfer to Savings,Credit Card,577.21,EUR,Travel Card,1693.99,GEL,2022-07-06
Entertainment,Spotify Subscription,Checking Account,11.13,USD,,,,2022-07-07
Transport,Bus Pass,Credit Card,5.67,EUR,,,,2022-07-07
,Transfer to Savings,Checking Account,883.17,USD,Savings Account,812.52,EUR,2022-07-07
Shopping,Clothing Store,Checking Account,16.03,USD,,,,2022-07-08
Coffee,Cafe Mocha,Checking Account,3.98,USD,,,,2022-07-08
Coffee,Espresso Bar,Checking Account,4.29,USD,,,,2022-07-08
Transport,Metro Card Top-up,Credit Card,6.26,EUR,,,,2022-07-08
Coffee,Espresso Bar,Checking Account,4.84,USD,,,,2022-07-08
Groceries,Whole Foods Market,Checking Account,10.14,USD,,,,2022-07-08
Coffee,Espresso Bar,Cash Wallet,4.34,USD,,,,2022-07-09
Transport,Bus Pass,Savings Account,6.93,EUR,,,,2022-07-09
Utilities,Gas Bill,Checking Account,23.97,USD,,,,2022-07-10
Groceries,Carrefour,Cash Wallet,6.69,USD,,,,2022-07-10
Coffee,Espresso Bar,Travel Card,10.65,GEL,,,,2022-07-10
Groceries,Carrefour,Credit Card,13.25,EUR,,,,2022-07-10
Salary,Salary Deposit,,,,Checking Account,1521.67,USD,2022-07-10
,Transfer to Savings,Cash Wallet,914.14,USD,Travel Card,2468.18,GEL,2022-07-10
Groceries,Neighborhood Market,Savings Account,7.08,EUR,,,,2022-07-11
Coffee,Espresso Bar,Checking Account,2.51,USD,,,,2022-07-11
Entertainment,Concert Tickets,Checking Account,3.53,USD,,,,2022-07-11
,Credit Card Payment,Savings Account,184.33,EUR,Travel Card,540.97,GEL,2022-07-11
Transport,Train Ticket,Cash Wallet,5.60,USD,,,,2022-07-12
Healthcare,Gym Membership,Checking Account,16.23,USD,,,,2022-07-13
Shopping,Bookshop,Checking Account,12.24,USD,,,,2022-07-14
,Cash Withdrawal,Cash Wallet,368.21,USD,Checking Account,368.21,USD,2022-07-14
Transport,Metro Card Top-up,Cash Wallet,8.44,USD,,,,2022-07-16
Healthcare,Pharmacy,Credit Card,15.14,EUR,,,,2022-07-17
Transport,Train Ticket,Travel Card,11.31,GEL,,,,2022-07-17
Groceries,Aldi,Credit Card,9.98,EUR,,,,2022-07-17
Utilities,Electric Bill,Cash Wallet,19.24,USD,,,,2022-07-17
Transport,Ride Share,Cash Wallet,6.92,USD,,,,2022-07-19
Coffee,Latte To Go,Travel Card,13.02,GEL,,,,2022-07-20
Groceries,Local Green Market,Cash Wallet,6.20,USD,,,,2022-07-21
Entertainment,Spotify Subscription,Travel Card,28.41,GEL,,,,2022-07-22
Coffee,Latte To Go,Travel Card,7.46,GEL,,,,2022-07-22
Transport,Train Ticket,Credit Card,4.68,EUR,,,,2022-07-23
Coffee,Espresso Bar,Cash Wallet,3.20,USD,,,,2022-07-23
,Savings Deposit,Savings Account,1035.97,EUR,Checking Account,1126.06,USD,2022-07-23
,Transfer to Savings,Credit Card,1213.25,EUR,Checking Account,1318.75,USD,2022-07-23
Dining Out,Pizzeria Bella,Credit Card,4.60,EUR,,,,2022-07-24
Shopping,Clothing Store,Savings Account,12.20,EUR,,,,2022-07-24
Entertainment,Concert Tickets,Credit Card,7.73,EUR,,,,2022-07-25
,Cash Withdrawal,Travel Card,3885.50,GEL,Cash Wallet,1439.07,USD,2022-07-25
Healthcare,Doctor Visit,Travel Card,23.81,GEL,,,,2022-07-26
Travel,Flight Booking,Cash Wallet,59.42,USD,,,,2022-07-26
Groceries,Neighborhood Market,Checking Account,5.64,USD,,,,2022-07-26
Dining Out,Bistro du Coin,Checking Account,12.62,USD,,,,2022-07-27
Coffee,Street Coffee,Cash Wallet,2.88,USD,,,,2022-07-27
Entertainment,Spotify Subscription,Travel Card,20.60,GEL,,,,2022-07-27
Healthcare,Dental Clinic,Checking Account,6.30,USD,,,,2022-07-27
Transport,Train Ticket,Cash Wallet,6.05,USD,,,,2022-07-29
Healthcare,Optician,Savings Account,17.38,EUR,,,,2022-07-30
Coffee,Morning Coffee,Travel Card,6.36,GEL,,,,2022-07-30
Groceries,Whole Foods Market,Savings Account,10.24,EUR,,,,2022-07-31
,Cash Withdrawal,Travel Card,3583.66,GEL,Cash Wallet,1327.28,USD,2022-07-31
Coffee,Street Coffee,Cash Wallet,3.09,USD,,,,2022-08-01
,Savings Deposit,Savings Account,1233.06,EUR,Cash Wallet,1340.28,USD,2022-08-01
,Savings Deposit,Checking Account,163.22,USD,Travel Card,440.71,GEL,2022-08-01
Groceries,Neighborhood Market,Travel Card,29.70,GEL,,,,2022-08-02
Entertainment,Netflix Subscription,Cash Wallet,10.38,USD,,,,2022-08-04
,Top-up Travel Card,Savings Account,631.95,EUR,Credit Card,631.95,EUR,2022-08-07
Groceries,Local Green Market,Credit Card,7.75,EUR,,,,2022-08-08
Dining Out,Bistro du Coin,Checking Account,8.59,USD,,,,2022-08-08
Coffee,Street Coffee,Checking Account,4.35,USD,,,,2022-08-09
,Cash Withdrawal,Savings Account,97.24,EUR,Travel Card,285.37,GEL,2022-08-09
Shopping,Electronics Store,Cash Wallet,5.77,USD,,,,2022-08-10
Coffee,Espresso Bar,Cash Wallet,4.12,USD,,,,2022-08-10
Salary,Payroll Deposit,,,,Checking Account,1521.67,USD,2022-08-10
Entertainment,Cinema Tickets,Credit Card,6.15,EUR,,,,2022-08-11
Groceries,Neighborhood Market,Credit Card,12.43,EUR,,,,2022-08-11
Healthcare,Optician,Credit Card,16.06,EUR,,,,2022-08-12
Entertainment,Cinema Tickets,Credit Card,7.25,EUR,,,,2022-08-12
Entertainment,Concert Tickets,Checking Account,6.65,USD,,,,2022-08-13
Healthcare,Gym Membership,Credit Card,16.44,EUR,,,,2022-08-13
Coffee,Espresso Bar,Savings Account,2.18,EUR,,,,2022-08-14
Transport,Fuel Station,Credit Card,6.66,EUR,,,,2022-08-14
Coffee,Espresso Bar,Travel Card,10.59,GEL,,,,2022-08-14
Groceries,Carrefour,Travel Card,35.70,GEL,,,,2022-08-15
Healthcare,Optician,Cash Wallet,16.36,USD,,,,2022-08-15
Dining Out,Coffee Shop,Credit Card,7.63,EUR,,,,2022-08-16
Groceries,Lidl,Travel Card,28.65,GEL,,,,2022-08-16
Groceries,Trader Joe's,Credit Card,5.22,EUR,,,,2022-08-17
Coffee,Street Coffee,Cash Wallet,3.09,USD,,,,2022-08-17
Entertainment,Book Store,Credit Card,8.43,EUR,,,,2022-08-17
Transport,Taxi,Credit Card,6.05,EUR,,,,2022-08-19
Coffee,Cafe Mocha,Credit Card,2.20,EUR,,,,2022-08-20
Transport,Ride Share,Credit Card,7.46,EUR,,,,2022-08-20
Transport,Fuel Station,Credit Card,4.91,EUR,,,,2022-08-22
Entertainment,Netflix Subscription,Checking Account,6.83,USD,,,,2022-08-22
Shopping,Clothing Store,Checking Account,20.79,USD,,,,2022-08-22
,Savings Deposit,Checking Account,346.72,USD,Travel Card,936.15,GEL,2022-08-22
Coffee,Espresso Bar,Credit Card,4.41,EUR,,,,2022-08-23
Groceries,Local Green Market,Cash Wallet,5.64,USD,,,,2022-08-23
,Savings Deposit,Savings Account,497.12,EUR,Credit Card,497.12,EUR,2022-08-23
Entertainment,Book Store,Checking Account,3.06,USD,,,,2022-08-24
Groceries,Lidl,Cash Wallet,6.06,USD,,,,2022-08-24
Transport,Metro Card Top-up,Travel Card,11.64,GEL,,,,2022-08-24
Groceries,Neighborhood Market,Credit Card,7.55,EUR,,,,2022-08-24
Coffee,Street Coffee,Checking Account,4.50,USD,,,,2022-08-25
Coffee,Street Coffee,Checking Account,3.26,USD,,,,2022-08-25
Transport,Fuel Station,Checking Account,5.03,USD,,,,2022-08-25
Utilities,Water Utility,Cash Wallet,14.12,USD,,,,2022-08-26
Dining Out,Restaurant Le Petit,Credit Card,8.69,EUR,,,,2022-08-28
Entertainment,Concert Tickets,Checking Account,5.02,USD,,,,2022-08-28
Coffee,Espresso Bar,Checking Account,2.79,USD,,,,2022-08-28
Dining Out,Coffee Shop,Credit Card,11.43,EUR,,,,2022-08-28
Dining Out,Thai Takeaway,Checking Account,6.69,USD,,,,2022-08-29
Dining Out,Restaurant Le Petit,Cash Wallet,4.89,USD,,,,2022-08-29
Healthcare,Dental Clinic,Checking Account,15.04,USD,,,,2022-08-29
Coffee,Street Coffee,Checking Account,2.78,USD,,,,2022-08-31
Groceries,Neighborhood Market,Cash Wallet,9.22,USD,,,,2022-08-31
,Credit Card Payment,Savings Account,356.86,EUR,Credit Card,356.86,EUR,2022-08-31
Travel,Flight Booking,Cash Wallet,66.05,USD,,,,2022-09-01
Dining Out,Thai Takeaway,Checking Account,10.00,USD,,,,2022-09-01
Transport,Ride Share,Credit Card,7.44,EUR,,,,2022-09-02
Dining Out,Bistro du Coin,Checking Account,7.93,USD,,,,2022-09-02
Dining Out,Restaurant Le Petit,Cash Wallet,6.61,USD,,,,2022-09-02
Coffee,Latte To Go,Cash Wallet,3.63,USD,,,,2022-09-02
Dining Out,Sushi Bar,Cash Wallet,13.27,USD,,,,2022-09-03
Entertainment,Cinema Tickets,Credit Card,10.45,EUR,,,,2022-09-04
Groceries,Carrefour,Savings Account,13.30,EUR,,,,2022-09-04
Groceries,Lidl,Credit Card,9.59,EUR,,,,2022-09-05
,Transfer to Savings,Checking Account,923.78,USD,Savings Account,849.88,EUR,2022-09-05
Entertainment,Spotify Subscription,Credit Card,3.91,EUR,,,,2022-09-06
Groceries,Local Green Market,Credit Card,13.71,EUR,,,,2022-09-06
Transport,Ride Share,Credit Card,5.28,EUR,,,,2022-09-08
Transport,Fuel Station,Checking Account,8.67,USD,,,,2022-09-08
Utilities,Internet Provider,Checking Account,16.35,USD,,,,2022-09-08
,Credit Card Payment,Cash Wallet,268.22,USD,Credit Card,246.77,EUR,2022-09-08
Transport,Metro Card Top-up,Travel Card,18.39,GEL,,,,2022-09-09
,Credit Card Payment,Checking Account,1357.89,USD,Credit Card,1249.26,EUR,2022-09-09
Salary,Payroll Deposit,,,,Checking Account,1521.67,USD,2022-09-10
Entertainment,Cinema Tickets,Checking Account,9.05,USD,,,,2022-09-12
Coffee,Espresso Bar,Checking Account,4.21,USD,,,,2022-09-13
Coffee,Morning Coffee,Cash Wallet,3.19,USD,,,,2022-09-13
Shopping,Clothing Store,Checking Account,16.23,USD,,,,2022-09-14
Travel,Car Rental,Travel Card,283.46,GEL,,,,2022-09-15
Groceries,Lidl,Checking Account,11.29,USD,,,,2022-09-15
Coffee,Morning Coffee,Cash Wallet,2.93,USD,,,,2022-09-15
Travel,Airbnb Stay,Checking Account,82.43,USD,,,,2022-09-16
Utilities,Phone Bill,Travel Card,42.80,GEL,,,,2022-09-16
Dining Out,Pizzeria Bella,Checking Account,6.99,USD,,,,2022-09-17
Transport,Ride Share,Credit Card,6.58,EUR,,,,2022-09-17
Dining Out,Sushi Bar,Checking Account,11.36,USD,,,,2022-09-17
Groceries,Whole Foods Market,Travel Card,36.49,GEL,,,,2022-09-17
Coffee,Street Coffee,Cash Wallet,2.53,USD,,,,2022-09-18
Coffee,Street Coffee,Travel Card,12.09,GEL,,,,2022-09-18
Dining Out,Pizzeria Bella,Checking Account,6.26,USD,,,,2022-09-18
Transport,Ride Share,Cash Wallet,5.36,USD,,,,2022-09-19
Dining Out,Burger Joint,Checking Account,7.94,USD,,,,2022-09-19
Coffee,Latte To Go,Cash Wallet,4.74,USD,,,,2022-09-21
Dining Out,Restaurant Le Petit,Credit Card,3.93,EUR,,,,2022-09-21
Groceries,Neighborhood Market,Checking Account,8.87,USD,,,,2022-09-22
Shopping,Electronics Store,Credit Card,7.86,EUR,,,,2022-09-22
Transport,Taxi,Checking Account,2.97,USD,,,,2022-09-23
Groceries,Aldi,Travel Card,26.73,GEL,,,,2022-09-23
Coffee,Street Coffee,Cash Wallet,4.48,USD,,,,2022-09-23
,Credit Card Payment,Checking Account,952.33,USD,Travel Card,2571.30,GEL,2022-09-23
Entertainment,Spotify Subscription,Travel Card,12.49,GEL,,,,2022-09-24
Dining Out,Bistro du Coin,Checking Account,5.22,USD,,,,2022-09-24
Dining Out,Restaurant Le Petit,Cash Wallet,7.27,USD,,,,2022-09-24
Coffee,Latte To Go,Checking Account,2.11,USD,,,,2022-09-24
Dining Out,Bistro du Coin,Cash Wallet,7.57,USD,,,,2022-09-24
Dining Out,Thai Takeaway,Checking Account,7.95,USD,,,,2022-09-25
Groceries,Local Green Market,Credit Card,10.98,EUR,,,,2022-09-25
Healthcare,Optician,Checking Account,18.05,USD,,,,2022-09-26
Entertainment,Cinema Tickets,Checking Account,11.39,USD,,,,2022-09-26
Coffee,Morning Coffee,Cash Wallet,4.16,USD,,,,2022-09-26
Coffee,Cafe Mocha,Savings Account,2.42,EUR,,,,2022-09-26
,Transfer to Savings,Travel Card,2164.37,GEL,Checking Account,801.62,USD,2022-09-26
Dining Out,Restaurant Le Petit,Credit Card,11.40,EUR,,,,2022-09-27
Entertainment,Book Store,Cash Wallet,9.76,USD,,,,2022-09-27
Coffee,Espresso Bar,Credit Card,2.46,EUR,,,,2022-09-27
Coffee,Espresso Bar,Credit Card,2.91,EUR,,,,2022-09-27
Utilities,Internet Provider,Travel Card,81.62,GEL,,,,2022-09-28
Coffee,Espresso Bar,Cash Wallet,3.69,USD,,,,2022-09-28
Groceries,Aldi,Credit Card,8.20,EUR,,,,2022-10-01
Coffee,Morning Coffee,Cash Wallet,2.43,USD,,,,2022-10-01
Transport,Bus Pass,Checking Account,8.25,USD,,,,2022-10-02
Coffee,Street Coffee,Cash Wallet,2.62,USD,,,,2022-10-03
Travel,Flight Booking,Travel Card,121.29,GEL,,,,2022-10-03
Healthcare,Pharmacy,Credit Card,7.77,EUR,,,,2022-10-03
,Cash Withdrawal,Checking Account,395.04,USD,Travel Card,1066.62,GEL,2022-10-03
Coffee,Street Coffee,Checking Account,3.49,USD,,,,2022-10-04
Coffee,Morning Coffee,Checking Account,2.32,USD,,,,2022-10-05
Dining Out,Sushi Bar,Checking Account,13.34,USD,,,,2022-10-06
Dining Out,Restaurant Le Petit,Cash Wallet,4.90,USD,,,,2022-10-06
Dining Out,Coffee Shop,Credit Card,4.70,EUR,,,,2022-10-07
Groceries,Neighborhood Market,Credit Card,14.07,EUR,,,,2022-10-07
Coffee,Street Coffee,Savings Account,1.98,EUR,,,,2022-10-07
Coffee,Latte To Go,Travel Card,8.52,GEL,,,,2022-10-08
Transport,Ride Share,Checking Account,7.62,USD,,,,2022-10-09
Groceries,Local Green Market,Checking Account,11.12,USD,,,,2022-10-09
Entertainment,Book Store,Checking Account,11.48,USD,,,,2022-10-09
Shopping,Bookshop,Cash Wallet,6.97,USD,,,,2022-10-10
Shopping,Bookshop,Cash Wallet,11.24,USD,,,,2022-10-10
Transport,Fuel Station,Cash Wallet,6.16,USD,,,,2022-10-10
Coffee,Espresso Bar,Checking Account,4.82,USD,,,,2022-10-10
Salary,Salary Deposit,,,,Checking Account,1521.67,USD,2022-10-10
Entertainment,Cinema Tickets,Checking Account,5.77,USD,,,,2022-10-11
Groceries,Carrefour,Credit Card,6.17,EUR,,,,2022-10-12
Entertainment,Book Store,Credit Card,9.74,EUR,,,,2022-10-12
Dining Out,Burger Joint,Checking Account,4.84,USD,,,,2022-10-12
Groceries,Trader Joe's,Checking Account,13.95,USD,,,,2022-10-13
Groceries,Whole Foods Market,Cash Wallet,8.85,USD,,,,2022-10-13
,Top-up Travel Card,Cash Wallet,452.64,USD,Checking Account,452.64,USD,2022-10-13
,Savings Deposit,Credit Card,478.72,EUR,Checking Account,520.34,USD,2022-10-13
Coffee,Cafe Mocha,Credit Card,4.38,EUR,,,,2022-10-15
Groceries,Carrefour,Cash Wallet,10.14,USD,,,,2022-10-15
Coffee,Espresso Bar,Credit Card,2.74,EUR,,,,2022-10-15
Dining Out,Thai Takeaway,Cash Wallet,12.84,USD,,,,2022-10-15
Coffee,Morning Coffee,Travel Card,6.39,GEL,,,,2022-10-16
,Top-up Travel Card,Cash Wallet,1480.00,USD,Savings Account,1361.60,EUR,2022-10-16
Transport,Metro Card Top-up,Cash Wallet,2.11,USD,,,,2022-10-17
Coffee,Street Coffee,Checking Account,2.82,USD,,,,2022-10-17
Dining Out,Sushi Bar,Travel Card,31.61,GEL,,,,2022-10-18
Dining Out,Burger Joint,Savings Account,3.67,EUR,,,,2022-10-18
Coffee,Latte To Go,Cash Wallet,4.61,USD,,,,2022-10-18
Dining Out,Thai Takeaway,Cash Wallet,13.11,USD,,,,2022-10-18
Transport,Fuel Station,Checking Account,6.72,USD,,,,2022-10-19
Coffee,Cafe Mocha,Travel Card,9.51,GEL,,,,2022-10-19
Dining Out,Restaurant Le Petit,Cash Wallet,5.33,USD,,,,2022-10-19
Healthcare,Optician,Credit Card,17.26,EUR,,,,2022-10-19
Transport,Taxi,Cash Wallet,4.77,USD,,,,2022-10-19
Coffee,Espresso Bar,Cash Wallet,2.04,USD,,,,2022-10-20
Shopping,Furniture Store,Checking Account,5.13,USD,,,,2022-10-20
Dining Out,Bistro du Coin,Travel Card,29.75,GEL,,,,2022-10-20
Entertainment,Spotify Subscription,Travel Card,26.71,GEL,,,,2022-10-20
Dining Out,Coffee Shop,Checking Account,10.23,USD,,,,2022-10-21
Groceries,Lidl,Checking Account,13.63,USD,,,,2022-10-21
Groceries,Local Green Market,Credit Card,10.95,EUR,,,,2022-10-21
Transport,Metro Card Top-up,Credit Card,2.47,EUR,,,,2022-10-24
Entertainment,Netflix Subscription,Credit Card,6.73,EUR,,,,2022-10-27
Healthcare,Optician,Credit Card,4.87,EUR,,,,2022-10-27
Groceries,Lidl,Checking Account,13.25,USD,,,,2022-10-27
Transport,Ride Share,Cash Wallet,8.34,USD,,,,2022-10-27
Entertainment,Concert Tickets,Cash Wallet,8.30,USD,,,,2022-10-27
Dining Out,Burger Joint,Credit Card,12.00,EUR,,,,2022-10-28
Transport,Ride Share,Checking Account,5.54,USD,,,,2022-10-28
Shopping,Bookshop,Cash Wallet,23.16,USD,,,,2022-10-29
Shopping,Electronics Store,Credit Card,5.68,EUR,,,,2022-10-29
Healthcare,Dental Clinic,Checking Account,16.11,USD,,,,2022-10-29
,Cash Withdrawal,Savings Account,1225.17,EUR,Cash Wallet,1331.71,USD,2022-10-29
Groceries,Lidl,Checking Account,12.01,USD,,,,2022-10-30
Coffee,Latte To Go,Checking Account,4.53,USD,,,,2022-10-30
Transport,Ride Share,Cash Wallet,4.06,USD,,,,2022-10-31
Dining Out,Burger Joint,Checking Account,6.29,USD,,,,2022-10-31
,Transfer to Savings,Cash Wallet,630.09,USD,Travel Card,1701.25,GEL,2022-10-31
Coffee,Latte To Go,Checking Account,4.77,USD,,,,2022-11-01
Groceries,Local Green Market,Cash Wallet,14.81,USD,,,,2022-11-01
Dining Out,Pizzeria Bella,Cash Wallet,7.78,USD,,,,2022-11-01
Dining Out,Sushi Bar,Cash Wallet,9.50,USD,,,,2022-11-02
Coffee,Morning Coffee,Cash Wallet,2.97,USD,,,,2022-11-02
Dining Out,Coffee Shop,Credit Card,4.54,EUR,,,,2022-11-03
Dining Out,Restaurant Le Petit,Travel Card,14.81,GEL,,,,2022-11-04
Coffee,Espresso Bar,Checking Account,2.53,USD,,,,2022-11-04
Utilities,Phone Bill,Travel Card,50.43,GEL,,,,2022-11-04
Healthcare,Gym Membership,Cash Wallet,16.75,USD,,,,2022-11-04
Transport,Train Ticket,Checking Account,3.01,USD,,,,2022-11-05
Coffee,Street Coffee,Cash Wallet,3.39,USD,,,,2022-11-06
Dining Out,Coffee Shop,Checking Account,9.54,USD,,,,2022-11-06
Groceries,Carrefour,Credit Card,13.53,EUR,,,,2022-11-06
Groceries,Carrefour,Checking Account,11.29,USD,,,,2022-11-06
Dining Out,Thai Takeaway,Checking Account,4.24,USD,,,,2022-11-07
Entertainment,Spotify Subscription,Credit Card,4.57,EUR,,,,2022-11-07
,Credit Card Payment,Travel Card,3080.50,GEL,Credit Card,1049.65,EUR,2022-11-07
,Top-up Travel Card,Travel Card,2764.07,GEL,Credit Card,941.83,EUR,2022-11-07
Coffee,Cafe Mocha,Checking Account,3.12,USD,,,,2022-11-08
Coffee,Morning Coffee,Credit Card,1.89,EUR,,,,2022-11-08
Utilities,Water Utility,Cash Wallet,26.52,USD,,,,2022-11-09
Groceries,Lidl,Checking Account,6.08,USD,,,,2022-11-10
Salary,Payroll Deposit,,,,Checking Account,1521.67,USD,2022-11-10
Coffee,Cafe Mocha,Checking Account,2.49,USD,,,,2022-11-11
Coffee,Morning Coffee,Cash Wallet,4.02,USD,,,,2022-11-11
Dining Out,Coffee Shop,Checking Account,11.66,USD,,,,2022-11-12
Transport,Metro Card Top-up,Credit Card,3.48,EUR,,,,2022-11-12
Dining Out,Pizzeria Bella,Cash Wallet,10.83,USD,,,,2022-11-12
Coffee,Cafe Mocha,Checking Account,3.65,USD,,,,2022-11-12
Coffee,Morning Coffee,Checking Account,4.50,USD,,,,2022-11-12
Entertainment,Spotify Subscription,Travel Card,11.82,GEL,,,,2022-11-14
Coffee,Morning Coffee,Credit Card,4.22,EUR,,,,2022-11-14
Groceries,Trader Joe's,Checking Account,14.95,USD,,,,2022-11-15
Transport,Ride Share,Credit Card,4.42,EUR,,,,2022-11-15
Utilities,Water Utility,Cash Wallet,30.72,USD,,,,2022-11-16
Groceries,Local Green Market,Checking Account,14.90,USD,,,,2022-11-16
Coffee,Street Coffee,Credit Card,2.28,EUR,,,,2022-11-16
Groceries,Neighborhood Market,Checking Account,8.29,USD,,,,2022-11-16
Healthcare,Optician,Credit Card,17.81,EUR,,,,2022-11-16
Coffee,Morning Coffee,Credit Card,3.75,EUR,,,,2022-11-17
Entertainment,Netflix Subscription,Credit Card,3.01,EUR,,,,2022-11-17
Dining Out,Coffee Shop,Checking Account,6.15,USD,,,,2022-11-17
Shopping,Bookshop,Credit Card,12.91,EUR,,,,2022-11-18
Coffee,Street Coffee,Checking Account,2.47,USD,,,,2022-11-19
,Credit Card Payment,Checking Account,1198.85,USD,Travel Card,3236.90,GEL,2022-11-19
Coffee,Espresso Bar,Cash Wallet,3.14,USD,,,,2022-11-20
Shopping,Furniture Store,Cash Wallet,13.84,USD,,,,2022-11-21
Travel,Hotel Stay,Credit Card,23.24,EUR,,,,2022-11-22
Groceries,Whole Foods Market,Credit Card,12.12,EUR,,,,2022-11-22
Coffee,Street Coffee,Credit Card,2.29,EUR,,,,2022-11-22
Dining Out,Pizzeria Bella,Cash Wallet,9.47,USD,,,,2022-11-23
Healthcare,Optician,Credit Card,4.53,EUR,,,,2022-11-23
Dining Out,Burger Joint,Credit Card,10.12,EUR,,,,2022-11-23
Groceries,Neighborhood Market,Credit Card,7.63,EUR,,,,2022-11-23
Groceries,Trader Joe's,Travel Card,41.82,GEL,,,,2022-11-24
Coffee,Morning Coffee,Cash Wallet,2.27,USD,,,,2022-11-25
Transport,Train Ticket,Checking Account,6.11,USD,,,,2022-11-25
Entertainment,Steam Game,Checking Account,8.78,USD,,,,2022-11-25
Coffee,Morning Coffee,Cash Wallet,2.29,USD,,,,2022-11-26
Dining Out,Burger Joint,Savings Account,7.49,EUR,,,,2022-11-26
Transport,Fuel Station,Checking Account,5.25,USD,,,,2022-11-27
Groceries,Lidl,Savings Account,8.50,EUR,,,,2022-11-27
,Savings Deposit,Credit Card,402.84,EUR,Checking Account,437.87,USD,2022-11-27
Dining Out,Thai Takeaway,Checking Account,12.11,USD,,,,2022-11-29
,Cash Withdrawal,Savings Account,914.77,EUR,Cash Wallet,994.31,USD,2022-11-29
,Transfer to Savings,Credit Card,1347.89,EUR,Cash Wallet,1465.10,USD,2022-11-29
Entertainment,Steam Game,Checking Account,5.31,USD,,,,2022-11-30
Dining Out,Pizzeria Bella,Cash Wallet,13.11,USD,,,,2022-11-30
Shopping,Bookshop,Travel Card,30.62,GEL,,,,2022-12-01
Coffee,Espresso Bar,Credit Card,3.17,EUR,,,,2022-12-02
Travel,Travel Insurance,Credit Card,34.19,EUR,,,,2022-12-04
Entertainment,Netflix Subscription,Checking Account,8.71,USD,,,,2022-12-04
Coffee,Cafe Mocha,Cash Wallet,3.78,USD,,,,2022-12-04
Groceries,Whole Foods Market,Credit Card,13.47,EUR,,,,2022-12-05
Entertainment,Concert Tickets,Credit Card,9.72,EUR,,,,2022-12-05
Groceries,Neighborhood Market,Cash Wallet,13.04,USD,,,,2022-12-06
Dining Out,Burger Joint,Checking Account,9.34,USD,,,,2022-12-06
Transport,Metro Card Top-up,Checking Account,5.75,USD,,,,2022-12-07
Entertainment,Concert Tickets,Credit Card,9.79,EUR,,,,2022-12-07
Dining Out,Sushi Bar,Credit Card,9.70,EUR,,,,2022-12-08
Transport,Ride Share,Cash Wallet,3.07,USD,,,,2022-12-08
Coffee,Espresso Bar,Credit Card,2.03,EUR,,,,2022-12-08
,Transfer to Savings,Cash Wallet,1239.53,USD,Savings Account,1140.37,EUR,2022-12-08
Transport,Ride Share,Credit Card,3.83,EUR,,,,2022-12-09
Healthcare,Gym Membership,Cash Wallet,10.73,USD,,,,2022-12-09
Groceries,Whole Foods Market,Cash Wallet,12.52,USD,,,,2022-12-10
Groceries,Local Green Market,Cash Wallet,8.21,USD,,,,2022-12-10
Dining Out,Thai Takeaway,Checking Account,5.42,USD,,,,2022-12-10
Salary,Salary Deposit,,,,Checking Account,1521.67,USD,2022-12-10
Dining Out,Bistro du Coin,Savings Account,12.13,EUR,,,,2022-12-11
Dining Out,Restaurant Le Petit,Checking Account,12.74,USD,,,,2022-12-12
Coffee,Morning Coffee,Checking Account,3.53,USD,,,,2022-12-12
,Savings Deposit,Cash Wallet,324.28,USD,Travel Card,875.54,GEL,2022-12-12
Shopping,Amazon Order,Cash Wallet,7.77,USD,,,,2022-12-13
Healthcare,Optician,Cash Wallet,6.45,USD,,,,2022-12-13
Coffee,Cafe Mocha,Cash Wallet,3.01,USD,,,,2022-12-13
Entertainment,Concert Tickets,Cash Wallet,7.86,USD,,,,2022-12-15
Dining Out,Bistro du Coin,Checking Account,4.01,USD,,,,2022-12-15
Entertainment,Netflix Subscription,Cash Wallet,7.07,USD,,,,2022-12-15
,Top-up Travel Card,Credit Card,1359.63,EUR,Checking Account,1477.86,USD,2022-12-15
Coffee,Cafe Mocha,Credit Card,2.99,EUR,,,,2022-12-16
Shopping,Amazon Order,Checking Account,10.73,USD,,,,2022-12-16
,Cash Withdrawal,Savings Account,140.46,EUR,Travel Card,412.21,GEL,2022-12-16
Coffee,Latte To Go,Checking Account,2.68,USD,,,,2022-12-17
Groceries,Neighborhood Market,Credit Card,9.80,EUR,,,,2022-12-17
Transport,Bus Pass,Cash Wallet,2.17,USD,,,,2022-12-17
,Cash Withdrawal,Cash Wallet,604.47,USD,Travel Card,1632.07,GEL,2022-12-17
Coffee,Latte To Go,Cash Wallet,3.02,USD,,,,2022-12-18
Transport,Taxi,Cash Wallet,3.08,USD,,,,2022-12-18
Groceries,Carrefour,Cash Wallet,12.78,USD,,,,2022-12-19
Transport,Train Ticket,Checking Account,6.52,USD,,,,2022-12-19
Dining Out,Pizzeria Bella,Checking Account,11.22,USD,,,,2022-12-20
Entertainment,Netflix Subscription,Checking Account,5.57,USD,,,,2022-12-21
Groceries,Carrefour,Checking Account,6.17,USD,,,,2022-12-22
Groceries,Lidl,Credit Card,4.66,EUR,,,,2022-12-23
Coffee,Espresso Bar,Credit Card,4.40,EUR,,,,2022-12-24
Dining Out,Thai Takeaway,Cash Wallet,6.60,USD,,,,2022-12-24
Groceries,Neighborhood Market,Checking Account,8.45,USD,,,,2022-12-25
Transport,Metro Card Top-up,Cash Wallet,3.51,USD,,,,2022-12-27
Shopping,Bookshop,Savings Account,8.15,EUR,,,,2022-12-27
Coffee,Latte To Go,Checking Account,2.19,USD,,,,2022-12-27
Coffee,Street Coffee,Credit Card,2.65,EUR,,,,2022-12-28
Transport,Fuel Station,Credit Card,1.84,EUR,,,,2022-12-29
Groceries,Lidl,Checking Account,13.18,USD,,,,2022-12-29
Entertainment,Netflix Subscription,Checking Account,8.20,USD,,,,2022-12-29
Groceries,Aldi,Credit Card,6.02,EUR,,,,2022-12-29
Coffee,Morning Coffee,Cash Wallet,3.75,USD,,,,2022-12-30
Transport,Taxi,Cash Wallet,5.69,USD,,,,2022-12-30
Groceries,Neighborhood Market,Checking Account,10.45,USD,,,,2022-12-30
Dining Out,Restaurant Le Petit,Credit Card,6.84,EUR,,,,2022-12-30
Coffee,Latte To Go,Cash Wallet,2.53,USD,,,,2022-12-31
Dining Out,Sushi Bar,Cash Wallet,12.91,USD,,,,2022-12-31
Transport,Fuel Station,Credit Card,3.79,EUR,,,,2022-12-31
Transport,Taxi,Checking Account,6.73,USD,,,,2022-12-31
Transport,Train Ticket,Credit Card,3.35,EUR,,,,2022-12-31
Dining Out,Burger Joint,Savings Account,6.34,EUR,,,,2023-01-01
Dining Out,Burger Joint,Cash Wallet,4.02,USD,,,,2023-01-01
Coffee,Street Coffee,Checking Account,2.70,USD,,,,2023-01-02
Transport,Train Ticket,Checking Account,4.95,USD,,,,2023-01-02
,Top-up Travel Card,Checking Account,139.32,USD,Cash Wallet,139.32,USD,2023-01-02
,Top-up Travel Card,Cash Wallet,1417.35,USD,Checking Account,1417.35,USD,2023-01-02
Entertainment,Netflix Subscription,Savings Account,4.20,EUR,,,,2023-01-03
Utilities,Gas Bill,Checking Account,23.26,USD,,,,2023-01-04
Entertainment,Spotify Subscription,Checking Account,11.40,USD,,,,2023-01-04
Transport,Train Ticket,Checking Account,6.25,USD,,,,2023-01-04
Dining Out,Coffee Shop,Checking Account,10.42,USD,,,,2023-01-05
Coffee,Espresso Bar,Checking Account,2.70,USD,,,,2023-01-05
Transport,Ride Share,Credit Card,2.83,EUR,,,,2023-01-05
,Transfer to Savings,Cash Wallet,548.39,USD,Checking Account,548.39,USD,2023-01-05
Coffee,Street Coffee,Credit Card,4.18,EUR,,,,2023-01-06
Groceries,Trader Joe's,Travel Card,40.01,GEL,,,,2023-01-06
,Credit Card Payment,Savings Account,1071.15,EUR,Cash Wallet,1164.30,USD,2023-01-06
Coffee,Cafe Mocha,Credit Card,1.91,EUR,,,,2023-01-08
Groceries,Carrefour,Checking Account,6.21,USD,,,,2023-01-08
Shopping,Electronics Store,Credit Card,8.14,EUR,,,,2023-01-09
Groceries,Carrefour,Cash Wallet,12.85,USD,,,,2023-01-09
,Cash Withdrawal,Travel Card,3535.94,GEL,Checking Account,1309.61,USD,2023-01-09
,Savings Deposit,Cash Wallet,431.16,USD,Credit Card,396.67,EUR,2023-01-09
Coffee,Morning Coffee,Cash Wallet,4.29,USD,,,,2023-01-10
Transport,Ride Share,Checking Account,7.30,USD,,,,2023-01-10
Groceries,Whole Foods Market,Checking Account,6.59,USD,,,,2023-01-10
Entertainment,Spotify Subscription,Cash Wallet,8.21,USD,,,,2023-01-10
Dining Out,Thai Takeaway,Credit Card,12.22,EUR,,,,2023-01-10
Salary,Salary Deposit,,,,Checking Account,1521.67,USD,2023-01-10
,Transfer to Savings,Travel Card,2482.35,GEL,Cash Wallet,919.39,USD,2023-01-10
,Transfer to Savings,Credit Card,1282.04,EUR,Savings Account,1282.04,EUR,2023-01-10
Coffee,Cafe Mocha,Checking Account,3.91,USD,,,,2023-01-11
Dining Out,Bistro du Coin,Checking Account,7.28,USD,,,,2023-01-12
Dining Out,Burger Joint,Checking Account,4.42,USD,,,,2023-01-12
Dining Out,Coffee Shop,Cash Wallet,4.48,USD,,,,2023-01-13
Transport,Metro Card Top-up,Travel Card,18.23,GEL,,,,2023-01-13
Coffee,Latte To Go,Credit Card,2.36,EUR,,,,2023-01-14
Entertainment,Cinema Tickets,Travel Card,9.44,GEL,,,,2023-01-14
,Savings Deposit,Travel Card,914.53,GEL,Credit Card,311.62,EUR,2023-01-14
Dining Out,Coffee Shop,Savings Account,11.45,EUR,,,,2023-01-15
Dining Out,Bistro du Coin,Credit Card,9.55,EUR,,,,2023-01-16
,Cash Withdrawal,Travel Card,1507.74,GEL,Credit Card,513.75,EUR,2023-01-16
,Top-up Travel Card,Savings Account,874.41,EUR,Checking Account,950.45,USD,2023-01-17
Shopping,Bookshop,Credit Card,10.23,EUR,,,,2023-01-18
,Credit Card Payment,Cash Wallet,1301.07,USD,Checking Account,1301.07,USD,2023-01-18
Entertainment,Cinema Tickets,Cash Wallet,9.70,USD,,,,2023-01-19
Entertainment,Netflix Subscription,Checking Account,3.57,USD,,,,2023-01-20
Coffee,Latte To Go,Travel Card,9.41,GEL,,,,2023-01-20
Shopping,Electronics Store,Credit Card,5.32,EUR,,,,2023-01-20
Coffee,Morning Coffee,Checking Account,2.58,USD,,,,2023-01-21
Entertainment,Book Store,Credit Card,4.29,EUR,,,,2023-01-24
Shopping,Electronics Store,Cash Wallet,12.75,USD,,,,2023-01-24
Utilities,Water Utility,Cash Wallet,21.01,USD,,,,2023-01-24
Utilities,Internet Provider,Credit Card,26.17,EUR,,,,2023-01-24
Coffee,Latte To Go,Credit Card,4.00,EUR,,,,2023-01-24
Coffee,Espresso Bar,Checking Account,3.59,USD,,,,2023-01-25
Coffee,Latte To Go,Cash Wallet,4.46,USD,,,,2023-01-25
Coffee,Street Coffee,Credit Card,2.37,EUR,,,,2023-01-25
Groceries,Neighborhood Market,Checking Account,10.59,USD,,,,2023-01-25
,Top-up Travel Card,Travel Card,3635.38,GEL,Savings Account,1238.72,EUR,2023-01-25
Utilities,Gas Bill,Checking Account,10.18,USD,,,,2023-01-26
Groceries,Lidl,Credit Card,6.63,EUR,,,,2023-01-26
Dining Out,Sushi Bar,Cash Wallet,5.25,USD,,,,2023-01-26
Transport,Metro Card Top-up,Travel Card,18.45,GEL,,,,2023-01-28
,Savings Deposit,Travel Card,692.22,GEL,Cash Wallet,256.38,USD,2023-01-28
Coffee,Cafe Mocha,Cash Wallet,4.24,USD,,,,2023-01-29
Transport,Train Ticket,Travel Card,16.87,GEL,,,,2023-01-31
Groceries,Whole Foods Market,Cash Wallet,15.16,USD,,,,2023-01-31
Coffee,Morning Coffee,Credit Card,3.78,EUR,,,,2023-01-31
Coffee,Street Coffee,Checking Account,4.03,USD,,,,2023-02-01
Coffee,Latte To Go,Cash Wallet,4.33,USD,,,,2023-02-01
Transport,Fuel Station,Cash Wallet,3.30,USD,,,,2023-02-03
Coffee,Morning Coffee,Credit Card,3.90,EUR,,,,2023-02-04
Groceries,Aldi,Credit Card,8.55,EUR,,,,2023-02-04
Shopping,Electronics Store,Savings Account,6.19,EUR,,,,2023-02-05
,Transfer to Savings,Travel Card,1345.65,GEL,Cash Wallet,498.39,USD,2023-02-05
,Top-up Travel Card,Credit Card,146.57,EUR,Checking Account,159.31,USD,2023-02-06
Transport,Ride Share,Cash Wallet,7.49,USD,,,,2023-02-07
Coffee,Latte To Go,Credit Card,2.19,EUR,,,,2023-02-08
,Transfer to Savings,Cash Wallet,1283.74,USD,Credit Card,1181.04,EUR,2023-02-08
,Savings Deposit,Cash Wallet,1339.55,USD,Travel Card,3616.78,GEL,2023-02-09
Salary,Salary Deposit,,,,Checking Account,1521.67,USD,2023-02-10
Groceries,Local Green Market,Cash Wallet,9.50,USD,,,,2023-02-11
Transport,Taxi,Cash Wallet,8.44,USD,,,,2023-02-11
Coffee,Cafe Mocha,Checking Account,3.29,USD,,,,2023-02-11
Coffee,Cafe Mocha,Cash Wallet,3.47,USD,,,,2023-02-11
Groceries,Neighborhood Market,Cash Wallet,5.48,USD,,,,2023-02-11
Entertainment,Cinema Tickets,Credit Card,5.69,EUR,,,,2023-02-12
Travel,Hotel Stay,Credit Card,59.21,EUR,,,,2023-02-12
,Credit Card Payment,Travel Card,3622.02,GEL,Credit Card,1234.17,EUR,2023-02-12
Transport,Ride Share,Travel Card,6.30,GEL,,,,2023-02-13
Dining Out,Coffee Shop,Checking Account,8.04,USD,,,,2023-02-13
Groceries,Neighborhood Market,Credit Card,5.18,EUR,,,,2023-02-15
Transport,Taxi,Travel Card,15.97,GEL,,,,2023-02-15
,Credit Card Payment,Cash Wallet,624.59,USD,Travel Card,1686.38,GEL,2023-02-15
Shopping,Electronics Store,Travel Card,29.75,GEL,,,,2023-02-16
,Transfer to Savings,Credit Card,149.64,EUR,Savings Account,149.64,EUR,2023-02-16
Transport,Bus Pass,Cash Wallet,2.24,USD,,,,2023-02-17
,Transfer to Savings,Travel Card,1160.27,GEL,Checking Account,429.73,USD,2023-02-17
Transport,Train Ticket,Checking Account,4.06,USD,,,,2023-02-18
Coffee,Cafe Mocha,Checking Account,2.69,USD,,,,2023-02-18
Coffee,Cafe Mocha,Checking Account,4.56,USD,,,,2023-02-19
Utilities,Water Utility,Checking Account,29.01,USD,,,,2023-02-19
Coffee,Latte To Go,Cash Wallet,3.47,USD,,,,2023-02-19
Transport,Bus Pass,Credit Card,5.17,EUR,,,,2023-02-19
Coffee,Latte To Go,Credit Card,4.38,EUR,,,,2023-02-20
Dining Out,Restaurant Le Petit,Cash Wallet,6.38,USD,,,,2023-02-20
Groceries,Lidl,Cash Wallet,8.47,USD,,,,2023-02-20
Groceries,Neighborhood Market,Checking Account,8.74,USD,,,,2023-02-20
Dining Out,Burger Joint,Credit Card,11.43,EUR,,,,2023-02-21
Dining Out,Sushi Bar,Cash Wallet,11.99,USD,,,,2023-02-21
Groceries,Carrefour,Credit Card,10.94,EUR,,,,2023-02-21
,Cash Withdrawal,Checking Account,135.77,USD,Travel Card,366.57,GEL,2023-02-21
,Cash Withdrawal,Checking Account,646.67,USD,Savings Account,594.93,EUR,2023-02-23
Transport,Taxi,Cash Wallet,6.49,USD,,,,2023-02-24
Transport,Bus Pass,Travel Card,11.82,GEL,,,,2023-02-24
Coffee,Espresso Bar,Credit Card,2.05,EUR,,,,2023-02-25
Groceries,Lidl,Credit Card,11.98,EUR,,,,2023-02-26
Groceries,Whole Foods Market,Checking Account,6.53,USD,,,,2023-02-26
Groceries,Neighborhood Market,Cash Wallet,6.98,USD,,,,2023-02-26
Dining Out,Sushi Bar,Credit Card,11.03,EUR,,,,2023-02-27
Shopping,Amazon Order,Travel Card,19.17,GEL,,,,2023-02-27
Coffee,Cafe Mocha,Credit Card,4.38,EUR,,,,2023-02-27
,Transfer to Savings,Travel Card,3395.14,GEL,Savings Account,1156.86,EUR,2023-02-27
Coffee,Latte To Go,Checking Account,4.48,USD,,,,2023-02-28
Dining Out,Pizzeria Bella,Checking Account,8.36,USD,,,,2023-02-28
Entertainment,Spotify Subscription,Travel Card,21.63,GEL,,,,2023-02-28
Coffee,Morning Coffee,Checking Account,4.44,USD,,,,2023-03-01
,Credit Card Payment,Savings Account,465.77,EUR,Cash Wallet,506.27,USD,2023-03-01
Utilities,Phone Bill,Cash Wallet,33.37,USD,,,,2023-03-02
Utilities,Gas Bill,Cash Wallet,27.45,USD,,,,2023-03-03
Coffee,Latte To Go,Savings Account,2.68,EUR,,,,2023-03-03
Coffee,Street Coffee,Cash Wallet,3.55,USD,,,,2023-03-03
Shopping,Furniture Store,Credit Card,22.25,EUR,,,,2023-03-04
Transport,Train Ticket,Checking Account,7.77,USD,,,,2023-03-04
,Cash Withdrawal,Travel Card,1467.01,GEL,Credit Card,499.87,EUR,2023-03-04
Entertainment,Netflix Subscription,Credit Card,4.06,EUR,,,,2023-03-05
Entertainment,Concert Tickets,Checking Account,5.32,USD,,,,2023-03-06
Transport,Bus Pass,Cash Wallet,2.87,USD,,,,2023-03-07
,Transfer to Savings,Travel Card,727.43,GEL,Credit Card,247.86,EUR,2023-03-07
Entertainment,Cinema Tickets,Cash Wallet,9.36,USD,,,,2023-03-08
Coffee,Latte To Go,Travel Card,5.54,GEL,,,,2023-03-08
Dining Out,Restaurant Le Petit,Cash Wallet,10.84,USD,,,,2023-03-08
Dining Out,Burger Joint,Checking Account,4.82,USD,,,,2023-03-09
Groceries,Carrefour,Checking Account,14.86,USD,,,,2023-03-09
Coffee,Street Coffee,Travel Card,11.38,GEL,,,,2023-03-09
Salary,Payroll Deposit,,,,Checking Account,1521.67,USD,2023-03-10
Groceries,Local Green Market,Cash Wallet,12.20,USD,,,,2023-03-11
Groceries,Trader Joe's,Cash Wallet,10.38,USD,,,,2023-03-11
Entertainment,Netflix Subscription,Cash Wallet,6.74,USD,,,,2023-03-11
Coffee,Cafe Mocha,Checking Account,2.26,USD,,,,2023-03-12
Transport,Metro Card Top-up,Checking Account,6.58,USD,,,,2023-03-14
Coffee,Cafe Mocha,Travel Card,9.71,GEL,,,,2023-03-15
Transport,Metro Card Top-up,Cash Wallet,5.98,USD,,,,2023-03-15
Shopping,Bookshop,Cash Wallet,13.74,USD,,,,2023-03-16
Dining Out,Thai Takeaway,Checking Account,11.53,USD,,,,2023-03-17
Groceries,Trader Joe's,Credit Card,9.41,EUR,,,,2023-03-18
Groceries,Aldi,Cash Wallet,5.34,USD,,,,2023-03-19
Groceries,Whole Foods Market,Cash Wallet,8.63,USD,,,,2023-03-19
Groceries,Carrefour,Checking Account,15.03,USD,,,,2023-03-19
Transport,Bus Pass,Cash Wallet,6.43,USD,,,,2023-03-20
Utilities,Electric Bill,Checking Account,19.54,USD,,,,2023-03-21
Entertainment,Cinema Tickets,Credit Card,10.26,EUR,,,,2023-03-21
Groceries,Neighborhood Market,Credit Card,9.80,EUR,,,,2023-03-22
Utilities,Gas Bill,Savings Account,28.17,EUR,,,,2023-03-22
Transport,Fuel Station,Checking Account,2.46,USD,,,,2023-03-22
Groceries,Neighborhood Market,Savings Account,7.02,EUR,,,,2023-03-22
Transport,Train Ticket,Credit Card,4.17,EUR,,,,2023-03-22
Dining Out,Restaurant Le Petit,Checking Account,4.22,USD,,,,2023-03-22
Travel,Hotel Stay,Cash Wallet,109.71,USD,,,,2023-03-22
,Savings Deposit,Cash Wallet,1300.98,USD,Checking Account,1300.98,USD,2023-03-22
Dining Out,Coffee Shop,Credit Card,10.59,EUR,,,,2023-03-23
Groceries,Lidl,Cash Wallet,6.50,USD,,,,2023-03-23
Dining Out,Restaurant Le Petit,Cash Wallet,10.27,USD,,,,2023-03-24
Entertainment,Steam Game,Credit Card,6.78,EUR,,,,2023-03-25
,Transfer to Savings,Cash Wallet,754.15,USD,Savings Account,693.81,EUR,2023-03-25
,Cash Withdrawal,Savings Account,1361.40,EUR,Credit Card,1361.40,EUR,2023-03-25
Groceries,Lidl,Checking Account,7.26,USD,,,,2023-03-26
,Cash Withdrawal,Checking Account,982.79,USD,Savings Account,904.16,EUR,2023-03-26
Transport,Train Ticket,Credit Card,5.70,EUR,,,,2023-03-27
Transport,Bus Pass,Travel Card,18.60,GEL,,,,2023-03-27
Coffee,Latte To Go,Checking Account,3.11,USD,,,,2023-03-27
Groceries,Neighborhood Market,Checking Account,6.51,USD,,,,2023-03-28
Transport,Metro Card Top-up,Checking Account,8.45,USD,,,,2023-03-29
Groceries,Local Green Market,Checking Account,12.86,USD,,,,2023-03-29
Dining Out,Bistro du Coin,Checking Account,11.73,USD,,,,2023-03-30
Entertainment,Spotify Subscription,Travel Card,19.22,GEL,,,,2023-03-30
Dining Out,Pizzeria Bella,Cash Wallet,4.47,USD,,,,2023-03-30
Groceries,Trader Joe's,Cash Wallet,6.13,USD,,,,2023-03-30
Dining Out,Bistro du Coin,Checking Account,12.19,USD,,,,2023-03-30
,Top-up Travel Card,Credit Card,121.13,EUR,Checking Account,131.67,USD,2023-03-30
Shopping,Clothing Store,Cash Wallet,16.53,USD,,,,2023-03-31
,Cash Withdrawal,Savings Account,1010.14,EUR,Credit Card,1010.14,EUR,2023-03-31
Utilities,Phone Bill,Travel Card,45.48,GEL,,,,2023-04-01
Dining Out,Restaurant Le Petit,Cash Wallet,9.65,USD,,,,2023-04-01
Transport,Bus Pass,Credit Card,4.65,EUR,,,,2023-04-01
Dining Out,Burger Joint,Cash Wallet,9.21,USD,,,,2023-04-01
Groceries,Aldi,Savings Account,12.13,EUR,,,,2023-04-01
Travel,Airbnb Stay,Savings Account,48.71,EUR,,,,2023-04-01
Coffee,Latte To Go,Cash Wallet,3.38,USD,,,,2023-04-02
Groceries,Aldi,Cash Wallet,10.43,USD,,,,2023-04-02
Groceries,Whole Foods Market,Checking Account,12.68,USD,,,,2023-04-02
Coffee,Espresso Bar,Checking Account,3.07,USD,,,,2023-04-03
Groceries,Carrefour,Credit Card,6.82,EUR,,,,2023-04-04
Dining Out,Bistro du Coin,Checking Account,13.33,USD,,,,2023-04-04
Groceries,Aldi,Credit Card,11.36,EUR,,,,2023-04-04
Dining Out,Restaurant Le Petit,Cash Wallet,6.77,USD,,,,2023-04-05
Entertainment,Steam Game,Cash Wallet,10.61,USD,,,,2023-04-05
Transport,Fuel Station,Cash Wallet,7.58,USD,,,,2023-04-08
Transport,Train Ticket,Checking Account,7.00,USD,,,,2023-04-08
Entertainment,Steam Game,Checking Account,3.86,USD,,,,2023-04-09
Entertainment,Cinema Tickets,Savings Account,4.40,EUR,,,,2023-04-09
Dining Out,Restaurant Le Petit,Checking Account,5.48,USD,,,,2023-04-09
Dining Out,Thai Takeaway,Credit Card,9.90,EUR,,,,2023-04-10
Entertainment,Cinema Tickets,Checking Account,6.93,USD,,,,2023-04-10
Coffee,Cafe Mocha,Travel Card,5.67,GEL,,,,2023-04-10
Salary,Salary Deposit,,,,Checking Account,1521.67,USD,2023-04-10
Groceries,Whole Foods Market,Cash Wallet,10.09,USD,,,,2023-04-12
Dining Out,Burger Joint,Checking Account,11.09,USD,,,,2023-04-13
Transport,Fuel Station,Credit Card,6.30,EUR,,,,2023-04-14
Coffee,Cafe Mocha,Checking Account,4.18,USD,,,,2023-04-14
Coffee,Cafe Mocha,Travel Card,5.35,GEL,,,,2023-04-14
Transport,Metro Card Top-up,Travel Card,18.28,GEL,,,,2023-04-15
Groceries,Trader Joe's,Checking Account,6.62,USD,,,,2023-04-15
Groceries,Trader Joe's,Cash Wallet,9.54,USD,,,,2023-04-15
Transport,Train Ticket,Cash Wallet,4.88,USD,,,,2023-04-15
Entertainment,Spotify Subscription,Credit Card,6.17,EUR,,,,2023-04-16
Coffee,Cafe Mocha,Credit Card,2.52,EUR,,,,2023-04-17
Groceries,Aldi,Credit Card,8.01,EUR,,,,2023-04-17
Groceries,Trader Joe's,Travel Card,41.79,GEL,,,,2023-04-18
Coffee,Cafe Mocha,Cash Wallet,3.55,USD,,,,2023-04-18
Groceries,Whole Foods Market,Credit Card,11.29,EUR,,,,2023-04-18
,Credit Card Payment,Checking Account,909.89,USD,Credit Card,837.10,EUR,2023-04-18
Coffee,Cafe Mocha,Cash Wallet,4.30,USD,,,,2023-04-19
Groceries,Aldi,Credit Card,5.84,EUR,,,,2023-04-20
Dining Out,Restaurant Le Petit,Checking Account,12.96,USD,,,,2023-04-20
Transport,Fuel Station,Cash Wallet,2.84,USD,,,,2023-04-21
Dining Out,Bistro du Coin,Checking Account,13.34,USD,,,,2023-04-21
Groceries,Neighborhood Market,Cash Wallet,14.87,USD,,,,2023-04-22
Entertainment,Steam Game,Credit Card,5.37,EUR,,,,2023-04-23
Transport,Bus Pass,Travel Card,6.25,GEL,,,,2023-04-23
Shopping,Amazon Order,Checking Account,10.50,USD,,,,2023-04-23
Coffee,Cafe Mocha,Checking Account,4.14,USD,,,,2023-04-23
Coffee,Street Coffee,Cash Wallet,4.55,USD,,,,2023-04-23
Coffee,Latte To Go,Cash Wallet,2.75,USD,,,,2023-04-25
Coffee,Morning Coffee,Checking Account,2.07,USD,,,,2023-04-25
Dining Out,Thai Takeaway,Checking Account,4.23,USD,,,,2023-04-25
Entertainment,Cinema Tickets,Credit Card,4.68,EUR,,,,2023-04-25
Dining Out,Pizzeria Bella,Checking Account,10.28,USD,,,,2023-04-26
Dining Out,Coffee Shop,Savings Account,7.20,EUR,,,,2023-04-26
Transport,Taxi,Checking Account,3.57,USD,,,,2023-04-26
Groceries,Neighborhood Market,Travel Card,29.64,GEL,,,,2023-04-26
Transport,Metro Card Top-up,Credit Card,7.71,EUR,,,,2023-04-27
Dining Out,Coffee Shop,Travel Card,31.93,GEL,,,,2023-04-28
Transport,Ride Share,Travel Card,18.86,GEL,,,,2023-04-28
Groceries,Trader Joe's,Checking Account,8.25,USD,,,,2023-04-28
Healthcare,Optician,Checking Account,15.83,USD,,,,2023-04-28
Healthcare,Gym Membership,Checking Account,14.52,USD,,,,2023-04-30
Transport,Metro Card Top-up,Credit Card,4.54,EUR,,,,2023-04-30
Transport,Train Ticket,Cash Wallet,2.35,USD,,,,2023-04-30
Shopping,Electronics Store,Checking Account,5.55,USD,,,,2023-05-01
Groceries,Whole Foods Market,Travel Card,14.18,GEL,,,,2023-05-01
Coffee,Latte To Go,Savings Account,3.11,EUR,,,,2023-05-01
Entertainment,Concert Tickets,Cash Wallet,6.04,USD,,,,2023-05-01
Coffee,Cafe Mocha,Checking Account,2.77,USD,,,,2023-05-02
Travel,Car Rental,Checking Account,46.11,USD,,,,2023-05-02
Entertainment,Steam Game,Credit Card,9.28,EUR,,,,2023-05-02
Transport,Metro Card Top-up,Cash Wallet,7.66,USD,,,,2023-05-02
,Credit Card Payment,Savings Account,363.38,EUR,Credit Card,363.38,EUR,2023-05-03
Dining Out,Thai Takeaway,Cash Wallet,7.25,USD,,,,2023-05-04
Groceries,Aldi,Credit Card,12.26,EUR,,,,2023-05-05
Shopping,Bookshop,Credit Card,20.47,EUR,,,,2023-05-05
Groceries,Whole Foods Market,Checking Account,9.92,USD,,,,2023-05-06
Entertainment,Cinema Tickets,Cash Wallet,5.76,USD,,,,2023-05-06
Transport,Fuel Station,Checking Account,4.16,USD,,,,2023-05-06
,Cash Withdrawal,Cash Wallet,826.19,USD,Checking Account,826.19,USD,2023-05-06
Coffee,Espresso Bar,Checking Account,2.80,USD,,,,2023-05-07
Transport,Fuel Station,Checking Account,8.70,USD,,,,2023-05-07
Transport,Fuel Station,Checking Account,7.54,USD,,,,2023-05-07
Coffee,Morning Coffee,Checking Account,3.90,USD,,,,2023-05-07
Entertainment,Steam Game,Cash Wallet,3.18,USD,,,,2023-05-07
Groceries,Lidl,Credit Card,6.56,EUR,,,,2023-05-08
Dining Out,Pizzeria Bella,Credit Card,10.73,EUR,,,,2023-05-09
Transport,Fuel Station,Travel Card,13.54,GEL,,,,2023-05-09
Shopping,Clothing Store,Travel Card,57.09,GEL,,,,2023-05-09
Dining Out,Coffee Shop,Checking Account,7.59,USD,,,,2023-05-10
Utilities,Water Utility,Credit Card,21.36,EUR,,,,2023-05-10
Healthcare,Pharmacy,Travel Card,18.66,GEL,,,,2023-05-10
Dining Out,Burger Joint,Checking Account,5.57,USD,,,,2023-05-10
Salary,Payroll Deposit,,,,Checking Account,1521.67,USD,2023-05-10
Coffee,Cafe Mocha,Credit Card,3.38,EUR,,,,2023-05-11
Dining Out,Pizzeria Bella,Travel Card,17.21,GEL,,,,2023-05-12
Transport,Fuel Station,Credit Card,4.63,EUR,,,,2023-05-12
Coffee,Street Coffee,Credit Card,3.39,EUR,,,,2023-05-13
Transport,Bus Pass,Credit Card,2.45,EUR,,,,2023-05-14
Entertainment,Book Store,Credit Card,6.60,EUR,,,,2023-05-15
Entertainment,Concert Tickets,Cash Wallet,8.78,USD,,,,2023-05-15
Entertainment,Steam Game,Checking Account,7.61,USD,,,,2023-05-15
Coffee,Cafe Mocha,Cash Wallet,2.73,USD,,,,2023-05-16
Transport,Fuel Station,Checking Account,1.98,USD,,,,2023-05-16
Entertainment,Steam Game,Cash Wallet,3.34,USD,,,,2023-05-17
Transport,Train Ticket,Savings Account,7.57,EUR,,,,2023-05-17
Coffee,Cafe Mocha,Cash Wallet,3.64,USD,,,,2023-05-17
,Credit Card Payment,Cash Wallet,238.35,USD,Savings Account,219.29,EUR,2023-05-17
Dining Out,Sushi Bar,Travel Card,29.64,GEL,,,,2023-05-18
Coffee,Cafe Mocha,Travel Card,7.69,GEL,,,,2023-05-18
Utilities,Water Utility,Credit Card,11.52,EUR,,,,2023-05-18
Coffee,Morning Coffee,Cash Wallet,2.47,USD,,,,2023-05-19
Dining Out,Restaurant Le Petit,Credit Card,10.16,EUR,,,,2023-05-19
Transport,Ride Share,Credit Card,4.08,EUR,,,,2023-05-19
,Credit Card Payment,Credit Card,1358.84,EUR,Savings Account,1358.84,EUR,2023-05-19
Coffee,Morning Coffee,Credit Card,3.21,EUR,,,,2023-05-20
Entertainment,Book Store,Travel Card,8.13,GEL,,,,2023-05-21
Dining Out,Coffee Shop,Travel Card,21.41,GEL,,,,2023-05-21
Travel,Travel Insurance,Travel Card,294.74,GEL,,,,2023-05-22
Dining Out,Bistro du Coin,Cash Wallet,7.62,USD,,,,2023-05-22
Coffee,Espresso Bar,Cash Wallet,3.55,USD,,,,2023-05-22
Travel,Flight Booking,Cash Wallet,79.11,USD,,,,2023-05-22
,Top-up Travel Card,Cash Wallet,1052.51,USD,Checking Account,1052.51,USD,2023-05-22
Shopping,Amazon Order,Cash Wallet,11.63,USD,,,,2023-05-23
Coffee,Espresso Bar,Cash Wallet,4.69,USD,,,,2023-05-23
,Top-up Travel Card,Savings Account,1012.30,EUR,Checking Account,1100.32,USD,2023-05-23
Groceries,Local Green Market,Checking Account,8.41,USD,,,,2023-05-24
Dining Out,Bistro du Coin,Credit Card,6.37,EUR,,,,2023-05-25
Entertainment,Concert Tickets,Cash Wallet,5.15,USD,,,,2023-05-26
Entertainment,Spotify Subscription,Cash Wallet,3.60,USD,,,,2023-05-26
Entertainment,Book Store,Travel Card,7.89,GEL,,,,2023-05-26
,Transfer to Savings,Checking Account,1246.60,USD,Cash Wallet,1246.60,USD,2023-05-26
Shopping,Electronics Store,Savings Account,17.16,EUR,,,,2023-05-27
Coffee,Morning Coffee,Credit Card,3.55,EUR,,,,2023-05-27
Entertainment,Cinema Tickets,Checking Account,8.22,USD,,,,2023-05-27
Groceries,Whole Foods Market,Cash Wallet,9.27,USD,,,,2023-05-28
Transport,Bus Pass,Cash Wallet,4.30,USD,,,,2023-05-28
Dining Out,Thai Takeaway,Credit Card,8.59,EUR,,,,2023-05-29
Groceries,Trader Joe's,Credit Card,5.63,EUR,,,,2023-05-29
Entertainment,Cinema Tickets,Credit Card,7.35,EUR,,,,2023-05-30
Shopping,Furniture Store,Cash Wallet,19.01,USD,,,,2023-06-01
Coffee,Latte To Go,Credit Card,3.24,EUR,,,,2023-06-02
Transport,Train Ticket,Checking Account,6.81,USD,,,,2023-06-02
Groceries,Trader Joe's,Credit Card,12.63,EUR,,,,2023-06-02
Shopping,Furniture Store,Credit Card,18.22,EUR,,,,2023-06-03
Groceries,Local Green Market,Checking Account,5.89,USD,,,,2023-06-03
Transport,Fuel Station,Cash Wallet,8.65,USD,,,,2023-06-03
Transport,Metro Card Top-up,Checking Account,6.47,USD,,,,2023-06-04
Dining Out,Coffee Shop,Credit Card,7.18,EUR,,,,2023-06-04
Coffee,Latte To Go,Credit Card,3.81,EUR,,,,2023-06-05
,Top-up Travel Card,Savings Account,1306.96,EUR,Cash Wallet,1420.61,USD,2023-06-05
Coffee,Morning Coffee,Checking Account,3.75,USD,,,,2023-06-06
Coffee,Morning Coffee,Checking Account,4.18,USD,,,,2023-06-06
Transport,Fuel Station,Travel Card,16.35,GEL,,,,2023-06-06
Entertainment,Spotify Subscription,Credit Card,6.31,EUR,,,,2023-06-06
Entertainment,Cinema Tickets,Travel Card,12.70,GEL,,,,2023-06-07
Utilities,Internet Provider,Credit Card,17.86,EUR,,,,2023-06-07
Entertainment,Book Store,Travel Card,12.89,GEL,,,,2023-06-07
Dining Out,Bistro du Coin,Cash Wallet,8.90,USD,,,,2023-06-07
Dining Out,Bistro du Coin,Travel Card,32.59,GEL,,,,2023-06-08
Groceries,Aldi,Cash Wallet,13.47,USD,,,,2023-06-08
,Savings Deposit,Travel Card,2099.07,GEL,Cash Wallet,777.43,USD,2023-06-08
Dining Out,Coffee Shop,Cash Wallet,6.96,USD,,,,2023-06-09
Coffee,Cafe Mocha,Cash Wallet,2.99,USD,,,,2023-06-09
Transport,Fuel Station,Checking Account,4.37,USD,,,,2023-06-09
Dining Out,Sushi Bar,Checking Account,7.70,USD,,,,2023-06-10
Dining Out,Thai Takeaway,Travel Card,34.26,GEL,,,,2023-06-10
Salary,Payroll Deposit,,,,Checking Account,1521.67,USD,2023-06-10
,Transfer to Savings,Savings Account,1021.76,EUR,Credit Card,1021.76,EUR,2023-06-10
,Savings Deposit,Cash Wallet,285.54,USD,Travel Card,770.95,GEL,2023-06-11
Transport,Metro Card Top-up,Credit Card,5.40,EUR,,,,2023-06-12
Healthcare,Gym Membership,Credit Card,13.37,EUR,,,,2023-06-12
Healthcare,Dental Clinic,Cash Wallet,9.35,USD,,,,2023-06-12
,Top-up Travel Card,Savings Account,74.59,EUR,Checking Account,81.07,USD,2023-06-13
,Savings Deposit,Checking Account,769.95,USD,Credit Card,708.35,EUR,2023-06-13
Entertainment,Cinema Tickets,Cash Wallet,9.44,USD,,,,2023-06-14
Transport,Taxi,Cash Wallet,6.72,USD,,,,2023-06-14
Entertainment,Book Store,Checking Account,3.96,USD,,,,2023-06-15
Entertainment,Netflix Subscription,Credit Card,9.40,EUR,,,,2023-06-15
Entertainment,Cinema Tickets,Cash Wallet,8.75,USD,,,,2023-06-15
Groceries,Lidl,Cash Wallet,11.29,USD,,,,2023-06-16
,Credit Card Payment,Credit Card,376.62,EUR,Checking Account,409.37,USD,2023-06-16
Shopping,Amazon Order,Travel Card,51.42,GEL,,,,2023-06-17
,Savings Deposit,Travel Card,981.61,GEL,Credit Card,334.48,EUR,2023-06-17
Groceries,Local Green Market,Cash Wallet,8.11,USD,,,,2023-06-18
Groceries,Lidl,Credit Card,11.67,EUR,,,,2023-06-19
Travel,Flight Booking,Checking Account,44.06,USD,,,,2023-06-19
Entertainment,Book Store,Checking Account,4.54,USD,,,,2023-06-19
Coffee,Morning Coffee,Credit Card,2.24,EUR,,,,2023-06-19
Coffee,Cafe Mocha,Checking Account,3.24,USD,,,,2023-06-19
Entertainment,Book Store,Credit Card,7.21,EUR,,,,2023-06-20
Dining Out,Restaurant Le Petit,Credit Card,10.59,EUR,,,,2023-06-20
Shopping,Furniture Store,Checking Account,7.39,USD,,,,2023-06-20
Groceries,Neighborhood Market,Checking Account,9.67,USD,,,,2023-06-21
,Top-up Travel Card,Travel Card,2025.72,GEL,Cash Wallet,750.27,USD,2023-06-21
Transport,Ride Share,Cash Wallet,5.83,USD,,,,2023-06-22
Healthcare,Pharmacy,Credit Card,9.21,EUR,,,,2023-06-22
Travel,Flight Booking,Checking Account,111.73,USD,,,,2023-06-22
Transport,Train Ticket,Cash Wallet,7.08,USD,,,,2023-06-23
Groceries,Carrefour,Credit Card,11.26,EUR,,,,2023-06-23
Coffee,Cafe Mocha,Cash Wallet,3.67,USD,,,,2023-06-23
Entertainment,Cinema Tickets,Credit Card,3.80,EUR,,,,2023-06-23
Transport,Fuel Station,Checking Account,6.74,USD,,,,2023-06-23
Coffee,Morning Coffee,Cash Wallet,3.58,USD,,,,2023-06-23
Coffee,Cafe Mocha,Savings Account,4.28,EUR,,,,2023-06-24
Dining Out,Pizzeria Bella,Cash Wallet,6.24,USD,,,,2023-06-24
Entertainment,Book Store,Checking Account,3.26,USD,,,,2023-06-24
Shopping,Clothing Store,Credit Card,13.41,EUR,,,,2023-06-25
Utilities,Water Utility,Travel Card,45.22,GEL,,,,2023-06-25
Shopping,Bookshop,Checking Account,6.54,USD,,,,2023-06-26
,Transfer to Savings,Travel Card,2642.78,GEL,Savings Account,900.50,EUR,2023-06-26
Transport,Fuel Station,Credit Card,5.39,EUR,,,,2023-06-27
Groceries,Lidl,Cash Wallet,7.58,USD,,,,2023-06-27
Groceries,Local Green Market,Credit Card,6.48,EUR,,,,2023-06-28
Transport,Train Ticket,Checking Account,2.01,USD,,,,2023-06-28
Transport,Metro Card Top-up,Travel Card,6.61,GEL,,,,2023-06-29
Entertainment,Cinema Tickets,Checking Account,9.33,USD,,,,2023-06-29
Travel,Hotel Stay,Travel Card,96.92,GEL,,,,2023-06-29
,Credit Card Payment,Credit Card,882.36,EUR,Checking Account,959.08,USD,2023-06-29
Coffee,Cafe Mocha,Checking Account,2.55,USD,,,,2023-06-30
,Savings Deposit,Cash Wallet,689.88,USD,Checking Account,689.88,USD,2023-06-30
Utilities,Phone Bill,Checking Account,28.74,USD,,,,2023-07-02
Coffee,Morning Coffee,Checking Account,2.29,USD,,,,2023-07-02
Shopping,Furniture Store,Cash Wallet,24.16,USD,,,,2023-07-02
Travel,Car Rental,Credit Card,93.91,EUR,,,,2023-07-03
Coffee,Street Coffee,Cash Wallet,4.34,USD,,,,2023-07-03
Coffee,Latte To Go,Credit Card,4.33,EUR,,,,2023-07-03
Transport,Metro Card Top-up,Cash Wallet,4.53,USD,,,,2023-07-03
Dining Out,Coffee Shop,Cash Wallet,12.45,USD,,,,2023-07-03
Entertainment,Netflix Subscription,Credit Card,5.61,EUR,,,,2023-07-03
Entertainment,Spotify Subscription,Savings Account,8.00,EUR,,,,2023-07-03
Groceries,Local Green Market,Cash Wallet,9.03,USD,,,,2023-07-03
Coffee,Cafe Mocha,Cash Wallet,3.51,USD,,,,2023-07-05
Healthcare,Gym Membership,Checking Account,17.62,USD,,,,2023-07-05
Healthcare,Dental Clinic,Checking Account,9.73,USD,,,,2023-07-05
Dining Out,Restaurant Le Petit,Savings Account,12.21,EUR,,,,2023-07-05
Entertainment,Steam Game,Cash Wallet,6.56,USD,,,,2023-07-05
,Transfer to Savings,Credit Card,1323.35,EUR,Travel Card,3883.75,GEL,2023-07-05
Coffee,Latte To Go,Cash Wallet,3.97,USD,,,,2023-07-06
Transport,Ride Share,Cash Wallet,4.94,USD,,,,2023-07-06
Groceries,Whole Foods Market,Credit Card,13.07,EUR,,,,2023-07-07
Coffee,Morning Coffee,Cash Wallet,1.95,USD,,,,2023-07-08
Coffee,Cafe Mocha,Cash Wallet,2.84,USD,,,,2023-07-08
Coffee,Espresso Bar,Checking Account,4.82,USD,,,,2023-07-09
Transport,Bus Pass,Travel Card,13.18,GEL,,,,2023-07-09
Dining Out,Restaurant Le Petit,Credit Card,6.89,EUR,,,,2023-07-10
Salary,Payroll Deposit,,,,Checking Account,1521.67,USD,2023-07-10
Coffee,Latte To Go,Credit Card,3.47,EUR,,,,2023-07-11
Coffee,Street Coffee,Checking Account,4.46,USD,,,,2023-07-11
Groceries,Carrefour,Checking Account,11.95,USD,,,,2023-07-12
Groceries,Local Green Market,Cash Wallet,9.37,USD,,,,2023-07-13
Transport,Train Ticket,Checking Account,4.56,USD,,,,2023-07-13
Groceries,Neighborhood Market,Cash Wallet,12.82,USD,,,,2023-07-13
Healthcare,Gym Membership,Cash Wallet,10.00,USD,,,,2023-07-13
Groceries,Local Green Market,Checking Account,7.30,USD,,,,2023-07-14
Groceries,Carrefour,Checking Account,10.12,USD,,,,2023-07-14
Coffee,Morning Coffee,Cash Wallet,3.95,USD,,,,2023-07-14
Groceries,Trader Joe's,Travel Card,19.36,GEL,,,,2023-07-14
,Top-up Travel Card,Credit Card,330.56,EUR,Checking Account,359.30,USD,2023-07-14
,Transfer to Savings,Checking Account,1034.94,USD,Credit Card,952.15,EUR,2023-07-14
Dining Out,Restaurant Le Petit,Travel Card,12.50,GEL,,,,2023-07-15
Groceries,Aldi,Travel Card,21.67,GEL,,,,2023-07-15
Dining Out,Pizzeria Bella,Credit Card,7.62,EUR,,,,2023-07-16
Healthcare,Doctor Visit,Cash Wallet,15.69,USD,,,,2023-07-16
,Savings Deposit,Travel Card,339.16,GEL,Checking Account,125.62,USD,2023-07-17
Groceries,Aldi,Cash Wallet,12.93,USD,,,,2023-07-19
,Transfer to Savings,Credit Card,1042.03,EUR,Travel Card,3058.14,GEL,2023-07-20
,Transfer to Savings,Savings Account,715.62,EUR,Travel Card,2100.18,GEL,2023-07-20
,Credit Card Payment,Credit Card,856.33,EUR,Cash Wallet,930.79,USD,2023-07-21
Groceries,Aldi,Cash Wallet,11.33,USD,,,,2023-07-22
Utilities,Internet Provider,Checking Account,22.39,USD,,,,2023-07-22
,Savings Deposit,Savings Account,1347.51,EUR,Credit Card,1347.51,EUR,2023-07-22
Dining Out,Restaurant Le Petit,Cash Wallet,5.42,USD,,,,2023-07-23
Transport,Ride Share,Travel Card,14.58,GEL,,,,2023-07-23
Entertainment,Steam Game,Credit Card,10.41,EUR,,,,2023-07-24
Dining Out,Coffee Shop,Cash Wallet,8.11,USD,,,,2023-07-25
Dining Out,Thai Takeaway,Cash Wallet,8.21,USD,,,,2023-07-28
Healthcare,Pharmacy,Checking Account,12.55,USD,,,,2023-07-28
Dining Out,Sushi Bar,Cash Wallet,12.51,USD,,,,2023-07-29
Groceries,Local Green Market,Credit Card,12.12,EUR,,,,2023-07-29
Coffee,Street Coffee,Savings Account,1.84,EUR,,,,2023-07-29
Coffee,Cafe Mocha,Cash Wallet,2.76,USD,,,,2023-07-30
Transport,Taxi,Checking Account,2.16,USD,,,,2023-07-30
Groceries,Trader Joe's,Checking Account,14.18,USD,,,,2023-07-30
,Transfer to Savings,Credit Card,395.02,EUR,Travel Card,1159.30,GEL,2023-07-30
Dining Out,Coffee Shop,Travel Card,18.19,GEL,,,,2023-07-31
Travel,Flight Booking,Checking Account,89.50,USD,,,,2023-07-31
Transport,Taxi,Cash Wallet,3.03,USD,,,,2023-07-31
Transport,Metro Card Top-up,Credit Card,6.36,EUR,,,,2023-08-02
Entertainment,Steam Game,Savings Account,7.08,EUR,,,,2023-08-03
Groceries,Carrefour,Credit Card,13.21,EUR,,,,2023-08-03
Transport,Fuel Station,Checking Account,8.42,USD,,,,2023-08-03
Groceries,Local Green Market,Cash Wallet,10.62,USD,,,,2023-08-03
Shopping,Electronics Store,Credit Card,6.92,EUR,,,,2023-08-04
Utilities,Internet Provider,Checking Account,33.04,USD,,,,2023-08-04
Entertainment,Concert Tickets,Checking Account,3.55,USD,,,,2023-08-04
Dining Out,Coffee Shop,Cash Wallet,9.14,USD,,,,2023-08-05
Transport,Train Ticket,Checking Account,4.04,USD,,,,2023-08-05
Groceries,Aldi,Savings Account,8.63,EUR,,,,2023-08-05
Travel,Hotel Stay,Credit Card,40.90,EUR,,,,2023-08-06
Shopping,Amazon Order,Cash Wallet,18.71,USD,,,,2023-08-06
Shopping,Bookshop,Credit Card,19.10,EUR,,,,2023-08-07
Dining Out,Sushi Bar,Checking Account,12.30,USD,,,,2023-08-07
Dining Out,Pizzeria Bella,Checking Account,11.27,USD,,,,2023-08-08
Travel,Hotel Stay,Cash Wallet,96.62,USD,,,,2023-08-08
Coffee,Morning Coffee,Credit Card,4.26,EUR,,,,2023-08-08
Groceries,Aldi,Cash Wallet,14.01,USD,,,,2023-08-08
,Top-up Travel Card,Savings Account,890.91,EUR,Credit Card,890.91,EUR,2023-08-09
Transport,Ride Share,Cash Wallet,8.19,USD,,,,2023-08-10
Transport,Metro Card Top-up,Credit Card,7.82,EUR,,,,2023-08-10
Salary,Monthly Salary,,,,Checking Account,1521.67,USD,2023-08-10
Healthcare,Gym Membership,Travel Card,39.05,GEL,,,,2023-08-12
Entertainment,Steam Game,Travel Card,28.32,GEL,,,,2023-08-12
Dining Out,Bistro du Coin,Cash Wallet,9.17,USD,,,,2023-08-12
,Cash Withdrawal,Credit Card,1351.89,EUR,Cash Wallet,1469.45,USD,2023-08-12
Dining Out,Pizzeria Bella,Cash Wallet,12.49,USD,,,,2023-08-13
Dining Out,Thai Takeaway,Credit Card,4.38,EUR,,,,2023-08-13
Groceries,Trader Joe's,Checking Account,12.10,USD,,,,2023-08-15
,Transfer to Savings,Checking Account,350.60,USD,Cash Wallet,350.60,USD,2023-08-16
Transport,Metro Card Top-up,Travel Card,17.65,GEL,,,,2023-08-17
Groceries,Neighborhood Market,Credit Card,7.02,EUR,,,,2023-08-18
Groceries,Neighborhood Market,Checking Account,12.58,USD,,,,2023-08-18
Utilities,Water Utility,Cash Wallet,16.91,USD,,,,2023-08-18
Groceries,Whole Foods Market,Checking Account,5.38,USD,,,,2023-08-19
Groceries,Neighborhood Market,Cash Wallet,13.52,USD,,,,2023-08-19
Utilities,Electric Bill,Cash Wallet,27.46,USD,,,,2023-08-21
,Cash Withdrawal,Credit Card,796.75,EUR,Savings Account,796.75,EUR,2023-08-21
Dining Out,Thai Takeaway,Credit Card,12.08,EUR,,,,2023-08-23
Coffee,Street Coffee,Cash Wallet,2.67,USD,,,,2023-08-23
Transport,Taxi,Credit Card,5.64,EUR,,,,2023-08-23
Coffee,Cafe Mocha,Checking Account,3.72,USD,,,,2023-08-23
Coffee,Cafe Mocha,Checking Account,4.42,USD,,,,2023-08-24
Travel,Car Rental,Credit Card,33.24,EUR,,,,2023-08-24
Entertainment,Concert Tickets,Checking Account,2.96,USD,,,,2023-08-24
Dining Out,Burger Joint,Cash Wallet,11.55,USD,,,,2023-08-24
Groceries,Local Green Market,Checking Account,5.49,USD,,,,2023-08-25
Transport,Fuel Station,Checking Account,4.51,USD,,,,2023-08-26
Transport,Metro Card Top-up,Checking Account,3.60,USD,,,,2023-08-27
Coffee,Latte To Go,Checking Account,2.97,USD,,,,2023-08-27
Transport,Fuel Station,Credit Card,3.26,EUR,,,,2023-08-28
Dining Out,Thai Takeaway,Savings Account,4.13,EUR,,,,2023-08-28
Coffee,Espresso Bar,Checking Account,4.32,USD,,,,2023-08-29
,Cash Withdrawal,Travel Card,892.72,GEL,Savings Account,304.19,EUR,2023-08-29
Utilities,Internet Provider,Checking Account,25.91,USD,,,,2023-08-30
Healthcare,Gym Membership,Credit Card,5.48,EUR,,,,2023-08-30
,Credit Card Payment,Savings Account,151.74,EUR,Checking Account,164.94,USD,2023-08-30
Groceries,Local Green Market,Cash Wallet,5.37,USD,,,,2023-08-31
Entertainment,Book Store,Cash Wallet,3.95,USD,,,,2023-09-01
Coffee,Morning Coffee,Checking Account,4.58,USD,,,,2023-09-02
Groceries,Carrefour,Cash Wallet,8.85,USD,,,,2023-09-02
,Top-up Travel Card,Travel Card,1446.11,GEL,Savings Account,492.75,EUR,2023-09-02
Coffee,Street Coffee,Credit Card,3.68,EUR,,,,2023-09-03
Entertainment,Netflix Subscription,Cash Wallet,4.56,USD,,,,2023-09-03
Entertainment,Book Store,Checking Account,8.23,USD,,,,2023-09-03
,Cash Withdrawal,Travel Card,2317.24,GEL,Cash Wallet,858.24,USD,2023-09-03
,Credit Card Payment,Credit Card,568.50,EUR,Checking Account,617.94,USD,2023-09-03
,Transfer to Savings,Cash Wallet,680.57,USD,Travel Card,1837.54,GEL,2023-09-03
,Transfer to Savings,Savings Account,1225.28,EUR,Travel Card,3595.94,GEL,2023-09-03
,Credit Card Payment,Cash Wallet,1168.33,USD,Credit Card,1074.87,EUR,2023-09-04
Coffee,Espresso Bar,Travel Card,9.96,GEL,,,,2023-09-05
Entertainment,Cinema Tickets,Credit Card,5.27,EUR,,,,2023-09-06
Coffee,Cafe Mocha,Credit Card,1.79,EUR,,,,2023-09-06
Groceries,Local Green Market,Checking Account,5.57,USD,,,,2023-09-06
Travel,Flight Booking,Credit Card,79.21,EUR,,,,2023-09-06
Coffee,Street Coffee,Cash Wallet,3.97,USD,,,,2023-09-07
Transport,Train Ticket,Travel Card,5.26,GEL,,,,2023-09-10
Salary,Salary Deposit,,,,Checking Account,1521.67,USD,2023-09-10
Shopping,Bookshop,Travel Card,22.74,GEL,,,,2023-09-11
Coffee,Morning Coffee,Credit Card,2.31,EUR,,,,2023-09-11
Dining Out,Sushi Bar,Savings Account,11.04,EUR,,,,2023-09-11
Dining Out,Bistro du Coin,Credit Card,10.54,EUR,,,,2023-09-11
,Credit Card Payment,Credit Card,556.99,EUR,Cash Wallet,605.42,USD,2023-09-11
Transport,Taxi,Credit Card,3.88,EUR,,,,2023-09-12
Entertainment,Steam Game,Credit Card,7.46,EUR,,,,2023-09-13
Dining Out,Coffee Shop,Cash Wallet,10.51,USD,,,,2023-09-14
Transport,Ride Share,Cash Wallet,7.38,USD,,,,2023-09-14
Dining Out,Coffee Shop,Checking Account,13.15,USD,,,,2023-09-14
Entertainment,Concert Tickets,Credit Card,10.50,EUR,,,,2023-09-14
Coffee,Cafe Mocha,Cash Wallet,3.09,USD,,,,2023-09-15
Dining Out,Thai Takeaway,Savings Account,7.57,EUR,,,,2023-09-15
Transport,Metro Card Top-up,Cash Wallet,5.05,USD,,,,2023-09-15
Travel,Flight Booking,Travel Card,91.18,GEL,,,,2023-09-16
Coffee,Street Coffee,Credit Card,3.22,EUR,,,,2023-09-16
Coffee,Morning Coffee,Checking Account,2.69,USD,,,,2023-09-17
Dining Out,Coffee Shop,Credit Card,11.03,EUR,,,,2023-09-17
Transport,Ride Share,Cash Wallet,3.10,USD,,,,2023-09-17
,Credit Card Payment,Checking Account,1004.64,USD,Savings Account,924.26,EUR,2023-09-18
Transport,Metro Card Top-up,Checking Account,7.89,USD,,,,2023-09-19
Dining Out,Pizzeria Bella,Checking Account,8.64,USD,,,,2023-09-19
Travel,Flight Booking,Credit Card,96.18,EUR,,,,2023-09-19
Groceries,Aldi,Travel Card,14.79,GEL,,,,2023-09-19
Dining Out,Coffee Shop,Cash Wallet,5.90,USD,,,,2023-09-20
Healthcare,Pharmacy,Credit Card,8.98,EUR,,,,2023-09-21
Entertainment,Concert Tickets,Cash Wallet,7.10,USD,,,,2023-09-21
Dining Out,Sushi Bar,Credit Card,12.27,EUR,,,,2023-09-21
Groceries,Lidl,Checking Account,4.96,USD,,,,2023-09-22
Groceries,Trader Joe's,Checking Account,9.40,USD,,,,2023-09-23
Entertainment,Book Store,Cash Wallet,10.02,USD,,,,2023-09-23
Groceries,Neighborhood Market,Checking Account,13.19,USD,,,,2023-09-25
Dining Out,Restaurant Le Petit,Cash Wallet,8.62,USD,,,,2023-09-25
Coffee,Espresso Bar,Cash Wallet,2.21,USD,,,,2023-09-26
Coffee,Latte To Go,Checking Account,2.84,USD,,,,2023-09-26
Groceries,Aldi,Cash Wallet,5.44,USD,,,,2023-09-26
Coffee,Latte To Go,Savings Account,3.39,EUR,,,,2023-09-27
Entertainment,Spotify Subscription,Checking Account,9.39,USD,,,,2023-09-27
,Savings Deposit,Savings Account,857.97,EUR,Credit Card,857.97,EUR,2023-09-28
Coffee,Cafe Mocha,Credit Card,4.04,EUR,,,,2023-09-29
Transport,Bus Pass,Checking Account,3.84,USD,,,,2023-09-30
Travel,Airbnb Stay,Credit Card,98.41,EUR,,,,2023-09-30
Entertainment,Concert Tickets,Credit Card,8.98,EUR,,,,2023-09-30
Groceries,Whole Foods Market,Travel Card,34.33,GEL,,,,2023-09-30
Dining Out,Thai Takeaway,Checking Account,7.03,USD,,,,2023-10-01
Dining Out,Burger Joint,Cash Wallet,6.82,USD,,,,2023-10-02
Transport,Metro Card Top-up,Cash Wallet,3.71,USD,,,,2023-10-03
Shopping,Clothing Store,Checking Account,5.28,USD,,,,2023-10-03
Entertainment,Netflix Subscription,Checking Account,9.21,USD,,,,2023-10-03
Groceries,Aldi,Cash Wallet,11.31,USD,,,,2023-10-04
Coffee,Cafe Mocha,Checking Account,2.64,USD,,,,2023-10-04
Dining Out,Coffee Shop,Cash Wallet,8.00,USD,,,,2023-10-06
Healthcare,Dental Clinic,Cash Wallet,9.35,USD,,,,2023-10-07
Coffee,Morning Coffee,Cash Wallet,2.59,USD,,,,2023-10-07
,Savings Deposit,Checking Account,1413.04,USD,Credit Card,1300.00,EUR,2023-10-08
,Transfer to Savings,Savings Account,842.54,EUR,Travel Card,2472.66,GEL,2023-10-09
Coffee,Latte To Go,Cash Wallet,4.80,USD,,,,2023-10-10
Coffee,Morning Coffee,Cash Wallet,3.74,USD,,,,2023-10-10
Entertainment,Spotify Subscription,Checking Account,3.01,USD,,,,2023-10-10
Salary,Salary Deposit,,,,Checking Account,1521.67,USD,2023-10-10
,Transfer to Savings,Travel Card,301.48,GEL,Savings Account,102.73,EUR,2023-10-10
Dining Out,Bistro du Coin,Travel Card,23.39,GEL,,,,2023-10-11
Coffee,Street Coffee,Checking Account,3.67,USD,,,,2023-10-11
Shopping,Electronics Store,Cash Wallet,10.71,USD,,,,2023-10-11
Dining Out,Bistro du Coin,Cash Wallet,13.31,USD,,,,2023-10-12
Travel,Car Rental,Credit Card,54.81,EUR,,,,2023-10-12
Dining Out,Bistro du Coin,Cash Wallet,12.89,USD,,,,2023-10-12
Groceries,Lidl,Checking Account,9.56,USD,,,,2023-10-12
Healthcare,Pharmacy,Cash Wallet,16.48,USD,,,,2023-10-12
Coffee,Street Coffee,Credit Card,3.72,EUR,,,,2023-10-12
,Transfer to Savings,Checking Account,909.57,USD,Travel Card,2455.84,GEL,2023-10-12
Healthcare,Pharmacy,Credit Card,16.16,EUR,,,,2023-10-13
Groceries,Aldi,Cash Wallet,9.62,USD,,,,2023-10-13
,Transfer to Savings,Cash Wallet,426.14,USD,Checking Account,426.14,USD,2023-10-13
Healthcare,Pharmacy,Cash Wallet,6.84,USD,,,,2023-10-14
Dining Out,Restaurant Le Petit,Credit Card,7.22,EUR,,,,2023-10-14
Dining Out,Pizzeria Bella,Checking Account,7.63,USD,,,,2023-10-14
Entertainment,Steam Game,Credit Card,8.95,EUR,,,,2023-10-16
,Cash Withdrawal,Credit Card,1271.75,EUR,Cash Wallet,1382.33,USD,2023-10-16
Dining Out,Burger Joint,Checking Account,5.20,USD,,,,2023-10-17
Groceries,Neighborhood Market,Checking Account,5.54,USD,,,,2023-10-19
Shopping,Furniture Store,Checking Account,23.05,USD,,,,2023-10-19
Groceries,Trader Joe's,Travel Card,18.29,GEL,,,,2023-10-20
Coffee,Latte To Go,Cash Wallet,4.47,USD,,,,2023-10-20
Groceries,Whole Foods Market,Credit Card,9.59,EUR,,,,2023-10-20
,Cash Withdrawal,Savings Account,1166.85,EUR,Cash Wallet,1268.31,USD,2023-10-21
,Transfer to Savings,Checking Account,403.19,USD,Cash Wallet,403.19,USD,2023-10-22
Healthcare,Doctor Visit,Credit Card,13.62,EUR,,,,2023-10-23
Coffee,Morning Coffee,Cash Wallet,1.98,USD,,,,2023-10-23
,Credit Card Payment,Travel Card,1686.59,GEL,Savings Account,574.69,EUR,2023-10-23
Entertainment,Book Store,Credit Card,2.85,EUR,,,,2023-10-24
Groceries,Trader Joe's,Cash Wallet,9.99,USD,,,,2023-10-24
Dining Out,Thai Takeaway,Cash Wallet,5.66,USD,,,,2023-10-24
Transport,Ride Share,Savings Account,3.78,EUR,,,,2023-10-25
Groceries,Neighborhood Market,Cash Wallet,8.05,USD,,,,2023-10-26
Shopping,Amazon Order,Savings Account,5.88,EUR,,,,2023-10-26
Travel,Car Rental,Cash Wallet,95.64,USD,,,,2023-10-27
Dining Out,Bistro du Coin,Credit Card,5.03,EUR,,,,2023-10-27
Coffee,Latte To Go,Travel Card,9.07,GEL,,,,2023-10-28
Entertainment,Book Store,Travel Card,11.86,GEL,,,,2023-10-29
Coffee,Cafe Mocha,Savings Account,4.25,EUR,,,,2023-10-29
,Credit Card Payment,Cash Wallet,1205.57,USD,Checking Account,1205.57,USD,2023-10-29
Travel,Flight Booking,Travel Card,192.30,GEL,,,,2023-10-30
Travel,Airbnb Stay,Cash Wallet,50.19,USD,,,,2023-10-31
Utilities,Internet Provider,Cash Wallet,29.30,USD,,,,2023-10-31
,Top-up Travel Card,Checking Account,571.71,USD,Travel Card,1543.63,GEL,2023-10-31
Coffee,Morning Coffee,Checking Account,4.37,USD,,,,2023-11-01
Dining Out,Restaurant Le Petit,Travel Card,35.89,GEL,,,,2023-11-01
Entertainment,Book Store,Checking Account,5.41,USD,,,,2023-11-03
Transport,Taxi,Cash Wallet,6.46,USD,,,,2023-11-03
Transport,Bus Pass,Cash Wallet,4.67,USD,,,,2023-11-03
Entertainment,Netflix Subscription,Savings Account,10.55,EUR,,,,2023-11-03
,Credit Card Payment,Checking Account,735.59,USD,Travel Card,1986.09,GEL,2023-11-03
Transport,Metro Card Top-up,Cash Wallet,3.04,USD,,,,2023-11-04
,Cash Withdrawal,Travel Card,3174.57,GEL,Savings Account,1081.71,EUR,2023-11-04
Entertainment,Netflix Subscription,Credit Card,10.53,EUR,,,,2023-11-05
Shopping,Electronics Store,Savings Account,9.23,EUR,,,,2023-11-05
Coffee,Street Coffee,Cash Wallet,3.99,USD,,,,2023-11-06
,Cash Withdrawal,Checking Account,943.49,USD,Cash Wallet,943.49,USD,2023-11-06
Healthcare,Dental Clinic,Checking Account,5.32,USD,,,,2023-11-07
Dining Out,Bistro du Coin,Cash Wallet,8.48,USD,,,,2023-11-07
Transport,Fuel Station,Cash Wallet,6.90,USD,,,,2023-11-08
Groceries,Local Green Market,Credit Card,13.84,EUR,,,,2023-11-08
Transport,Metro Card Top-up,Checking Account,5.81,USD,,,,2023-11-08
Dining Out,Restaurant Le Petit,Cash Wallet,7.57,USD,,,,2023-11-08
Coffee,Street Coffee,Travel Card,11.82,GEL,,,,2023-11-08
Utilities,Water Utility,Checking Account,22.54,USD,,,,2023-11-09
Groceries,Whole Foods Market,Checking Account,12.46,USD,,,,2023-11-09
,Cash Withdrawal,Checking Account,1272.64,USD,Savings Account,1170.83,EUR,2023-11-09
Dining Out,Pizzeria Bella,Checking Account,7.44,USD,,,,2023-11-10
Entertainment,Book Store,Cash Wallet,5.04,USD,,,,2023-11-10
Healthcare,Gym Membership,Cash Wallet,18.48,USD,,,,2023-11-10
Salary,Salary Deposit,,,,Checking Account,1521.67,USD,2023-11-10
Coffee,Street Coffee,Credit Card,3.50,EUR,,,,2023-11-11
,Credit Card Payment,Savings Account,580.04,EUR,Credit Card,580.04,EUR,2023-11-11
,Credit Card Payment,Checking Account,653.33,USD,Travel Card,1763.98,GEL,2023-11-13
Shopping,Electronics Store,Credit Card,14.73,EUR,,,,2023-11-16
Dining Out,Thai Takeaway,Cash Wallet,7.43,USD,,,,2023-11-16
Coffee,Cafe Mocha,Checking Account,4.09,USD,,,,2023-11-16
,Cash Withdrawal,Checking Account,778.69,USD,Cash Wallet,778.69,USD,2023-11-16
Dining Out,Restaurant Le Petit,Credit Card,4.84,EUR,,,,2023-11-17
Transport,Train Ticket,Checking Account,2.89,USD,,,,2023-11-18
Transport,Train Ticket,Credit Card,7.90,EUR,,,,2023-11-18
Groceries,Aldi,Travel Card,22.90,GEL,,,,2023-11-18
Coffee,Espresso Bar,Credit Card,3.76,EUR,,,,2023-11-19
Travel,Car Rental,Cash Wallet,85.80,USD,,,,2023-11-19
Coffee,Latte To Go,Cash Wallet,2.16,USD,,,,2023-11-19
Groceries,Neighborhood Market,Cash Wallet,15.02,USD,,,,2023-11-20
Entertainment,Steam Game,Checking Account,7.57,USD,,,,2023-11-20
Dining Out,Thai Takeaway,Checking Account,5.13,USD,,,,2023-11-20
Travel,Hotel Stay,Cash Wallet,76.37,USD,,,,2023-11-21
,Savings Deposit,Travel Card,2190.21,GEL,Credit Card,746.29,EUR,2023-11-21
Entertainment,Spotify Subscription,Credit Card,5.34,EUR,,,,2023-11-22
Transport,Train Ticket,Checking Account,6.02,USD,,,,2023-11-22
Groceries,Carrefour,Credit Card,14.11,EUR,,,,2023-11-23
Transport,Taxi,Cash Wallet,7.95,USD,,,,2023-11-23
,Top-up Travel Card,Savings Account,1048.83,EUR,Credit Card,1048.83,EUR,2023-11-23
Dining Out,Burger Joint,Credit Card,6.17,EUR,,,,2023-11-25
Entertainment,Netflix Subscription,Checking Account,3.78,USD,,,,2023-11-25
Coffee,Latte To Go,Checking Account,4.00,USD,,,,2023-11-25
Entertainment,Concert Tickets,Checking Account,10.51,USD,,,,2023-11-26
Entertainment,Concert Tickets,Travel Card,12.97,GEL,,,,2023-11-26
Entertainment,Cinema Tickets,Checking Account,9.37,USD,,,,2023-11-27
Transport,Train Ticket,Credit Card,6.55,EUR,,,,2023-11-27
Coffee,Latte To Go,Checking Account,3.97,USD,,,,2023-11-27
Groceries,Local Green Market,Credit Card,10.52,EUR,,,,2023-11-28
Groceries,Neighborhood Market,Checking Account,6.80,USD,,,,2023-11-28
Coffee,Morning Coffee,Checking Account,2.98,USD,,,,2023-11-28
Entertainment,Netflix Subscription,Credit Card,5.80,EUR,,,,2023-11-28
Dining Out,Pizzeria Bella,Checking Account,4.77,USD,,,,2023-11-29
Groceries,Aldi,Travel Card,18.94,GEL,,,,2023-11-29
Entertainment,Concert Tickets,Checking Account,7.81,USD,,,,2023-11-29
Dining Out,Restaurant Le Petit,Checking Account,5.68,USD,,,,2023-11-30
Dining Out,Pizzeria Bella,Checking Account,6.92,USD,,,,2023-11-30
Coffee,Cafe Mocha,Credit Card,2.83,EUR,,,,2023-11-30
Groceries,Neighborhood Market,Checking Account,14.93,USD,,,,2023-11-30
Coffee,Cafe Mocha,Credit Card,2.28,EUR,,,,2023-11-30
Dining Out,Sushi Bar,Checking Account,4.30,USD,,,,2023-11-30
Transport,Fuel Station,Credit Card,5.61,EUR,,,,2023-12-02
Dining Out,Thai Takeaway,Cash Wallet,5.00,USD,,,,2023-12-02
Groceries,Carrefour,Credit Card,7.76,EUR,,,,2023-12-03
Groceries,Aldi,Credit Card,12.40,EUR,,,,2023-12-03
Utilities,Gas Bill,Credit Card,25.30,EUR,,,,2023-12-04
Coffee,Latte To Go,Checking Account,2.78,USD,,,,2023-12-04
Travel,Hotel Stay,Credit Card,59.70,EUR,,,,2023-12-04
Groceries,Aldi,Cash Wallet,14.52,USD,,,,2023-12-04
Entertainment,Concert Tickets,Cash Wallet,4.35,USD,,,,2023-12-05
Groceries,Carrefour,Credit Card,7.33,EUR,,,,2023-12-05
Groceries,Whole Foods Market,Checking Account,8.59,USD,,,,2023-12-05
Shopping,Bookshop,Cash Wallet,16.40,USD,,,,2023-12-06
Travel,Hotel Stay,Checking Account,51.61,USD,,,,2023-12-06
Transport,Metro Card Top-up,Cash Wallet,3.42,USD,,,,2023-12-06
Transport,Metro Card Top-up,Savings Account,6.80,EUR,,,,2023-12-06
Groceries,Whole Foods Market,Checking Account,9.01,USD,,,,2023-12-06
,Transfer to Savings,Savings Account,446.84,EUR,Checking Account,485.69,USD,2023-12-06
Groceries,Lidl,Checking Account,8.33,USD,,,,2023-12-08
Groceries,Trader Joe's,Checking Account,15.48,USD,,,,2023-12-08
Dining Out,Coffee Shop,Savings Account,5.56,EUR,,,,2023-12-09
Dining Out,Bistro du Coin,Travel Card,18.24,GEL,,,,2023-12-10
Dining Out,Pizzeria Bella,Savings Account,3.57,EUR,,,,2023-12-10
Groceries,Trader Joe's,Checking Account,10.37,USD,,,,2023-12-10
Salary,Monthly Salary,,,,Checking Account,1521.67,USD,2023-12-10
Groceries,Whole Foods Market,Cash Wallet,7.28,USD,,,,2023-12-11
Entertainment,Netflix Subscription,Credit Card,3.58,EUR,,,,2023-12-11
Transport,Bus Pass,Cash Wallet,8.55,USD,,,,2023-12-12
Coffee,Morning Coffee,Cash Wallet,1.98,USD,,,,2023-12-12
Groceries,Whole Foods Market,Credit Card,5.44,EUR,,,,2023-12-12
Entertainment,Book Store,Travel Card,22.60,GEL,,,,2023-12-12
Transport,Metro Card Top-up,Cash Wallet,7.99,USD,,,,2023-12-13
Coffee,Morning Coffee,Credit Card,2.33,EUR,,,,2023-12-13
Groceries,Aldi,Checking Account,10.07,USD,,,,2023-12-13
Coffee,Latte To Go,Credit Card,2.04,EUR,,,,2023-12-13
Coffee,Latte To Go,Cash Wallet,3.39,USD,,,,2023-12-13
Dining Out,Burger Joint,Cash Wallet,6.13,USD,,,,2023-12-14
Groceries,Whole Foods Market,Cash Wallet,11.08,USD,,,,2023-12-14
Dining Out,Restaurant Le Petit,Cash Wallet,10.22,USD,,,,2023-12-15
Transport,Taxi,Cash Wallet,2.88,USD,,,,2023-12-16
Groceries,Aldi,Checking Account,6.54,USD,,,,2023-12-16
Groceries,Whole Foods Market,Credit Card,10.54,EUR,,,,2023-12-16
Shopping,Furniture Store,Travel Card,29.97,GEL,,,,2023-12-17
Coffee,Espresso Bar,Credit Card,2.50,EUR,,,,2023-12-17
Transport,Train Ticket,Cash Wallet,4.27,USD,,,,2023-12-17
Healthcare,Pharmacy,Checking Account,13.01,USD,,,,2023-12-17
Groceries,Carrefour,Checking Account,7.21,USD,,,,2023-12-17
Transport,Train Ticket,Credit Card,4.41,EUR,,,,2023-12-17
Groceries,Local Green Market,Credit Card,4.83,EUR,,,,2023-12-18
Healthcare,Doctor Visit,Travel Card,40.89,GEL,,,,2023-12-18
Transport,Taxi,Cash Wallet,5.78,USD,,,,2023-12-18
Entertainment,Concert Tickets,Cash Wallet,8.30,USD,,,,2023-12-19
Groceries,Trader Joe's,Checking Account,7.45,USD,,,,2023-12-19
Coffee,Espresso Bar,Savings Account,3.09,EUR,,,,2023-12-19
Groceries,Trader Joe's,Credit Card,5.75,EUR,,,,2023-12-20
Transport,Metro Card Top-up,Checking Account,2.89,USD,,,,2023-12-20
Transport,Train Ticket,Credit Card,6.19,EUR,,,,2023-12-20
,Cash Withdrawal,Travel Card,1457.27,GEL,Checking Account,539.73,USD,2023-12-20
,Savings Deposit,Savings Account,429.00,EUR,Cash Wallet,466.31,USD,2023-12-21
Healthcare,Dental Clinic,Cash Wallet,7.09,USD,,,,2023-12-22
Groceries,Trader Joe's,Checking Account,9.73,USD,,,,2023-12-22
,Top-up Travel Card,Cash Wallet,925.02,USD,Checking Account,925.02,USD,2023-12-22
Groceries,Carrefour,Credit Card,8.67,EUR,,,,2023-12-24
,Cash Withdrawal,Cash Wallet,518.44,USD,Checking Account,518.44,USD,2023-12-24
,Savings Deposit,Savings Account,1330.58,EUR,Checking Account,1446.28,USD,2023-12-24
Coffee,Cafe Mocha,Credit Card,3.57,EUR,,,,2023-12-25
Healthcare,Optician,Credit Card,11.94,EUR,,,,2023-12-25
Dining Out,Thai Takeaway,Credit Card,10.08,EUR,,,,2023-12-25
Entertainment,Spotify Subscription,Savings Account,6.42,EUR,,,,2023-12-25
Utilities,Internet Provider,Cash Wallet,25.69,USD,,,,2023-12-26
Coffee,Espresso Bar,Cash Wallet,3.35,USD,,,,2023-12-28
Dining Out,Burger Joint,Credit Card,10.52,EUR,,,,2023-12-30
Entertainment,Concert Tickets,Checking Account,9.12,USD,,,,2023-12-31
Coffee,Latte To Go,Savings Account,2.68,EUR,,,,2023-12-31
Dining Out,Bistro du Coin,Cash Wallet,12.53,USD,,,,2023-12-31
,Credit Card Payment,Cash Wallet,480.82,USD,Credit Card,442.36,EUR,2024-01-01
Groceries,Trader Joe's,Travel Card,25.10,GEL,,,,2024-01-03
Transport,Bus Pass,Checking Account,3.16,USD,,,,2024-01-04
Groceries,Lidl,Travel Card,37.63,GEL,,,,2024-01-05
Entertainment,Spotify Subscription,Cash Wallet,3.90,USD,,,,2024-01-05
Coffee,Espresso Bar,Checking Account,2.19,USD,,,,2024-01-06
Coffee,Espresso Bar,Cash Wallet,3.45,USD,,,,2024-01-06
Transport,Taxi,Checking Account,8.41,USD,,,,2024-01-06
Dining Out,Restaurant Le Petit,Cash Wallet,12.56,USD,,,,2024-01-07
Entertainment,Concert Tickets,Cash Wallet,7.49,USD,,,,2024-01-07
Coffee,Morning Coffee,Checking Account,1.97,USD,,,,2024-01-07
,Top-up Travel Card,Savings Account,923.12,EUR,Credit Card,923.12,EUR,2024-01-07
Groceries,Lidl,Cash Wallet,12.02,USD,,,,2024-01-10
Utilities,Water Utility,Cash Wallet,13.17,USD,,,,2024-01-10
Salary,Monthly Salary,,,,Checking Account,1521.67,USD,2024-01-10
Dining Out,Bistro du Coin,Credit Card,7.96,EUR,,,,2024-01-11
Transport,Taxi,Checking Account,3.00,USD,,,,2024-01-11
Utilities,Water Utility,Travel Card,25.76,GEL,,,,2024-01-12
Groceries,Local Green Market,Checking Account,6.90,USD,,,,2024-01-13
Transport,Train Ticket,Checking Account,7.85,USD,,,,2024-01-13
Dining Out,Coffee Shop,Travel Card,17.73,GEL,,,,2024-01-13
Shopping,Clothing Store,Cash Wallet,16.59,USD,,,,2024-01-13
Entertainment,Cinema Tickets,Credit Card,3.72,EUR,,,,2024-01-14
Dining Out,Thai Takeaway,Checking Account,10.90,USD,,,,2024-01-14
Entertainment,Spotify Subscription,Cash Wallet,3.27,USD,,,,2024-01-14
Coffee,Morning Coffee,Checking Account,2.51,USD,,,,2024-01-16
Dining Out,Sushi Bar,Cash Wallet,6.27,USD,,,,2024-01-16
Shopping,Electronics Store,Checking Account,7.51,USD,,,,2024-01-18
Coffee,Street Coffee,Travel Card,6.95,GEL,,,,2024-01-19
Coffee,Cafe Mocha,Cash Wallet,2.57,USD,,,,2024-01-19
Transport,Taxi,Checking Account,3.78,USD,,,,2024-01-19
Coffee,Espresso Bar,Checking Account,4.20,USD,,,,2024-01-19
Transport,Bus Pass,Cash Wallet,5.70,USD,,,,2024-01-21
Entertainment,Spotify Subscription,Checking Account,7.33,USD,,,,2024-01-22
Groceries,Neighborhood Market,Credit Card,8.14,EUR,,,,2024-01-22
Groceries,Lidl,Checking Account,6.02,USD,,,,2024-01-23
Transport,Metro Card Top-up,Credit Card,4.13,EUR,,,,2024-01-24
Entertainment,Netflix Subscription,Travel Card,18.27,GEL,,,,2024-01-24
Dining Out,Sushi Bar,Travel Card,17.40,GEL,,,,2024-01-24
Coffee,Latte To Go,Travel Card,11.80,GEL,,,,2024-01-25
Dining Out,Bistro du Coin,Credit Card,4.18,EUR,,,,2024-01-25
Groceries,Aldi,Checking Account,4.96,USD,,,,2024-01-26
Transport,Taxi,Cash Wallet,5.45,USD,,,,2024-01-26
Dining Out,Burger Joint,Checking Account,4.83,USD,,,,2024-01-26
Coffee,Cafe Mocha,Travel Card,11.06,GEL,,,,2024-01-26
Shopping,Clothing Store,Checking Account,11.00,USD,,,,2024-01-27
Transport,Taxi,Travel Card,15.02,GEL,,,,2024-01-27
Coffee,Espresso Bar,Cash Wallet,4.74,USD,,,,2024-01-28
Groceries,Neighborhood Market,Checking Account,11.41,USD,,,,2024-01-28
Entertainment,Netflix Subscription,Credit Card,9.64,EUR,,,,2024-01-28
Dining Out,Sushi Bar,Credit Card,7.79,EUR,,,,2024-01-29
Groceries,Neighborhood Market,Checking Account,8.74,USD,,,,2024-01-30
Entertainment,Book Store,Checking Account,7.64,USD,,,,2024-01-30
Shopping,Amazon Order,Travel Card,49.04,GEL,,,,2024-01-30
,Transfer to Savings,Checking Account,912.66,USD,Credit Card,839.65,EUR,2024-01-30
Coffee,Morning Coffee,Credit Card,2.11,EUR,,,,2024-01-31
Groceries,Aldi,Checking Account,7.32,USD,,,,2024-01-31
Coffee,Espresso Bar,Travel Card,9.63,GEL,,,,2024-01-31
Groceries,Trader Joe's,Credit Card,5.69,EUR,,,,2024-02-02
Groceries,Local Green Market,Credit Card,11.25,EUR,,,,2024-02-02
,Credit Card Payment,Credit Card,572.95,EUR,Savings Account,572.95,EUR,2024-02-02
Healthcare,Gym Membership,Credit Card,12.38,EUR,,,,2024-02-03
Utilities,Gas Bill,Cash Wallet,15.96,USD,,,,2024-02-03
Groceries,Trader Joe's,Cash Wallet,8.64,USD,,,,2024-02-03
Dining Out,Thai Takeaway,Credit Card,6.60,EUR,,,,2024-02-03
Groceries,Trader Joe's,Credit Card,12.99,EUR,,,,2024-02-04
Coffee,Latte To Go,Checking Account,2.72,USD,,,,2024-02-05
Groceries,Carrefour,Cash Wallet,9.47,USD,,,,2024-02-05
Coffee,Morning Coffee,Checking Account,4.37,USD,,,,2024-02-05
Entertainment,Concert Tickets,Cash Wallet,8.04,USD,,,,2024-02-05
Coffee,Cafe Mocha,Checking Account,2.61,USD,,,,2024-02-05
,Cash Withdrawal,Savings Account,232.67,EUR,Checking Account,252.90,USD,2024-02-05
Dining Out,Pizzeria Bella,Checking Account,10.79,USD,,,,2024-02-07
Dining Out,Sushi Bar,Travel Card,23.21,GEL,,,,2024-02-07
Groceries,Trader Joe's,Credit Card,8.07,EUR,,,,2024-02-07
,Savings Deposit,Credit Card,1053.49,EUR,Cash Wallet,1145.10,USD,2024-02-07
Coffee,Morning Coffee,Travel Card,6.63,GEL,,,,2024-02-10
Groceries,Whole Foods Market,Travel Card,15.70,GEL,,,,2024-02-10
Groceries,Neighborhood Market,Checking Account,5.31,USD,,,,2024-02-10
Salary,Monthly Salary,,,,Checking Account,1521.67,USD,2024-02-10
Groceries,Lidl,Cash Wallet,5.11,USD,,,,2024-02-11
Dining Out,Burger Joint,Checking Account,13.09,USD,,,,2024-02-12
Groceries,Whole Foods Market,Checking Account,13.72,USD,,,,2024-02-12
Groceries,Neighborhood Market,Cash Wallet,9.71,USD,,,,2024-02-13
,Savings Deposit,Savings Account,416.23,EUR,Cash Wallet,452.43,USD,2024-02-13
Dining Out,Coffee Shop,Credit Card,8.31,EUR,,,,2024-02-14
Transport,Ride Share,Travel Card,15.99,GEL,,,,2024-02-14
Transport,Fuel Station,Checking Account,1.94,USD,,,,2024-02-14
Entertainment,Concert Tickets,Checking Account,9.86,USD,,,,2024-02-14
Groceries,Trader Joe's,Cash Wallet,10.06,USD,,,,2024-02-15
Healthcare,Optician,Checking Account,13.81,USD,,,,2024-02-16
Dining Out,Pizzeria Bella,Credit Card,10.20,EUR,,,,2024-02-16
Transport,Train Ticket,Credit Card,6.70,EUR,,,,2024-02-16
Coffee,Street Coffee,Checking Account,3.21,USD,,,,2024-02-17
Coffee,Latte To Go,Credit Card,4.24,EUR,,,,2024-02-17
Utilities,Internet Provider,Credit Card,19.33,EUR,,,,2024-02-17
Transport,Bus Pass,Savings Account,4.50,EUR,,,,2024-02-17
Coffee,Espresso Bar,Travel Card,7.53,GEL,,,,2024-02-18
Healthcare,Dental Clinic,Credit Card,14.01,EUR,,,,2024-02-18
,Top-up Travel Card,Travel Card,3168.16,GEL,Savings Account,1079.52,EUR,2024-02-18
Groceries,Lidl,Cash Wallet,8.08,USD,,,,2024-02-19
Coffee,Cafe Mocha,Cash Wallet,3.70,USD,,,,2024-02-20
Groceries,Trader Joe's,Cash Wallet,11.38,USD,,,,2024-02-20
Shopping,Bookshop,Checking Account,17.33,USD,,,,2024-02-21
Shopping,Amazon Order,Cash Wallet,8.85,USD,,,,2024-02-22
Dining Out,Burger Joint,Checking Account,10.97,USD,,,,2024-02-22
Healthcare,Dental Clinic,Checking Account,17.48,USD,,,,2024-02-22
Groceries,Neighborhood Market,Cash Wallet,6.36,USD,,,,2024-02-23
Utilities,Internet Provider,Travel Card,58.58,GEL,,,,2024-02-23
Coffee,Cafe Mocha,Checking Account,4.37,USD,,,,2024-02-23
Coffee,Espresso Bar,Cash Wallet,4.08,USD,,,,2024-02-24
Entertainment,Cinema Tickets,Checking Account,9.25,USD,,,,2024-02-24
Coffee,Morning Coffee,Checking Account,3.59,USD,,,,2024-02-26
Coffee,Espresso Bar,Travel Card,6.18,GEL,,,,2024-02-26
Shopping,Furniture Store,Cash Wallet,13.51,USD,,,,2024-02-26
,Credit Card Payment,Travel Card,2355.94,GEL,Credit Card,802.76,EUR,2024-02-26
Transport,Ride Share,Credit Card,2.68,EUR,,,,2024-02-27
Groceries,Aldi,Cash Wallet,11.22,USD,,,,2024-02-27
Transport,Ride Share,Checking Account,5.82,USD,,,,2024-02-27
Entertainment,Steam Game,Credit Card,7.70,EUR,,,,2024-02-27
Transport,Metro Card Top-up,Cash Wallet,3.11,USD,,,,2024-02-29
Groceries,Carrefour,Checking Account,9.85,USD,,,,2024-02-29
Transport,Train Ticket,Credit Card,6.23,EUR,,,,2024-02-29
Dining Out,Restaurant Le Petit,Cash Wallet,3.95,USD,,,,2024-03-01
Groceries,Neighborhood Market,Credit Card,7.11,EUR,,,,2024-03-02
Healthcare,Optician,Cash Wallet,9.94,USD,,,,2024-03-02
Groceries,Lidl,Checking Account,9.76,USD,,,,2024-03-03
Transport,Fuel Station,Checking Account,1.95,USD,,,,2024-03-04
Groceries,Lidl,Savings Account,10.31,EUR,,,,2024-03-04
Healthcare,Doctor Visit,Cash Wallet,9.92,USD,,,,2024-03-04
Groceries,Neighborhood Market,Credit Card,9.60,EUR,,,,2024-03-04
Transport,Train Ticket,Checking Account,8.42,USD,,,,2024-03-06
,Credit Card Payment,Checking Account,288.86,USD,Savings Account,265.75,EUR,2024-03-06
Groceries,Carrefour,Cash Wallet,11.88,USD,,,,2024-03-08
Coffee,Latte To Go,Cash Wallet,2.34,USD,,,,2024-03-09
Transport,Bus Pass,Credit Card,2.50,EUR,,,,2024-03-09
,Cash Withdrawal,Credit Card,358.88,EUR,Travel Card,1053.24,GEL,2024-03-09
Transport,Taxi,Checking Account,2.52,USD,,,,2024-03-10
Dining Out,Thai Takeaway,Travel Card,34.17,GEL,,,,2024-03-10
Coffee,Morning Coffee,Travel Card,12.97,GEL,,,,2024-03-10
Salary,Monthly Salary,,,,Checking Account,1521.67,USD,2024-03-10
Shopping,Amazon Order,Cash Wallet,18.20,USD,,,,2024-03-11
Groceries,Local Green Market,Credit Card,4.87,EUR,,,,2024-03-11
Groceries,Carrefour,Credit Card,6.85,EUR,,,,2024-03-12
Entertainment,Spotify Subscription,Credit Card,5.07,EUR,,,,2024-03-13
Groceries,Local Green Market,Credit Card,8.75,EUR,,,,2024-03-15
Groceries,Local Green Market,Savings Account,12.71,EUR,,,,2024-03-15
Groceries,Carrefour,Cash Wallet,12.92,USD,,,,2024-03-15
Groceries,Neighborhood Market,Cash Wallet,11.34,USD,,,,2024-03-16
Coffee,Cafe Mocha,Credit Card,1.82,EUR,,,,2024-03-16
Coffee,Morning Coffee,Checking Account,2.75,USD,,,,2024-03-16
Coffee,Espresso Bar,Credit Card,2.37,EUR,,,,2024-03-17
Coffee,Latte To Go,Travel Card,13.01,GEL,,,,2024-03-17
Entertainment,Steam Game,Savings Account,10.41,EUR,,,,2024-03-18
Groceries,Aldi,Checking Account,5.55,USD,,,,2024-03-19
Transport,Fuel Station,Checking Account,6.33,USD,,,,2024-03-19
Groceries,Carrefour,Cash Wallet,12.14,USD,,,,2024-03-19
Groceries,Whole Foods Market,Checking Account,12.51,USD,,,,2024-03-19
Shopping,Furniture Store,Cash Wallet,10.29,USD,,,,2024-03-19
Healthcare,Optician,Travel Card,46.74,GEL,,,,2024-03-19
Groceries,Lidl,Credit Card,5.15,EUR,,,,2024-03-20
Coffee,Morning Coffee,Credit Card,4.24,EUR,,,,2024-03-20
Entertainment,Netflix Subscription,Cash Wallet,8.02,USD,,,,2024-03-20
Shopping,Clothing Store,Credit Card,10.88,EUR,,,,2024-03-20
Coffee,Street Coffee,Travel Card,12.85,GEL,,,,2024-03-20
Entertainment,Concert Tickets,Checking Account,5.81,USD,,,,2024-03-21
Transport,Bus Pass,Cash Wallet,7.86,USD,,,,2024-03-21
,Cash Withdrawal,Savings Account,231.46,EUR,Travel Card,679.28,GEL,2024-03-21
Dining Out,Restaurant Le Petit,Checking Account,7.46,USD,,,,2024-03-22
Coffee,Cafe Mocha,Credit Card,3.82,EUR,,,,2024-03-22
Entertainment,Cinema Tickets,Cash Wallet,4.27,USD,,,,2024-03-23
Travel,Airbnb Stay,Checking Account,110.26,USD,,,,2024-03-23
Coffee,Cafe Mocha,Checking Account,4.83,USD,,,,2024-03-23
Dining Out,Restaurant Le Petit,Checking Account,8.15,USD,,,,2024-03-24
Shopping,Bookshop,Checking Account,11.85,USD,,,,2024-03-24
Groceries,Local Green Market,Cash Wallet,9.99,USD,,,,2024-03-24
Shopping,Amazon Order,Credit Card,12.93,EUR,,,,2024-03-25
Dining Out,Thai Takeaway,Travel Card,28.87,GEL,,,,2024-03-25
Coffee,Morning Coffee,Cash Wallet,4.79,USD,,,,2024-03-25
Utilities,Gas Bill,Checking Account,16.72,USD,,,,2024-03-25
Coffee,Latte To Go,Checking Account,2.58,USD,,,,2024-03-25
Coffee,Street Coffee,Credit Card,4.03,EUR,,,,2024-03-26
Dining Out,Coffee Shop,Travel Card,19.91,GEL,,,,2024-03-26
Shopping,Amazon Order,Credit Card,21.93,EUR,,,,2024-03-26
Shopping,Electronics Store,Credit Card,4.91,EUR,,,,2024-03-27
Transport,Ride Share,Checking Account,3.62,USD,,,,2024-03-27
Shopping,Clothing Store,Credit Card,12.03,EUR,,,,2024-03-29
Entertainment,Spotify Subscription,Cash Wallet,7.53,USD,,,,2024-03-29
Dining Out,Thai Takeaway,Credit Card,9.77,EUR,,,,2024-03-29
Coffee,Cafe Mocha,Cash Wallet,4.42,USD,,,,2024-03-29
Groceries,Neighborhood Market,Checking Account,9.99,USD,,,,2024-03-29
Transport,Train Ticket,Travel Card,21.26,GEL,,,,2024-03-31
Coffee,Espresso Bar,Cash Wallet,3.38,USD,,,,2024-03-31
Coffee,Latte To Go,Cash Wallet,4.29,USD,,,,2024-04-01
Groceries,Lidl,Credit Card,10.91,EUR,,,,2024-04-02
Transport,Ride Share,Checking Account,6.01,USD,,,,2024-04-02
Healthcare,Gym Membership,Checking Account,11.55,USD,,,,2024-04-04
Coffee,Espresso Bar,Credit Card,2.07,EUR,,,,2024-04-04
,Credit Card Payment,Credit Card,136.75,EUR,Cash Wallet,148.64,USD,2024-04-04
Groceries,Aldi,Travel Card,40.60,GEL,,,,2024-04-05
Groceries,Trader Joe's,Travel Card,29.20,GEL,,,,2024-04-05
Groceries,Carrefour,Checking Account,5.51,USD,,,,2024-04-05
Transport,Fuel Station,Credit Card,2.39,EUR,,,,2024-04-05
,Top-up Travel Card,Credit Card,818.88,EUR,Savings Account,818.88,EUR,2024-04-05
Coffee,Latte To Go,Cash Wallet,2.93,USD,,,,2024-04-06
Groceries,Aldi,Credit Card,9.50,EUR,,,,2024-04-06
Dining Out,Thai Takeaway,Checking Account,10.88,USD,,,,2024-04-07
Shopping,Bookshop,Cash Wallet,6.10,USD,,,,2024-04-07
Transport,Train Ticket,Savings Account,2.50,EUR,,,,2024-04-07
Utilities,Internet Provider,Credit Card,9.37,EUR,,,,2024-04-07
Coffee,Morning Coffee,Checking Account,3.23,USD,,,,2024-04-07
Coffee,Street Coffee,Travel Card,12.56,GEL,,,,2024-04-08
Coffee,Street Coffee,Credit Card,2.32,EUR,,,,2024-04-08
Dining Out,Thai Takeaway,Checking Account,7.20,USD,,,,2024-04-09
Dining Out,Restaurant Le Petit,Cash Wallet,13.08,USD,,,,2024-04-09
Coffee,Cafe Mocha,Credit Card,4.20,EUR,,,,2024-04-09
Salary,Monthly Salary,,,,Checking Account,1521.67,USD,2024-04-10
Entertainment,Netflix Subscription,Savings Account,6.45,EUR,,,,2024-04-11
,Cash Withdrawal,Savings Account,619.65,EUR,Travel Card,1818.54,GEL,2024-04-11
,Savings Deposit,Credit Card,307.47,EUR,Checking Account,334.21,USD,2024-04-11
Transport,Bus Pass,Credit Card,3.96,EUR,,,,2024-04-13
Coffee,Street Coffee,Credit Card,1.87,EUR,,,,2024-04-13
Coffee,Latte To Go,Cash Wallet,4.34,USD,,,,2024-04-13
,Savings Deposit,Checking Account,1402.08,USD,Credit Card,1289.91,EUR,2024-04-13
,Transfer to Savings,Travel Card,3683.47,GEL,Cash Wallet,1364.25,USD,2024-04-14
Groceries,Aldi,Cash Wallet,15.13,USD,,,,2024-04-15
Dining Out,Sushi Bar,Cash Wallet,8.17,USD,,,,2024-04-16
Shopping,Furniture Store,Cash Wallet,9.41,USD,,,,2024-04-16
Dining Out,Restaurant Le Petit,Cash Wallet,9.72,USD,,,,2024-04-17
Dining Out,Restaurant Le Petit,Cash Wallet,3.95,USD,,,,2024-04-17
Dining Out,Burger Joint,Cash Wallet,10.93,USD,,,,2024-04-17
Entertainment,Netflix Subscription,Credit Card,6.99,EUR,,,,2024-04-17
Transport,Bus Pass,Checking Account,7.00,USD,,,,2024-04-17
Transport,Ride Share,Credit Card,2.78,EUR,,,,2024-04-17
Dining Out,Bistro du Coin,Checking Account,12.63,USD,,,,2024-04-17
Transport,Train Ticket,Credit Card,4.83,EUR,,,,2024-04-17
,Top-up Travel Card,Cash Wallet,1158.73,USD,Credit Card,1066.03,EUR,2024-04-18
Utilities,Internet Provider,Cash Wallet,28.23,USD,,,,2024-04-19
Coffee,Latte To Go,Checking Account,3.23,USD,,,,2024-04-19
Coffee,Espresso Bar,Checking Account,2.65,USD,,,,2024-04-19
Shopping,Amazon Order,Travel Card,24.04,GEL,,,,2024-04-20
Dining Out,Thai Takeaway,Checking Account,6.18,USD,,,,2024-04-21
Dining Out,Pizzeria Bella,Credit Card,7.13,EUR,,,,2024-04-21
Groceries,Aldi,Cash Wallet,8.18,USD,,,,2024-04-22
Coffee,Latte To Go,Travel Card,7.06,GEL,,,,2024-04-22
Coffee,Street Coffee,Checking Account,4.19,USD,,,,2024-04-22
Groceries,Aldi,Cash Wallet,10.36,USD,,,,2024-04-23
Coffee,Morning Coffee,Checking Account,2.62,USD,,,,2024-04-24
Transport,Ride Share,Travel Card,13.98,GEL,,,,2024-04-26
Coffee,Espresso Bar,Credit Card,2.33,EUR,,,,2024-04-26
Groceries,Whole Foods Market,Credit Card,10.99,EUR,,,,2024-04-27
,Savings Deposit,Checking Account,838.38,USD,Cash Wallet,838.38,USD,2024-04-27
Dining Out,Coffee Shop,Travel Card,20.14,GEL,,,,2024-04-28
Shopping,Clothing Store,Travel Card,65.26,GEL,,,,2024-04-29
Entertainment,Cinema Tickets,Travel Card,31.25,GEL,,,,2024-04-29
Dining Out,Bistro du Coin,Checking Account,9.67,USD,,,,2024-04-30
,Savings Deposit,Travel Card,504.91,GEL,Credit Card,172.04,EUR,2024-04-30
,Savings Deposit,Credit Card,614.31,EUR,Cash Wallet,667.73,USD,2024-04-30
Utilities,Water Utility,Cash Wallet,8.12,USD,,,,2024-05-01
Dining Out,Bistro du Coin,Credit Card,9.55,EUR,,,,2024-05-01
Coffee,Espresso Bar,Credit Card,2.51,EUR,,,,2024-05-01
Coffee,Latte To Go,Checking Account,1.96,USD,,,,2024-05-01
Entertainment,Cinema Tickets,Checking Account,9.07,USD,,,,2024-05-02
Groceries,Carrefour,Checking Account,13.38,USD,,,,2024-05-02
Coffee,Morning Coffee,Checking Account,2.24,USD,,,,2024-05-02
Entertainment,Concert Tickets,Cash Wallet,6.65,USD,,,,2024-05-04
Groceries,Neighborhood Market,Checking Account,8.14,USD,,,,2024-05-04
Coffee,Morning Coffee,Cash Wallet,2.51,USD,,,,2024-05-04
Coffee,Cafe Mocha,Cash Wallet,4.63,USD,,,,2024-05-04
Entertainment,Netflix Subscription,Credit Card,4.33,EUR,,,,2024-05-05
Groceries,Neighborhood Market,Credit Card,12.11,EUR,,,,2024-05-05
Coffee,Morning Coffee,Credit Card,3.76,EUR,,,,2024-05-05
Coffee,Cafe Mocha,Cash Wallet,4.03,USD,,,,2024-05-06
Entertainment,Steam Game,Cash Wallet,3.09,USD,,,,2024-05-07
Dining Out,Coffee Shop,Cash Wallet,7.67,USD,,,,2024-05-07
Healthcare,Doctor Visit,Checking Account,19.24,USD,,,,2024-05-07
Groceries,Neighborhood Market,Savings Account,13.91,EUR,,,,2024-05-07
,Transfer to Savings,Travel Card,3180.16,GEL,Checking Account,1177.84,USD,2024-05-07
Groceries,Whole Foods Market,Cash Wallet,13.58,USD,,,,2024-05-08
Coffee,Street Coffee,Cash Wallet,3.68,USD,,,,2024-05-08
Groceries,Trader Joe's,Credit Card,8.65,EUR,,,,2024-05-08
Groceries,Aldi,Cash Wallet,14.27,USD,,,,2024-05-09
Salary,Payroll Deposit,,,,Checking Account,1521.67,USD,2024-05-10
Coffee,Street Coffee,Credit Card,2.37,EUR,,,,2024-05-11
Coffee,Street Coffee,Savings Account,3.21,EUR,,,,2024-05-11
Dining Out,Thai Takeaway,Travel Card,36.54,GEL,,,,2024-05-11
,Cash Withdrawal,Credit Card,497.85,EUR,Travel Card,1461.07,GEL,2024-05-11
,Savings Deposit,Savings Account,214.82,EUR,Cash Wallet,233.50,USD,2024-05-11
Transport,Taxi,Cash Wallet,6.51,USD,,,,2024-05-12
,Cash Withdrawal,Travel Card,3913.09,GEL,Credit Card,1333.35,EUR,2024-05-12
Coffee,Latte To Go,Checking Account,2.56,USD,,,,2024-05-13
Shopping,Bookshop,Travel Card,53.62,GEL,,,,2024-05-13
Transport,Metro Card Top-up,Credit Card,5.74,EUR,,,,2024-05-15
,Top-up Travel Card,Savings Account,546.71,EUR,Credit Card,546.71,EUR,2024-05-15
Dining Out,Restaurant Le Petit,Credit Card,8.72,EUR,,,,2024-05-16
Utilities,Water Utility,Checking Account,14.24,USD,,,,2024-05-17
Transport,Fuel Station,Savings Account,7.09,EUR,,,,2024-05-17
Groceries,Whole Foods Market,Credit Card,13.53,EUR,,,,2024-05-18
Groceries,Trader Joe's,Checking Account,6.45,USD,,,,2024-05-18
,Transfer to Savings,Travel Card,3074.85,GEL,Checking Account,1138.83,USD,2024-05-18
,Credit Card Payment,Credit Card,748.98,EUR,Travel Card,2198.10,GEL,2024-05-19
Coffee,Morning Coffee,Cash Wallet,3.63,USD,,,,2024-05-20
Groceries,Whole Foods Market,Checking Account,5.46,USD,,,,2024-05-20
Transport,Ride Share,Cash Wallet,3.38,USD,,,,2024-05-21
,Credit Card Payment,Checking Account,1073.78,USD,Cash Wallet,1073.78,USD,2024-05-21
Utilities,Phone Bill,Travel Card,25.49,GEL,,,,2024-05-22
Transport,Bus Pass,Cash Wallet,3.60,USD,,,,2024-05-22
Coffee,Street Coffee,Cash Wallet,4.33,USD,,,,2024-05-22
Dining Out,Restaurant Le Petit,Checking Account,5.03,USD,,,,2024-05-22
Dining Out,Sushi Bar,Savings Account,3.64,EUR,,,,2024-05-22
,Transfer to Savings,Checking Account,740.22,USD,Credit Card,681.00,EUR,2024-05-22
Transport,Train Ticket,Checking Account,5.08,USD,,,,2024-05-23
Coffee,Morning Coffee,Checking Account,2.78,USD,,,,2024-05-23
,Cash Withdrawal,Cash Wallet,1198.48,USD,Savings Account,1102.60,EUR,2024-05-23
Utilities,Internet Provider,Credit Card,28.67,EUR,,,,2024-05-24
Dining Out,Burger Joint,Checking Account,6.91,USD,,,,2024-05-24
Groceries,Neighborhood Market,Checking Account,7.24,USD,,,,2024-05-24
Coffee,Espresso Bar,Cash Wallet,2.30,USD,,,,2024-05-25
Dining Out,Burger Joint,Checking Account,7.05,USD,,,,2024-05-25
Shopping,Clothing Store,Credit Card,8.22,EUR,,,,2024-05-26
Coffee,Latte To Go,Cash Wallet,2.06,USD,,,,2024-05-27
Coffee,Latte To Go,Cash Wallet,2.37,USD,,,,2024-05-28
Shopping,Bookshop,Credit Card,17.60,EUR,,,,2024-05-28
Transport,Train Ticket,Credit Card,3.29,EUR,,,,2024-05-29
Dining Out,Coffee Shop,Credit Card,6.67,EUR,,,,2024-05-30
Groceries,Trader Joe's,Checking Account,12.63,USD,,,,2024-05-31
Transport,Taxi,Credit Card,4.19,EUR,,,,2024-05-31
Transport,Bus Pass,Cash Wallet,2.65,USD,,,,2024-05-31
Entertainment,Netflix Subscription,Travel Card,30.26,GEL,,,,2024-05-31
Transport,Taxi,Cash Wallet,2.60,USD,,,,2024-06-01
Coffee,Morning Coffee,Checking Account,2.47,USD,,,,2024-06-01
,Savings Deposit,Credit Card,179.71,EUR,Savings Account,179.71,EUR,2024-06-01
Groceries,Whole Foods Market,Checking Account,11.14,USD,,,,2024-06-02
Dining Out,Sushi Bar,Cash Wallet,8.20,USD,,,,2024-06-03
Shopping,Clothing Store,Checking Account,14.85,USD,,,,2024-06-03
Dining Out,Coffee Shop,Cash Wallet,6.69,USD,,,,2024-06-03
Transport,Train Ticket,Cash Wallet,2.59,USD,,,,2024-06-03
Dining Out,Bistro du Coin,Credit Card,7.08,EUR,,,,2024-06-04
Shopping,Electronics Store,Credit Card,12.34,EUR,,,,2024-06-04
Shopping,Amazon Order,Credit Card,8.45,EUR,,,,2024-06-04
Utilities,Electric Bill,Credit Card,20.84,EUR,,,,2024-06-04
Entertainment,Cinema Tickets,Credit Card,7.89,EUR,,,,2024-06-05
Transport,Ride Share,Checking Account,3.47,USD,,,,2024-06-05
Coffee,Cafe Mocha,Checking Account,3.98,USD,,,,2024-06-05
Coffee,Morning Coffee,Credit Card,1.91,EUR,,,,2024-06-05
Coffee,Morning Coffee,Credit Card,3.06,EUR,,,,2024-06-06
,Top-up Travel Card,Credit Card,245.14,EUR,Savings Account,245.14,EUR,2024-06-06
Dining Out,Thai Takeaway,Credit Card,3.70,EUR,,,,2024-06-07
Coffee,Morning Coffee,Credit Card,2.65,EUR,,,,2024-06-07
Travel,Car Rental,Checking Account,28.69,USD,,,,2024-06-08
Dining Out,Burger Joint,Cash Wallet,13.43,USD,,,,2024-06-08
Groceries,Aldi,Cash Wallet,6.59,USD,,,,2024-06-08
,Transfer to Savings,Checking Account,745.57,USD,Savings Account,685.92,EUR,2024-06-09
Groceries,Whole Foods Market,Checking Account,8.67,USD,,,,2024-06-10
Coffee,Street Coffee,Checking Account,3.50,USD,,,,2024-06-10
Dining Out,Coffee Shop,Checking Account,9.84,USD,,,,2024-06-10
Salary,Monthly Salary,,,,Checking Account,1521.67,USD,2024-06-10
Coffee,Morning Coffee,Credit Card,4.09,EUR,,,,2024-06-11
,Credit Card Payment,Credit Card,357.69,EUR,Cash Wallet,388.79,USD,2024-06-11
Groceries,Lidl,Cash Wallet,10.57,USD,,,,2024-06-12
Coffee,Cafe Mocha,Cash Wallet,2.47,USD,,,,2024-06-12
Coffee,Espresso Bar,Cash Wallet,4.34,USD,,,,2024-06-13
Coffee,Morning Coffee,Credit Card,3.16,EUR,,,,2024-06-13
,Credit Card Payment,Travel Card,3784.50,GEL,Savings Account,1289.53,EUR,2024-06-14
Entertainment,Netflix Subscription,Cash Wallet,7.05,USD,,,,2024-06-15
Coffee,Cafe Mocha,Credit Card,2.53,EUR,,,,2024-06-16
Groceries,Aldi,Credit Card,6.21,EUR,,,,2024-06-16
Coffee,Morning Coffee,Checking Account,4.21,USD,,,,2024-06-16
Transport,Metro Card Top-up,Cash Wallet,3.41,USD,,,,2024-06-17
Dining Out,Sushi Bar,Checking Account,6.96,USD,,,,2024-06-17
,Top-up Travel Card,Cash Wallet,1297.95,USD,Travel Card,3504.46,GEL,2024-06-17
Entertainment,Spotify Subscription,Checking Account,5.34,USD,,,,2024-06-18
Utilities,Internet Provider,Cash Wallet,19.05,USD,,,,2024-06-19
Entertainment,Steam Game,Checking Account,5.43,USD,,,,2024-06-19
Coffee,Morning Coffee,Checking Account,2.77,USD,,,,2024-06-19
Coffee,Street Coffee,Cash Wallet,3.68,USD,,,,2024-06-19
,Credit Card Payment,Credit Card,846.47,EUR,Checking Account,920.08,USD,2024-06-19
,Credit Card Payment,Cash Wallet,644.50,USD,Credit Card,592.94,EUR,2024-06-20
Groceries,Lidl,Travel Card,38.18,GEL,,,,2024-06-21
Entertainment,Spotify Subscription,Checking Account,9.11,USD,,,,2024-06-21
Transport,Taxi,Checking Account,6.29,USD,,,,2024-06-22
Transport,Bus Pass,Savings Account,4.61,EUR,,,,2024-06-22
Utilities,Phone Bill,Travel Card,40.08,GEL,,,,2024-06-22
,Savings Deposit,Savings Account,681.14,EUR,Cash Wallet,740.37,USD,2024-06-22
,Cash Withdrawal,Savings Account,311.15,EUR,Checking Account,338.21,USD,2024-06-22
Coffee,Morning Coffee,Checking Account,4.39,USD,,,,2024-06-23
Healthcare,Doctor Visit,Credit Card,10.10,EUR,,,,2024-06-23
Healthcare,Doctor Visit,Checking Account,10.18,USD,,,,2024-06-23
,Top-up Travel Card,Credit Card,265.30,EUR,Checking Account,288.37,USD,2024-06-23
Dining Out,Bistro du Coin,Travel Card,29.41,GEL,,,,2024-06-24
Entertainment,Netflix Subscription,Credit Card,6.16,EUR,,,,2024-06-24
Coffee,Cafe Mocha,Checking Account,2.58,USD,,,,2024-06-24
Coffee,Street Coffee,Checking Account,4.59,USD,,,,2024-06-25
Shopping,Electronics Store,Cash Wallet,16.14,USD,,,,2024-06-25
,Transfer to Savings,Credit Card,839.14,EUR,Travel Card,2462.69,GEL,2024-06-25
Utilities,Gas Bill,Cash Wallet,11.66,USD,,,,2024-06-26
,Transfer to Savings,Checking Account,1415.66,USD,Credit Card,1302.41,EUR,2024-06-26
Shopping,Bookshop,Travel Card,23.39,GEL,,,,2024-06-27
Coffee,Espresso Bar,Credit Card,4.04,EUR,,,,2024-06-27
Transport,Fuel Station,Credit Card,7.39,EUR,,,,2024-06-27
Coffee,Espresso Bar,Checking Account,3.09,USD,,,,2024-06-28
Utilities,Water Utility,Checking Account,31.14,USD,,,,2024-06-29
Transport,Metro Card Top-up,Travel Card,19.62,GEL,,,,2024-07-01
Dining Out,Thai Takeaway,Cash Wallet,6.77,USD,,,,2024-07-01
,Transfer to Savings,Savings Account,894.08,EUR,Credit Card,894.08,EUR,2024-07-01
Groceries,Lidl,Savings Account,9.65,EUR,,,,2024-07-02
,Cash Withdrawal,Travel Card,2333.75,GEL,Credit Card,795.20,EUR,2024-07-02
,Top-up Travel Card,Travel Card,2986.25,GEL,Savings Account,1017.54,EUR,2024-07-04
Groceries,Neighborhood Market,Cash Wallet,5.28,USD,,,,2024-07-06
Groceries,Trader Joe's,Checking Account,9.14,USD,,,,2024-07-06
,Top-up Travel Card,Checking Account,956.51,USD,Cash Wallet,956.51,USD,2024-07-06
,Cash Withdrawal,Savings Account,562.23,EUR,Cash Wallet,611.12,USD,2024-07-06
Groceries,Whole Foods Market,Credit Card,12.99,EUR,,,,2024-07-08
Entertainment,Steam Game,Credit Card,3.83,EUR,,,,2024-07-08
Entertainment,Cinema Tickets,Checking Account,10.36,USD,,,,2024-07-08
Utilities,Water Utility,Cash Wallet,24.12,USD,,,,2024-07-09
Entertainment,Netflix Subscription,Credit Card,4.30,EUR,,,,2024-07-09
Dining Out,Coffee Shop,Cash Wallet,12.36,USD,,,,2024-07-09
Dining Out,Sushi Bar,Cash Wallet,12.76,USD,,,,2024-07-09
Healthcare,Gym Membership,Credit Card,12.63,EUR,,,,2024-07-09
Utilities,Gas Bill,Credit Card,12.71,EUR,,,,2024-07-10
Transport,Ride Share,Cash Wallet,3.19,USD,,,,2024-07-10
Dining Out,Coffee Shop,Credit Card,10.63,EUR,,,,2024-07-10
Groceries,Carrefour,Cash Wallet,15.40,USD,,,,2024-07-10
Salary,Salary Deposit,,,,Checking Account,1521.67,USD,2024-07-10
Groceries,Neighborhood Market,Checking Account,11.61,USD,,,,2024-07-12
,Cash Withdrawal,Checking Account,787.95,USD,Travel Card,2127.47,GEL,2024-07-12
Shopping,Electronics Store,Credit Card,11.27,EUR,,,,2024-07-13
Entertainment,Spotify Subscription,Credit Card,5.13,EUR,,,,2024-07-13
Shopping,Furniture Store,Cash Wallet,18.06,USD,,,,2024-07-13
,Top-up Travel Card,Credit Card,1136.44,EUR,Cash Wallet,1235.26,USD,2024-07-13
,Cash Withdrawal,Cash Wallet,620.57,USD,Travel Card,1675.54,GEL,2024-07-13
,Savings Deposit,Travel Card,3928.33,GEL,Checking Account,1454.94,USD,2024-07-13
Groceries,Whole Foods Market,Credit Card,12.18,EUR,,,,2024-07-14
,Savings Deposit,Credit Card,439.06,EUR,Travel Card,1288.53,GEL,2024-07-15
Groceries,Neighborhood Market,Checking Account,8.53,USD,,,,2024-07-16
Transport,Fuel Station,Checking Account,2.91,USD,,,,2024-07-16
Dining Out,Bistro du Coin,Cash Wallet,10.30,USD,,,,2024-07-16
Coffee,Espresso Bar,Checking Account,2.02,USD,,,,2024-07-17
Transport,Fuel Station,Travel Card,15.04,GEL,,,,2024-07-17
Groceries,Local Green Market,Cash Wallet,8.47,USD,,,,2024-07-17
,Savings Deposit,Travel Card,1572.23,GEL,Checking Account,582.31,USD,2024-07-17
,Top-up Travel Card,Cash Wallet,1154.50,USD,Checking Account,1154.50,USD,2024-07-18
Groceries,Trader Joe's,Checking Account,7.07,USD,,,,2024-07-19
Groceries,Lidl,Checking Account,12.07,USD,,,,2024-07-20
Entertainment,Steam Game,Checking Account,9.66,USD,,,,2024-07-21
Entertainment,Steam Game,Cash Wallet,8.25,USD,,,,2024-07-21
Shopping,Furniture Store,Cash Wallet,4.90,USD,,,,2024-07-21
,Cash Withdrawal,Checking Account,380.86,USD,Travel Card,1028.33,GEL,2024-07-22
Coffee,Latte To Go,Savings Account,4.33,EUR,,,,2024-07-23
Groceries,Lidl,Credit Card,6.10,EUR,,,,2024-07-23
,Credit Card Payment,Savings Account,81.87,EUR,Travel Card,240.27,GEL,2024-07-23
Coffee,Morning Coffee,Travel Card,10.35,GEL,,,,2024-07-24
Groceries,Trader Joe's,Checking Account,10.44,USD,,,,2024-07-24
Shopping,Furniture Store,Checking Account,18.95,USD,,,,2024-07-24
Groceries,Local Green Market,Cash Wallet,5.81,USD,,,,2024-07-24
Utilities,Internet Provider,Checking Account,18.97,USD,,,,2024-07-25
Transport,Bus Pass,Cash Wallet,3.52,USD,,,,2024-07-26
,Credit Card Payment,Cash Wallet,1358.63,USD,Travel Card,3668.30,GEL,2024-07-26
Shopping,Electronics Store,Checking Account,16.96,USD,,,,2024-07-27
Coffee,Latte To Go,Cash Wallet,2.66,USD,,,,2024-07-28
Coffee,Latte To Go,Cash Wallet,4.70,USD,,,,2024-07-28
Transport,Ride Share,Credit Card,6.98,EUR,,,,2024-07-28
Shopping,Electronics Store,Checking Account,21.64,USD,,,,2024-07-28
Transport,Ride Share,Checking Account,3.69,USD,,,,2024-07-28
Dining Out,Coffee Shop,Checking Account,12.09,USD,,,,2024-07-29
Coffee,Latte To Go,Checking Account,4.42,USD,,,,2024-07-29
Coffee,Cafe Mocha,Checking Account,4.82,USD,,,,2024-07-30
Dining Out,Restaurant Le Petit,Credit Card,8.61,EUR,,,,2024-07-30
Entertainment,Spotify Subscription,Credit Card,8.57,EUR,,,,2024-07-30
Shopping,Furniture Store,Checking Account,6.12,USD,,,,2024-07-30
Groceries,Trader Joe's,Travel Card,20.48,GEL,,,,2024-07-31
Transport,Metro Card Top-up,Checking Account,2.19,USD,,,,2024-07-31
,Savings Deposit,Travel Card,3608.82,GEL,Credit Card,1229.67,EUR,2024-07-31
Transport,Taxi,Checking Account,6.99,USD,,,,2024-08-01
Groceries,Lidl,Savings Account,4.46,EUR,,,,2024-08-01
Coffee,Morning Coffee,Cash Wallet,3.49,USD,,,,2024-08-02
Transport,Ride Share,Checking Account,6.39,USD,,,,2024-08-02
Dining Out,Sushi Bar,Credit Card,9.99,EUR,,,,2024-08-02
Dining Out,Pizzeria Bella,Checking Account,12.48,USD,,,,2024-08-02
Coffee,Morning Coffee,Checking Account,2.62,USD,,,,2024-08-02
Healthcare,Dental Clinic,Credit Card,6.44,EUR,,,,2024-08-03
Shopping,Electronics Store,Checking Account,10.17,USD,,,,2024-08-03
Shopping,Bookshop,Cash Wallet,20.60,USD,,,,2024-08-05
Coffee,Street Coffee,Cash Wallet,4.27,USD,,,,2024-08-05
Entertainment,Netflix Subscription,Credit Card,4.53,EUR,,,,2024-08-06
,Cash Withdrawal,Credit Card,355.56,EUR,Savings Account,355.56,EUR,2024-08-07
Coffee,Street Coffee,Credit Card,4.02,EUR,,,,2024-08-08
Groceries,Neighborhood Market,Cash Wallet,7.80,USD,,,,2024-08-09
Groceries,Local Green Market,Credit Card,5.45,EUR,,,,2024-08-10
Dining Out,Bistro du Coin,Cash Wallet,6.73,USD,,,,2024-08-10
Groceries,Aldi,Travel Card,14.53,GEL,,,,2024-08-10
Dining Out,Restaurant Le Petit,Checking Account,7.74,USD,,,,2024-08-10
Coffee,Morning Coffee,Savings Account,2.19,EUR,,,,2024-08-10
Salary,Payroll Deposit,,,,Checking Account,1521.67,USD,2024-08-10
Travel,Travel Insurance,Cash Wallet,54.93,USD,,,,2024-08-12
,Transfer to Savings,Checking Account,234.04,USD,Travel Card,631.90,GEL,2024-08-12
Transport,Taxi,Checking Account,5.07,USD,,,,2024-08-13
Transport,Taxi,Credit Card,3.50,EUR,,,,2024-08-14
Transport,Ride Share,Savings Account,7.81,EUR,,,,2024-08-14
Transport,Ride Share,Cash Wallet,2.06,USD,,,,2024-08-14
Dining Out,Pizzeria Bella,Savings Account,8.02,EUR,,,,2024-08-15
Dining Out,Restaurant Le Petit,Checking Account,4.33,USD,,,,2024-08-15
Coffee,Street Coffee,Credit Card,4.34,EUR,,,,2024-08-15
Shopping,Bookshop,Credit Card,16.02,EUR,,,,2024-08-16
Dining Out,Restaurant Le Petit,Cash Wallet,5.97,USD,,,,2024-08-16
Groceries,Aldi,Cash Wallet,13.50,USD,,,,2024-08-16
,Savings Deposit,Savings Account,870.83,EUR,Cash Wallet,946.55,USD,2024-08-16
Coffee,Morning Coffee,Cash Wallet,3.00,USD,,,,2024-08-17
Entertainment,Netflix Subscription,Checking Account,2.91,USD,,,,2024-08-17
,Savings Deposit,Cash Wallet,616.95,USD,Travel Card,1665.77,GEL,2024-08-17
Healthcare,Optician,Cash Wallet,16.20,USD,,,,2024-08-18
,Savings Deposit,Checking Account,444.89,USD,Credit Card,409.30,EUR,2024-08-18
Dining Out,Sushi Bar,Cash Wallet,7.50,USD,,,,2024-08-19
,Transfer to Savings,Savings Account,786.01,EUR,Credit Card,786.01,EUR,2024-08-19
,Cash Withdrawal,Credit Card,460.12,EUR,Cash Wallet,500.13,USD,2024-08-19
Entertainment,Book Store,Cash Wallet,9.46,USD,,,,2024-08-20
Dining Out,Restaurant Le Petit,Credit Card,5.52,EUR,,,,2024-08-21
,Top-up Travel Card,Travel Card,3816.26,GEL,Credit Card,1300.36,EUR,2024-08-21
Groceries,Carrefour,Savings Account,10.26,EUR,,,,2024-08-22
Transport,Train Ticket,Cash Wallet,4.61,USD,,,,2024-08-23
Groceries,Aldi,Cash Wallet,14.86,USD,,,,2024-08-23
Dining Out,Bistro du Coin,Checking Account,9.90,USD,,,,2024-08-23
Groceries,Local Green Market,Checking Account,10.10,USD,,,,2024-08-24
Entertainment,Book Store,Checking Account,10.51,USD,,,,2024-08-24
Entertainment,Steam Game,Credit Card,2.90,EUR,,,,2024-08-25
Shopping,Clothing Store,Checking Account,16.37,USD,,,,2024-08-25
Groceries,Aldi,Cash Wallet,9.45,USD,,,,2024-08-25
Coffee,Latte To Go,Credit Card,2.96,EUR,,,,2024-08-25
Groceries,Neighborhood Market,Checking Account,13.06,USD,,,,2024-08-26
Entertainment,Cinema Tickets,Travel Card,22.25,GEL,,,,2024-08-26
Entertainment,Book Store,Cash Wallet,11.03,USD,,,,2024-08-27
Shopping,Clothing Store,Cash Wallet,7.17,USD,,,,2024-08-27
Coffee,Morning Coffee,Checking Account,3.29,USD,,,,2024-08-28
Entertainment,Netflix Subscription,Credit Card,6.91,EUR,,,,2024-08-28
Groceries,Trader Joe's,Cash Wallet,13.68,USD,,,,2024-08-29
Dining Out,Pizzeria Bella,Checking Account,9.33,USD,,,,2024-08-30
Groceries,Trader Joe's,Travel Card,35.26,GEL,,,,2024-09-01
Transport,Bus Pass,Checking Account,2.98,USD,,,,2024-09-01
Coffee,Street Coffee,Checking Account,4.30,USD,,,,2024-09-02
Shopping,Clothing Store,Savings Account,16.19,EUR,,,,2024-09-02
Dining Out,Burger Joint,Cash Wallet,5.21,USD,,,,2024-09-03
Transport,Train Ticket,Credit Card,5.66,EUR,,,,2024-09-04
Groceries,Neighborhood Market,Cash Wallet,11.80,USD,,,,2024-09-04
Dining Out,Thai Takeaway,Credit Card,4.44,EUR,,,,2024-09-04
Entertainment,Netflix Subscription,Checking Account,7.97,USD,,,,2024-09-04
Groceries,Aldi,Credit Card,12.51,EUR,,,,2024-09-04
Groceries,Carrefour,Savings Account,9.03,EUR,,,,2024-09-05
Entertainment,Spotify Subscription,Checking Account,6.78,USD,,,,2024-09-06
Coffee,Morning Coffee,Checking Account,3.79,USD,,,,2024-09-06
Coffee,Street Coffee,Checking Account,3.34,USD,,,,2024-09-09
Groceries,Lidl,Checking Account,10.56,USD,,,,2024-09-09
Coffee,Latte To Go,Checking Account,2.55,USD,,,,2024-09-09
,Credit Card Payment,Checking Account,1236.01,USD,Savings Account,1137.13,EUR,2024-09-09
Groceries,Neighborhood Market,Cash Wallet,12.93,USD,,,,2024-09-10
Dining Out,Sushi Bar,Checking Account,5.39,USD,,,,2024-09-10
Coffee,Espresso Bar,Cash Wallet,4.11,USD,,,,2024-09-10
Salary,Monthly Salary,,,,Checking Account,1521.67,USD,2024-09-10
,Cash Withdrawal,Checking Account,1115.11,USD,Savings Account,1025.90,EUR,2024-09-11
Shopping,Bookshop,Cash Wallet,10.24,USD,,,,2024-09-13
Healthcare,Gym Membership,Credit Card,15.72,EUR,,,,2024-09-13
Coffee,Espresso Bar,Travel Card,11.45,GEL,,,,2024-09-14
Entertainment,Spotify Subscription,Checking Account,10.43,USD,,,,2024-09-14
Utilities,Phone Bill,Credit Card,31.13,EUR,,,,2024-09-14
Dining Out,Pizzeria Bella,Cash Wallet,6.61,USD,,,,2024-09-14
Shopping,Bookshop,Credit Card,8.75,EUR,,,,2024-09-14
Coffee,Morning Coffee,Credit Card,3.10,EUR,,,,2024-09-15
Shopping,Clothing Store,Cash Wallet,19.75,USD,,,,2024-09-15
Coffee,Street Coffee,Credit Card,3.88,EUR,,,,2024-09-15
Coffee,Morning Coffee,Cash Wallet,3.96,USD,,,,2024-09-15
Utilities,Water Utility,Savings Account,8.43,EUR,,,,2024-09-15
Dining Out,Bistro du Coin,Savings Account,4.79,EUR,,,,2024-09-15
Transport,Ride Share,Cash Wallet,2.94,USD,,,,2024-09-16
,Cash Withdrawal,Cash Wallet,695.65,USD,Checking Account,695.65,USD,2024-09-16
Entertainment,Steam Game,Cash Wallet,4.69,USD,,,,2024-09-17
Groceries,Aldi,Credit Card,5.19,EUR,,,,2024-09-18
Coffee,Cafe Mocha,Credit Card,4.18,EUR,,,,2024-09-18
Dining Out,Bistro du Coin,Cash Wallet,4.32,USD,,,,2024-09-18
Coffee,Cafe Mocha,Checking Account,2.01,USD,,,,2024-09-19
Shopping,Electronics Store,Cash Wallet,5.22,USD,,,,2024-09-19
Coffee,Latte To Go,Credit Card,2.73,EUR,,,,2024-09-19
,Cash Withdrawal,Checking Account,698.28,USD,Savings Account,642.42,EUR,2024-09-19
,Cash Withdrawal,Credit Card,326.93,EUR,Checking Account,355.36,USD,2024-09-19
,Savings Deposit,Cash Wallet,176.98,USD,Checking Account,176.98,USD,2024-09-19
,Top-up Travel Card,Travel Card,510.43,GEL,Checking Account,189.05,USD,2024-09-19
,Savings Deposit,Travel Card,1553.36,GEL,Credit Card,529.29,EUR,2024-09-20
Utilities,Electric Bill,Cash Wallet,25.49,USD,,,,2024-09-22
,Top-up Travel Card,Savings Account,492.69,EUR,Credit Card,492.69,EUR,2024-09-22
Transport,Fuel Station,Savings Account,2.80,EUR,,,,2024-09-23
Entertainment,Cinema Tickets,Checking Account,5.86,USD,,,,2024-09-23
Dining Out,Bistro du Coin,Credit Card,3.66,EUR,,,,2024-09-24
Groceries,Aldi,Checking Account,12.51,USD,,,,2024-09-24
Coffee,Street Coffee,Savings Account,3.45,EUR,,,,2024-09-24
,Top-up Travel Card,Credit Card,868.54,EUR,Checking Account,944.06,USD,2024-09-25
Dining Out,Thai Takeaway,Cash Wallet,8.86,USD,,,,2024-09-26
Dining Out,Coffee Shop,Checking Account,4.26,USD,,,,2024-09-27
Dining Out,Sushi Bar,Checking Account,6.38,USD,,,,2024-09-28
Entertainment,Cinema Tickets,Credit Card,7.12,EUR,,,,2024-09-28
Groceries,Trader Joe's,Cash Wallet,6.90,USD,,,,2024-09-30
Shopping,Furniture Store,Cash Wallet,16.88,USD,,,,2024-10-01
Groceries,Aldi,Checking Account,8.36,USD,,,,2024-10-01
Dining Out,Sushi Bar,Cash Wallet,4.08,USD,,,,2024-10-01
Entertainment,Book Store,Cash Wallet,5.48,USD,,,,2024-10-01
Coffee,Espresso Bar,Checking Account,2.37,USD,,,,2024-10-01
Entertainment,Cinema Tickets,Cash Wallet,7.13,USD,,,,2024-10-02
Dining Out,Burger Joint,Cash Wallet,7.11,USD,,,,2024-10-03
Groceries,Carrefour,Travel Card,19.55,GEL,,,,2024-10-05
Coffee,Espresso Bar,Checking Account,2.10,USD,,,,2024-10-05
,Cash Withdrawal,Savings Account,595.83,EUR,Cash Wallet,647.64,USD,2024-10-05
Dining Out,Restaurant Le Petit,Cash Wallet,11.77,USD,,,,2024-10-06
Groceries,Local Green Market,Cash Wallet,6.58,USD,,,,2024-10-06
Dining Out,Sushi Bar,Credit Card,12.14,EUR,,,,2024-10-06
Coffee,Latte To Go,Credit Card,3.81,EUR,,,,2024-10-06
Coffee,Street Coffee,Cash Wallet,2.84,USD,,,,2024-10-07
Coffee,Espresso Bar,Credit Card,2.27,EUR,,,,2024-10-07
Transport,Bus Pass,Cash Wallet,5.72,USD,,,,2024-10-07
Groceries,Lidl,Checking Account,14.62,USD,,,,2024-10-08
Travel,Airbnb Stay,Checking Account,34.56,USD,,,,2024-10-08
Coffee,Street Coffee,Cash Wallet,3.68,USD,,,,2024-10-08
Groceries,Trader Joe's,Checking Account,7.80,USD,,,,2024-10-09
Coffee,Morning Coffee,Checking Account,2.98,USD,,,,2024-10-09
Healthcare,Pharmacy,Credit Card,16.82,EUR,,,,2024-10-10
Transport,Metro Card Top-up,Checking Account,3.21,USD,,,,2024-10-10
Salary,Salary Deposit,,,,Checking Account,1521.67,USD,2024-10-10
Transport,Taxi,Cash Wallet,4.58,USD,,,,2024-10-11
,Top-up Travel Card,Travel Card,3126.41,GEL,Savings Account,1065.30,EUR,2024-10-11
Healthcare,Doctor Visit,Checking Account,5.63,USD,,,,2024-10-12
Dining Out,Bistro du Coin,Cash Wallet,4.18,USD,,,,2024-10-12
Transport,Bus Pass,Checking Account,4.55,USD,,,,2024-10-12
Groceries,Lidl,Checking Account,5.02,USD,,,,2024-10-13
Shopping,Electronics Store,Checking Account,5.53,USD,,,,2024-10-13
Dining Out,Bistro du Coin,Credit Card,11.73,EUR,,,,2024-10-13
Shopping,Furniture Store,Checking Account,17.89,USD,,,,2024-10-14
Coffee,Latte To Go,Cash Wallet,3.82,USD,,,,2024-10-14
,Credit Card Payment,Savings Account,1191.56,EUR,Cash Wallet,1295.18,USD,2024-10-14
Coffee,Street Coffee,Cash Wallet,2.57,USD,,,,2024-10-15
Coffee,Latte To Go,Checking Account,3.32,USD,,,,2024-10-15
Entertainment,Cinema Tickets,Checking Account,2.93,USD,,,,2024-10-15
Coffee,Espresso Bar,Cash Wallet,3.38,USD,,,,2024-10-15
,Top-up Travel Card,Credit Card,476.42,EUR,Travel Card,1398.19,GEL,2024-10-15
Coffee,Espresso Bar,Travel Card,10.79,GEL,,,,2024-10-16
Groceries,Trader Joe's,Credit Card,6.68,EUR,,,,2024-10-18
Transport,Ride Share,Travel Card,7.10,GEL,,,,2024-10-18
Groceries,Lidl,Cash Wallet,5.44,USD,,,,2024-10-19
Groceries,Whole Foods Market,Cash Wallet,13.52,USD,,,,2024-10-19
,Credit Card Payment,Cash Wallet,1105.76,USD,Credit Card,1017.30,EUR,2024-10-19
Travel,Airbnb Stay,Savings Account,54.66,EUR,,,,2024-10-20
Entertainment,Cinema Tickets,Savings Account,6.47,EUR,,,,2024-10-20
,Savings Deposit,Savings Account,160.76,EUR,Travel Card,471.79,GEL,2024-10-20
Coffee,Espresso Bar,Checking Account,4.61,USD,,,,2024-10-22
Coffee,Latte To Go,Cash Wallet,4.67,USD,,,,2024-10-24
Groceries,Aldi,Cash Wallet,5.93,USD,,,,2024-10-24
Groceries,Carrefour,Travel Card,25.40,GEL,,,,2024-10-24
Shopping,Bookshop,Checking Account,10.38,USD,,,,2024-10-24
Dining Out,Burger Joint,Checking Account,7.25,USD,,,,2024-10-24
Groceries,Whole Foods Market,Credit Card,10.18,EUR,,,,2024-10-26
,Savings Deposit,Credit Card,588.33,EUR,Savings Account,588.33,EUR,2024-10-26
Dining Out,Burger Joint,Credit Card,5.86,EUR,,,,2024-10-27
Coffee,Espresso Bar,Credit Card,3.81,EUR,,,,2024-10-27
Dining Out,Thai Takeaway,Cash Wallet,5.07,USD,,,,2024-10-28
Dining Out,Restaurant Le Petit,Cash Wallet,5.85,USD,,,,2024-10-28
Entertainment,Cinema Tickets,Checking Account,9.34,USD,,,,2024-10-28
Coffee,Latte To Go,Savings Account,3.60,EUR,,,,2024-10-29
,Credit Card Payment,Travel Card,2867.13,GEL,Cash Wallet,1061.90,USD,2024-10-29
Entertainment,Steam Game,Checking Account,6.58,USD,,,,2024-10-30
Dining Out,Coffee Shop,Cash Wallet,8.94,USD,,,,2024-10-30
,Credit Card Payment,Credit Card,417.90,EUR,Savings Account,417.90,EUR,2024-10-30
Shopping,Furniture Store,Cash Wallet,11.43,USD,,,,2024-10-31
Entertainment,Netflix Subscription,Checking Account,8.59,USD,,,,2024-10-31
Dining Out,Burger Joint,Credit Card,6.22,EUR,,,,2024-10-31
Coffee,Morning Coffee,Cash Wallet,4.29,USD,,,,2024-11-01
Coffee,Morning Coffee,Cash Wallet,3.03,USD,,,,2024-11-02
Transport,Fuel Station,Checking Account,6.93,USD,,,,2024-11-02
Shopping,Furniture Store,Checking Account,12.81,USD,,,,2024-11-02
Transport,Metro Card Top-up,Cash Wallet,7.89,USD,,,,2024-11-03
Transport,Metro Card Top-up,Credit Card,6.08,EUR,,,,2024-11-05
Dining Out,Restaurant Le Petit,Cash Wallet,13.09,USD,,,,2024-11-05
,Transfer to Savings,Cash Wallet,120.05,USD,Travel Card,324.14,GEL,2024-11-06
Dining Out,Sushi Bar,Checking Account,11.47,USD,,,,2024-11-08
Coffee,Cafe Mocha,Checking Account,3.90,USD,,,,2024-11-08
,Savings Deposit,Travel Card,952.40,GEL,Savings Account,324.52,EUR,2024-11-08
,Credit Card Payment,Savings Account,485.30,EUR,Credit Card,485.30,EUR,2024-11-08
Shopping,Bookshop,Travel Card,29.80,GEL,,,,2024-11-10
Coffee,Latte To Go,Checking Account,3.97,USD,,,,2024-11-10
Dining Out,Burger Joint,Cash Wallet,6.58,USD,,,,2024-11-10
Salary,Monthly Salary,,,,Checking Account,1521.67,USD,2024-11-10
Dining Out,Sushi Bar,Checking Account,7.71,USD,,,,2024-11-11
Transport,Taxi,Travel Card,5.52,GEL,,,,2024-11-11
Dining Out,Restaurant Le Petit,Cash Wallet,6.15,USD,,,,2024-11-11
Transport,Bus Pass,Credit Card,2.68,EUR,,,,2024-11-12
Dining Out,Sushi Bar,Cash Wallet,12.36,USD,,,,2024-11-12
Entertainment,Spotify Subscription,Cash Wallet,4.00,USD,,,,2024-11-13
Groceries,Whole Foods Market,Credit Card,9.37,EUR,,,,2024-11-13
Transport,Metro Card Top-up,Credit Card,6.34,EUR,,,,2024-11-14
Dining Out,Coffee Shop,Travel Card,29.78,GEL,,,,2024-11-14
Healthcare,Optician,Checking Account,18.51,USD,,,,2024-11-14
Shopping,Clothing Store,Savings Account,12.53,EUR,,,,2024-11-15
Coffee,Espresso Bar,Credit Card,1.81,EUR,,,,2024-11-17
Dining Out,Sushi Bar,Savings Account,6.15,EUR,,,,2024-11-18
Dining Out,Coffee Shop,Cash Wallet,7.10,USD,,,,2024-11-18
Coffee,Latte To Go,Checking Account,4.65,USD,,,,2024-11-18
,Top-up Travel Card,Checking Account,845.15,USD,Credit Card,777.54,EUR,2024-11-18
,Transfer to Savings,Credit Card,610.67,EUR,Savings Account,610.67,EUR,2024-11-18
Coffee,Latte To Go,Credit Card,3.98,EUR,,,,2024-11-19
Groceries,Whole Foods Market,Cash Wallet,4.93,USD,,,,2024-11-19
Coffee,Street Coffee,Cash Wallet,4.13,USD,,,,2024-11-19
Transport,Fuel Station,Checking Account,2.50,USD,,,,2024-11-19
Travel,Airbnb Stay,Travel Card,189.75,GEL,,,,2024-11-20
Groceries,Trader Joe's,Credit Card,8.21,EUR,,,,2024-11-20
Coffee,Espresso Bar,Checking Account,4.74,USD,,,,2024-11-21
Healthcare,Pharmacy,Travel Card,32.66,GEL,,,,2024-11-21
Entertainment,Book Store,Credit Card,6.45,EUR,,,,2024-11-21
Coffee,Cafe Mocha,Checking Account,3.82,USD,,,,2024-11-21
Coffee,Latte To Go,Checking Account,2.09,USD,,,,2024-11-21
Dining Out,Thai Takeaway,Checking Account,10.53,USD,,,,2024-11-21
,Cash Withdrawal,Travel Card,3780.00,GEL,Cash Wallet,1400.00,USD,2024-11-21
Travel,Hotel Stay,Credit Card,57.06,EUR,,,,2024-11-22
Healthcare,Gym Membership,Travel Card,37.54,GEL,,,,2024-11-22
Groceries,Neighborhood Market,Checking Account,9.46,USD,,,,2024-11-22
Coffee,Morning Coffee,Cash Wallet,3.61,USD,,,,2024-11-23
Entertainment,Book Store,Cash Wallet,11.28,USD,,,,2024-11-24
Coffee,Morning Coffee,Cash Wallet,4.51,USD,,,,2024-11-24
Groceries,Local Green Market,Checking Account,5.55,USD,,,,2024-11-25
Coffee,Cafe Mocha,Cash Wallet,4.10,USD,,,,2024-11-25
Coffee,Street Coffee,Cash Wallet,4.32,USD,,,,2024-11-25
Dining Out,Thai Takeaway,Savings Account,5.24,EUR,,,,2024-11-25
Coffee,Latte To Go,Savings Account,2.48,EUR,,,,2024-11-26
Healthcare,Gym Membership,Credit Card,15.73,EUR,,,,2024-11-27
Transport,Metro Card Top-up,Credit Card,3.10,EUR,,,,2024-11-28
,Credit Card Payment,Cash Wallet,82.83,USD,Checking Account,82.83,USD,2024-11-28
Dining Out,Sushi Bar,Savings Account,5.10,EUR,,,,2024-11-29
Dining Out,Restaurant Le Petit,Checking Account,3.97,USD,,,,2024-12-01
Dining Out,Pizzeria Bella,Checking Account,6.85,USD,,,,2024-12-01
Groceries,Carrefour,Cash Wallet,8.16,USD,,,,2024-12-01
Transport,Ride Share,Cash Wallet,4.41,USD,,,,2024-12-01
Groceries,Aldi,Cash Wallet,12.94,USD,,,,2024-12-02
,Savings Deposit,Credit Card,651.92,EUR,Cash Wallet,708.61,USD,2024-12-02
Coffee,Morning Coffee,Cash Wallet,2.91,USD,,,,2024-12-03
Coffee,Latte To Go,Cash Wallet,4.37,USD,,,,2024-12-03
Groceries,Whole Foods Market,Travel Card,27.82,GEL,,,,2024-12-03
Coffee,Latte To Go,Checking Account,3.45,USD,,,,2024-12-04
Coffee,Morning Coffee,Credit Card,2.65,EUR,,,,2024-12-05
,Credit Card Payment,Travel Card,491.19,GEL,Credit Card,167.37,EUR,2024-12-05
Groceries,Trader Joe's,Cash Wallet,13.11,USD,,,,2024-12-06
Dining Out,Thai Takeaway,Credit Card,12.47,EUR,,,,2024-12-06
Coffee,Street Coffee,Checking Account,4.28,USD,,,,2024-12-06
Healthcare,Doctor Visit,Credit Card,15.91,EUR,,,,2024-12-07
Healthcare,Doctor Visit,Checking Account,7.40,USD,,,,2024-12-08
,Transfer to Savings,Savings Account,359.01,EUR,Checking Account,390.22,USD,2024-12-08
Dining Out,Coffee Shop,Checking Account,4.85,USD,,,,2024-12-09
Transport,Train Ticket,Credit Card,4.97,EUR,,,,2024-12-10
Coffee,Morning Coffee,Credit Card,2.89,EUR,,,,2024-12-10
Salary,Payroll Deposit,,,,Checking Account,1521.67,USD,2024-12-10
Transport,Bus Pass,Cash Wallet,5.16,USD,,,,2024-12-11
Utilities,Internet Provider,Credit Card,21.08,EUR,,,,2024-12-11
Coffee,Latte To Go,Checking Account,2.61,USD,,,,2024-12-11
,Transfer to Savings,Checking Account,659.23,USD,Credit Card,606.49,EUR,2024-12-12
Groceries,Whole Foods Market,Cash Wallet,8.12,USD,,,,2024-12-13
,Credit Card Payment,Checking Account,169.65,USD,Travel Card,458.06,GEL,2024-12-13
Dining Out,Sushi Bar,Credit Card,4.21,EUR,,,,2024-12-14
Transport,Taxi,Checking Account,6.40,USD,,,,2024-12-14
Groceries,Trader Joe's,Travel Card,31.62,GEL,,,,2024-12-14
Dining Out,Thai Takeaway,Credit Card,11.99,EUR,,,,2024-12-14
Coffee,Street Coffee,Travel Card,6.16,GEL,,,,2024-12-14
Healthcare,Optician,Savings Account,17.53,EUR,,,,2024-12-14
Dining Out,Sushi Bar,Checking Account,12.39,USD,,,,2024-12-15
Coffee,Street Coffee,Credit Card,2.84,EUR,,,,2024-12-15
Dining Out,Sushi Bar,Credit Card,10.80,EUR,,,,2024-12-16
Shopping,Bookshop,Cash Wallet,18.94,USD,,,,2024-12-16
Coffee,Morning Coffee,Cash Wallet,2.70,USD,,,,2024-12-17
Groceries,Neighborhood Market,Checking Account,6.50,USD,,,,2024-12-17
Coffee,Espresso Bar,Cash Wallet,2.11,USD,,,,2024-12-17
Coffee,Street Coffee,Credit Card,3.02,EUR,,,,2024-12-17
Shopping,Clothing Store,Savings Account,15.98,EUR,,,,2024-12-18
Groceries,Aldi,Cash Wallet,9.88,USD,,,,2024-12-18
Dining Out,Thai Takeaway,Cash Wallet,5.35,USD,,,,2024-12-19
Coffee,Espresso Bar,Cash Wallet,3.01,USD,,,,2024-12-19
Transport,Ride Share,Checking Account,3.41,USD,,,,2024-12-19
Coffee,Latte To Go,Checking Account,3.87,USD,,,,2024-12-19
Transport,Taxi,Checking Account,8.36,USD,,,,2024-12-21
Dining Out,Bistro du Coin,Checking Account,12.59,USD,,,,2024-12-21
Groceries,Aldi,Checking Account,13.83,USD,,,,2024-12-21
Dining Out,Coffee Shop,Credit Card,4.02,EUR,,,,2024-12-21
,Top-up Travel Card,Checking Account,670.36,USD,Credit Card,616.73,EUR,2024-12-21
Coffee,Street Coffee,Cash Wallet,2.72,USD,,,,2024-12-22
Dining Out,Pizzeria Bella,Checking Account,9.87,USD,,,,2024-12-22
Groceries,Neighborhood Market,Cash Wallet,13.73,USD,,,,2024-12-23
Utilities,Gas Bill,Credit Card,27.25,EUR,,,,2024-12-23
Transport,Taxi,Checking Account,8.64,USD,,,,2024-12-23
Healthcare,Doctor Visit,Credit Card,17.12,EUR,,,,2024-12-25
Utilities,Internet Provider,Travel Card,81.66,GEL,,,,2024-12-26
Groceries,Aldi,Checking Account,14.13,USD,,,,2024-12-27
Transport,Bus Pass,Travel Card,19.13,GEL,,,,2024-12-27
Coffee,Latte To Go,Checking Account,2.13,USD,,,,2024-12-28
,Top-up Travel Card,Checking Account,446.37,USD,Savings Account,410.66,EUR,2024-12-28
Coffee,Street Coffee,Cash Wallet,3.49,USD,,,,2024-12-29
Shopping,Bookshop,Checking Account,18.98,USD,,,,2024-12-29
Coffee,Espresso Bar,Travel Card,11.53,GEL,,,,2024-12-29
Transport,Fuel Station,Credit Card,7.80,EUR,,,,2024-12-29
Transport,Train Ticket,Cash Wallet,5.30,USD,,,,2024-12-29
Shopping,Amazon Order,Credit Card,8.70,EUR,,,,2024-12-30
Healthcare,Pharmacy,Checking Account,13.36,USD,,,,2024-12-30
Groceries,Local Green Market,Credit Card,10.70,EUR,,,,2024-12-30
,Cash Withdrawal,Checking Account,1496.64,USD,Savings Account,1376.91,EUR,2024-12-31
,Credit Card Payment,Travel Card,3704.55,GEL,Checking Account,1372.06,USD,2024-12-31
Transport,Fuel Station,Checking Account,2.71,USD,,,,2025-01-02
Dining Out,Pizzeria Bella,Travel Card,28.24,GEL,,,,2025-01-02
Coffee,Latte To Go,Cash Wallet,3.64,USD,,,,2025-01-03
Dining Out,Burger Joint,Credit Card,10.50,EUR,,,,2025-01-03
Transport,Taxi,Cash Wallet,4.11,USD,,,,2025-01-04
Groceries,Local Green Market,Checking Account,6.77,USD,,,,2025-01-05
Coffee,Espresso Bar,Checking Account,4.48,USD,,,,2025-01-06
,Transfer to Savings,Savings Account,290.72,EUR,Credit Card,290.72,EUR,2025-01-06
Coffee,Latte To Go,Savings Account,3.97,EUR,,,,2025-01-07
Coffee,Morning Coffee,Cash Wallet,3.94,USD,,,,2025-01-08
Dining Out,Restaurant Le Petit,Cash Wallet,7.83,USD,,,,2025-01-08
Dining Out,Bistro du Coin,Cash Wallet,9.91,USD,,,,2025-01-08
,Savings Deposit,Travel Card,3813.85,GEL,Checking Account,1412.54,USD,2025-01-08
Shopping,Furniture Store,Checking Account,14.08,USD,,,,2025-01-09
Healthcare,Pharmacy,Cash Wallet,17.52,USD,,,,2025-01-09
Dining Out,Bistro du Coin,Cash Wallet,12.93,USD,,,,2025-01-09
Coffee,Cafe Mocha,Credit Card,2.03,EUR,,,,2025-01-09
,Savings Deposit,Savings Account,639.73,EUR,Travel Card,1877.47,GEL,2025-01-09
Utilities,Gas Bill,Cash Wallet,19.38,USD,,,,2025-01-10
Salary,Payroll Deposit,,,,Checking Account,1521.67,USD,2025-01-10
,Top-up Travel Card,Travel Card,722.49,GEL,Credit Card,246.18,EUR,2025-01-10
Groceries,Local Green Market,Cash Wallet,10.80,USD,,,,2025-01-11
Dining Out,Coffee Shop,Credit Card,9.87,EUR,,,,2025-01-12
Dining Out,Thai Takeaway,Checking Account,7.39,USD,,,,2025-01-12
Transport,Fuel Station,Cash Wallet,7.12,USD,,,,2025-01-12
,Credit Card Payment,Credit Card,124.24,EUR,Travel Card,364.62,GEL,2025-01-12
Entertainment,Concert Tickets,Credit Card,7.55,EUR,,,,2025-01-13
,Transfer to Savings,Travel Card,2097.33,GEL,Savings Account,714.65,EUR,2025-01-13
Dining Out,Pizzeria Bella,Credit Card,11.29,EUR,,,,2025-01-15
Coffee,Street Coffee,Cash Wallet,3.45,USD,,,,2025-01-15
,Credit Card Payment,Savings Account,1042.19,EUR,Travel Card,3058.59,GEL,2025-01-15
Coffee,Espresso Bar,Cash Wallet,3.95,USD,,,,2025-01-16
,Cash Withdrawal,Savings Account,1119.21,EUR,Cash Wallet,1216.54,USD,2025-01-16
Entertainment,Steam Game,Credit Card,3.92,EUR,,,,2025-01-17
Coffee,Espresso Bar,Checking Account,3.77,USD,,,,2025-01-17
Coffee,Cafe Mocha,Credit Card,4.36,EUR,,,,2025-01-17
Entertainment,Spotify Subscription,Savings Account,8.00,EUR,,,,2025-01-17
Transport,Fuel Station,Credit Card,4.18,EUR,,,,2025-01-17
Coffee,Morning Coffee,Savings Account,3.87,EUR,,,,2025-01-17
Entertainment,Steam Game,Cash Wallet,8.30,USD,,,,2025-01-18
Entertainment,Concert Tickets,Cash Wallet,7.26,USD,,,,2025-01-18
Coffee,Espresso Bar,Checking Account,3.04,USD,,,,2025-01-18
Groceries,Carrefour,Savings Account,11.53,EUR,,,,2025-01-19
Coffee,Street Coffee,Checking Account,2.14,USD,,,,2025-01-19
Transport,Fuel Station,Credit Card,4.50,EUR,,,,2025-01-19
Shopping,Electronics Store,Credit Card,19.85,EUR,,,,2025-01-20
,Credit Card Payment,Credit Card,105.41,EUR,Travel Card,309.37,GEL,2025-01-20
Coffee,Street Coffee,Cash Wallet,2.21,USD,,,,2025-01-22
Healthcare,Dental Clinic,Credit Card,4.88,EUR,,,,2025-01-22
Groceries,Local Green Market,Cash Wallet,9.59,USD,,,,2025-01-23
Shopping,Furniture Store,Cash Wallet,14.46,USD,,,,2025-01-23
Coffee,Cafe Mocha,Cash Wallet,2.76,USD,,,,2025-01-23
,Cash Withdrawal,Savings Account,392.48,EUR,Travel Card,1151.83,GEL,2025-01-23
Shopping,Electronics Store,Credit Card,8.19,EUR,,,,2025-01-24
Coffee,Latte To Go,Cash Wallet,4.60,USD,,,,2025-01-24
Shopping,Amazon Order,Credit Card,6.64,EUR,,,,2025-01-24
Shopping,Furniture Store,Checking Account,18.88,USD,,,,2025-01-25
Transport,Taxi,Cash Wallet,6.93,USD,,,,2025-01-25
Entertainment,Cinema Tickets,Credit Card,3.59,EUR,,,,2025-01-26
Groceries,Whole Foods Market,Credit Card,10.33,EUR,,,,2025-01-26
Entertainment,Steam Game,Credit Card,5.21,EUR,,,,2025-01-26
Groceries,Neighborhood Market,Credit Card,6.04,EUR,,,,2025-01-27
Transport,Taxi,Credit Card,2.84,EUR,,,,2025-01-28
Groceries,Aldi,Checking Account,9.64,USD,,,,2025-01-28
Shopping,Furniture Store,Credit Card,10.27,EUR,,,,2025-01-29
,Cash Withdrawal,Checking Account,730.23,USD,Cash Wallet,730.23,USD,2025-01-30
Dining Out,Coffee Shop,Cash Wallet,9.60,USD,,,,2025-01-31
Transport,Taxi,Credit Card,2.13,EUR,,,,2025-01-31
Transport,Metro Card Top-up,Checking Account,2.88,USD,,,,2025-02-01
Groceries,Local Green Market,Credit Card,8.97,EUR,,,,2025-02-02
Groceries,Whole Foods Market,Cash Wallet,14.78,USD,,,,2025-02-02
Coffee,Latte To Go,Credit Card,3.24,EUR,,,,2025-02-03
Groceries,Local Green Market,Cash Wallet,13.29,USD,,,,2025-02-04
Transport,Train Ticket,Credit Card,2.43,EUR,,,,2025-02-04
Dining Out,Burger Joint,Cash Wallet,10.52,USD,,,,2025-02-06
Healthcare,Gym Membership,Credit Card,15.92,EUR,,,,2025-02-06
Shopping,Electronics Store,Credit Card,17.62,EUR,,,,2025-02-06
,Cash Withdrawal,Credit Card,1124.25,EUR,Travel Card,3299.44,GEL,2025-02-06
Coffee,Street Coffee,Cash Wallet,2.79,USD,,,,2025-02-07
Coffee,Morning Coffee,Credit Card,3.33,EUR,,,,2025-02-08
Travel,Flight Booking,Savings Account,73.20,EUR,,,,2025-02-08
Groceries,Lidl,Credit Card,6.43,EUR,,,,2025-02-09
Coffee,Cafe Mocha,Savings Account,3.73,EUR,,,,2025-02-09
Coffee,Cafe Mocha,Checking Account,3.36,USD,,,,2025-02-09
Entertainment,Steam Game,Checking Account,10.67,USD,,,,2025-02-10
Entertainment,Cinema Tickets,Cash Wallet,5.34,USD,,,,2025-02-10
Entertainment,Book Store,Cash Wallet,10.55,USD,,,,2025-02-10
Groceries,Local Green Market,Credit Card,6.18,EUR,,,,2025-02-10
Salary,Monthly Salary,,,,Checking Account,1521.67,USD,2025-02-10
Coffee,Latte To Go,Checking Account,3.50,USD,,,,2025-02-11
Healthcare,Pharmacy,Credit Card,7.56,EUR,,,,2025-02-12
Shopping,Amazon Order,Savings Account,14.42,EUR,,,,2025-02-13
Groceries,Lidl,Cash Wallet,6.76,USD,,,,2025-02-13
Groceries,Aldi,Cash Wallet,8.01,USD,,,,2025-02-14
Coffee,Espresso Bar,Cash Wallet,2.30,USD,,,,2025-02-15
Transport,Taxi,Travel Card,17.94,GEL,,,,2025-02-15
Dining Out,Sushi Bar,Checking Account,12.98,USD,,,,2025-02-15
Coffee,Latte To Go,Checking Account,2.06,USD,,,,2025-02-15
,Transfer to Savings,Savings Account,555.20,EUR,Travel Card,1629.39,GEL,2025-02-15
Transport,Metro Card Top-up,Travel Card,20.25,GEL,,,,2025-02-16
Coffee,Latte To Go,Savings Account,4.35,EUR,,,,2025-02-16
Shopping,Furniture Store,Credit Card,7.72,EUR,,,,2025-02-16
Utilities,Internet Provider,Cash Wallet,21.30,USD,,,,2025-02-18
Coffee,Espresso Bar,Credit Card,3.10,EUR,,,,2025-02-19
Entertainment,Netflix Subscription,Savings Account,9.43,EUR,,,,2025-02-19
,Top-up Travel Card,Cash Wallet,471.80,USD,Savings Account,434.06,EUR,2025-02-19
Travel,Hotel Stay,Cash Wallet,41.54,USD,,,,2025-02-20
Shopping,Clothing Store,Credit Card,18.33,EUR,,,,2025-02-20
Dining Out,Burger Joint,Credit Card,5.43,EUR,,,,2025-02-20
Coffee,Morning Coffee,Checking Account,3.23,USD,,,,2025-02-21
Groceries,Neighborhood Market,Checking Account,11.32,USD,,,,2025-02-22
Dining Out,Coffee Shop,Cash Wallet,6.89,USD,,,,2025-02-22
Coffee,Morning Coffee,Checking Account,2.70,USD,,,,2025-02-22
,Top-up Travel Card,Cash Wallet,222.11,USD,Credit Card,204.34,EUR,2025-02-22
Transport,Fuel Station,Cash Wallet,3.88,USD,,,,2025-02-23
Dining Out,Pizzeria Bella,Credit Card,11.82,EUR,,,,2025-02-24
Transport,Metro Card Top-up,Checking Account,4.19,USD,,,,2025-02-24
Transport,Taxi,Checking Account,5.12,USD,,,,2025-02-24
Coffee,Latte To Go,Travel Card,12.07,GEL,,,,2025-02-24
Transport,Bus Pass,Travel Card,19.70,GEL,,,,2025-02-25
Coffee,Cafe Mocha,Cash Wallet,2.72,USD,,,,2025-02-26
,Cash Withdrawal,Cash Wallet,547.77,USD,Credit Card,503.94,EUR,2025-02-27
,Credit Card Payment,Checking Account,326.66,USD,Credit Card,300.53,EUR,2025-02-27
Healthcare,Dental Clinic,Cash Wallet,12.89,USD,,,,2025-02-28
Dining Out,Pizzeria Bella,Credit Card,7.08,EUR,,,,2025-02-28
Coffee,Espresso Bar,Checking Account,2.56,USD,,,,2025-03-01
Transport,Bus Pass,Cash Wallet,3.07,USD,,,,2025-03-01
,Transfer to Savings,Checking Account,324.87,USD,Travel Card,877.16,GEL,2025-03-01
Utilities,Gas Bill,Travel Card,32.17,GEL,,,,2025-03-02
Transport,Bus Pass,Credit Card,5.06,EUR,,,,2025-03-02
Coffee,Street Coffee,Travel Card,7.51,GEL,,,,2025-03-02
Entertainment,Cinema Tickets,Cash Wallet,5.06,USD,,,,2025-03-02
Groceries,Carrefour,Credit Card,11.82,EUR,,,,2025-03-02
,Savings Deposit,Travel Card,1822.71,GEL,Savings Account,621.07,EUR,2025-03-02
Shopping,Amazon Order,Travel Card,46.69,GEL,,,,2025-03-04
Shopping,Furniture Store,Cash Wallet,9.59,USD,,,,2025-03-04
,Savings Deposit,Travel Card,1392.97,GEL,Savings Account,474.64,EUR,2025-03-04
Transport,Taxi,Cash Wallet,7.59,USD,,,,2025-03-05
Dining Out,Restaurant Le Petit,Credit Card,5.28,EUR,,,,2025-03-05
Groceries,Carrefour,Checking Account,10.54,USD,,,,2025-03-05
Transport,Ride Share,Checking Account,6.79,USD,,,,2025-03-05
Shopping,Amazon Order,Checking Account,22.10,USD,,,,2025-03-06
Shopping,Clothing Store,Checking Account,23.80,USD,,,,2025-03-08
Entertainment,Book Store,Cash Wallet,3.45,USD,,,,2025-03-08
Groceries,Neighborhood Market,Credit Card,10.04,EUR,,,,2025-03-08
,Top-up Travel Card,Travel Card,256.43,GEL,Credit Card,87.38,EUR,2025-03-08
Entertainment,Cinema Tickets,Cash Wallet,5.28,USD,,,,2025-03-09
Coffee,Morning Coffee,Checking Account,1.97,USD,,,,2025-03-09
Coffee,Morning Coffee,Cash Wallet,2.24,USD,,,,2025-03-10
Salary,Monthly Salary,,,,Checking Account,1521.67,USD,2025-03-10
Groceries,Neighborhood Market,Credit Card,4.77,EUR,,,,2025-03-11
Coffee,Espresso Bar,Checking Account,4.44,USD,,,,2025-03-12
Coffee,Latte To Go,Savings Account,4.08,EUR,,,,2025-03-12
Groceries,Lidl,Cash Wallet,8.40,USD,,,,2025-03-13
Groceries,Lidl,Travel Card,30.37,GEL,,,,2025-03-13
Transport,Train Ticket,Credit Card,3.35,EUR,,,,2025-03-13
Entertainment,Book Store,Travel Card,19.84,GEL,,,,2025-03-13
Dining Out,Thai Takeaway,Travel Card,23.03,GEL,,,,2025-03-14
Transport,Ride Share,Cash Wallet,8.58,USD,,,,2025-03-14
Coffee,Cafe Mocha,Cash Wallet,4.63,USD,,,,2025-03-14
Coffee,Latte To Go,Savings Account,2.16,EUR,,,,2025-03-14
Groceries,Whole Foods Market,Checking Account,12.53,USD,,,,2025-03-14
Transport,Taxi,Travel Card,16.66,GEL,,,,2025-03-15
Coffee,Morning Coffee,Checking Account,1.98,USD,,,,2025-03-15
Coffee,Morning Coffee,Checking Account,3.76,USD,,,,2025-03-16
,Savings Deposit,Checking Account,1197.33,USD,Savings Account,1101.55,EUR,2025-03-16
Entertainment,Spotify Subscription,Credit Card,8.93,EUR,,,,2025-03-17
Entertainment,Spotify Subscription,Checking Account,5.03,USD,,,,2025-03-17
Entertainment,Cinema Tickets,Savings Account,3.48,EUR,,,,2025-03-17
Coffee,Cafe Mocha,Checking Account,4.82,USD,,,,2025-03-17
Healthcare,Pharmacy,Credit Card,15.23,EUR,,,,2025-03-19
Coffee,Latte To Go,Savings Account,2.82,EUR,,,,2025-03-19
Coffee,Cafe Mocha,Checking Account,3.57,USD,,,,2025-03-19
Groceries,Trader Joe's,Checking Account,9.22,USD,,,,2025-03-20
Groceries,Whole Foods Market,Credit Card,11.56,EUR,,,,2025-03-20
Coffee,Morning Coffee,Credit Card,2.47,EUR,,,,2025-03-21
Coffee,Cafe Mocha,Credit Card,2.46,EUR,,,,2025-03-21
,Cash Withdrawal,Credit Card,987.42,EUR,Checking Account,1073.29,USD,2025-03-21
,Transfer to Savings,Credit Card,584.66,EUR,Travel Card,1715.85,GEL,2025-03-22
,Cash Withdrawal,Travel Card,3345.89,GEL,Cash Wallet,1239.22,USD,2025-03-22
Entertainment,Netflix Subscription,Credit Card,8.50,EUR,,,,2025-03-23
Coffee,Espresso Bar,Checking Account,2.78,USD,,,,2025-03-23
Groceries,Carrefour,Cash Wallet,9.47,USD,,,,2025-03-23
Dining Out,Restaurant Le Petit,Savings Account,7.29,EUR,,,,2025-03-23
Shopping,Clothing Store,Cash Wallet,13.05,USD,,,,2025-03-23
Transport,Ride Share,Cash Wallet,7.93,USD,,,,2025-03-24
Shopping,Amazon Order,Cash Wallet,11.66,USD,,,,2025-03-27
Dining Out,Bistro du Coin,Credit Card,8.68,EUR,,,,2025-03-27
,Cash Withdrawal,Savings Account,340.04,EUR,Travel Card,997.94,GEL,2025-03-27
Entertainment,Concert Tickets,Checking Account,3.65,USD,,,,2025-03-28
Coffee,Cafe Mocha,Checking Account,2.10,USD,,,,2025-03-28
,Cash Withdrawal,Checking Account,453.96,USD,Travel Card,1225.70,GEL,2025-03-29
Coffee,Espresso Bar,Cash Wallet,4.69,USD,,,,2025-03-30
Coffee,Street Coffee,Checking Account,2.08,USD,,,,2025-03-30
Transport,Fuel Station,Credit Card,6.67,EUR,,,,2025-03-30
Groceries,Trader Joe's,Cash Wallet,6.50,USD,,,,2025-04-01
Groceries,Carrefour,Credit Card,7.00,EUR,,,,2025-04-02
Groceries,Neighborhood Market,Travel Card,22.07,GEL,,,,2025-04-02
,Credit Card Payment,Savings Account,597.09,EUR,Travel Card,1752.33,GEL,2025-04-02
Travel,Car Rental,Cash Wallet,94.64,USD,,,,2025-04-03
Coffee,Cafe Mocha,Cash Wallet,3.42,USD,,,,2025-04-05
,Credit Card Payment,Credit Card,982.92,EUR,Savings Account,982.92,EUR,2025-04-05
Entertainment,Spotify Subscription,Cash Wallet,5.45,USD,,,,2025-04-06
Transport,Ride Share,Travel Card,13.90,GEL,,,,2025-04-06
,Savings Deposit,Travel Card,1152.53,GEL,Savings Account,392.71,EUR,2025-04-06
Groceries,Local Green Market,Credit Card,5.70,EUR,,,,2025-04-07
Entertainment,Concert Tickets,Travel Card,9.11,GEL,,,,2025-04-07
Coffee,Espresso Bar,Checking Account,3.36,USD,,,,2025-04-07
Entertainment,Spotify Subscription,Cash Wallet,7.35,USD,,,,2025-04-08
Coffee,Latte To Go,Travel Card,10.94,GEL,,,,2025-04-08
Groceries,Local Green Market,Checking Account,4.92,USD,,,,2025-04-08
Dining Out,Sushi Bar,Credit Card,8.72,EUR,,,,2025-04-09
Entertainment,Spotify Subscription,Credit Card,2.80,EUR,,,,2025-04-09
Coffee,Latte To Go,Checking Account,4.35,USD,,,,2025-04-09
Transport,Fuel Station,Travel Card,21.89,GEL,,,,2025-04-09
Entertainment,Netflix Subscription,Cash Wallet,7.19,USD,,,,2025-04-09
Transport,Taxi,Savings Account,4.58,EUR,,,,2025-04-09
Groceries,Neighborhood Market,Checking Account,14.53,USD,,,,2025-04-10
Dining Out,Pizzeria Bella,Travel Card,22.89,GEL,,,,2025-04-10
Transport,Metro Card Top-up,Cash Wallet,4.93,USD,,,,2025-04-10
Salary,Monthly Salary,,,,Checking Account,1521.67,USD,2025-04-10
Dining Out,Thai Takeaway,Checking Account,13.53,USD,,,,2025-04-11
Groceries,Local Green Market,Credit Card,13.37,EUR,,,,2025-04-12
Coffee,Espresso Bar,Credit Card,4.33,EUR,,,,2025-04-13
Groceries,Neighborhood Market,Checking Account,10.50,USD,,,,2025-04-14
Entertainment,Cinema Tickets,Travel Card,12.45,GEL,,,,2025-04-14
Transport,Ride Share,Cash Wallet,6.49,USD,,,,2025-04-15
Groceries,Aldi,Travel Card,22.37,GEL,,,,2025-04-15
Transport,Train Ticket,Credit Card,5.32,EUR,,,,2025-04-15
Entertainment,Netflix Subscription,Cash Wallet,8.70,USD,,,,2025-04-15
,Top-up Travel Card,Checking Account,1101.14,USD,Savings Account,1013.05,EUR,2025-04-15
Groceries,Lidl,Checking Account,8.69,USD,,,,2025-04-16
Transport,Taxi,Cash Wallet,6.41,USD,,,,2025-04-18
Transport,Metro Card Top-up,Credit Card,4.98,EUR,,,,2025-04-19
Coffee,Street Coffee,Travel Card,10.85,GEL,,,,2025-04-19
Coffee,Latte To Go,Travel Card,8.36,GEL,,,,2025-04-19
Dining Out,Bistro du Coin,Checking Account,6.60,USD,,,,2025-04-19
Dining Out,Sushi Bar,Travel Card,20.89,GEL,,,,2025-04-20
Dining Out,Pizzeria Bella,Cash Wallet,11.15,USD,,,,2025-04-20
Groceries,Trader Joe's,Checking Account,8.13,USD,,,,2025-04-20
Entertainment,Netflix Subscription,Checking Account,6.68,USD,,,,2025-04-20
Groceries,Trader Joe's,Checking Account,9.82,USD,,,,2025-04-21
Groceries,Lidl,Cash Wallet,11.41,USD,,,,2025-04-21
Transport,Train Ticket,Checking Account,7.11,USD,,,,2025-04-21
Dining Out,Thai Takeaway,Credit Card,9.51,EUR,,,,2025-04-21
Transport,Train Ticket,Cash Wallet,2.55,USD,,,,2025-04-21
Groceries,Aldi,Travel Card,25.74,GEL,,,,2025-04-21
Groceries,Trader Joe's,Checking Account,9.79,USD,,,,2025-04-22
,Transfer to Savings,Checking Account,286.50,USD,Credit Card,263.58,EUR,2025-04-22
Entertainment,Spotify Subscription,Checking Account,3.16,USD,,,,2025-04-24
Travel,Flight Booking,Checking Account,90.12,USD,,,,2025-04-24
Dining Out,Burger Joint,Checking Account,5.11,USD,,,,2025-04-25
Groceries,Neighborhood Market,Credit Card,5.21,EUR,,,,2025-04-25
Coffee,Latte To Go,Cash Wallet,3.86,USD,,,,2025-04-26
Dining Out,Restaurant Le Petit,Cash Wallet,11.46,USD,,,,2025-04-27
Dining Out,Sushi Bar,Checking Account,5.10,USD,,,,2025-04-28
Transport,Bus Pass,Credit Card,6.50,EUR,,,,2025-04-28
Coffee,Morning Coffee,Credit Card,4.28,EUR,,,,2025-04-28
,Top-up Travel Card,Savings Account,571.15,EUR,Credit Card,571.15,EUR,2025-04-28
,Savings Deposit,Travel Card,978.09,GEL,Savings Account,333.28,EUR,2025-04-28
,Cash Withdrawal,Cash Wallet,742.35,USD,Credit Card,682.97,EUR,2025-04-28
Groceries,Whole Foods Market,Checking Account,12.41,USD,,,,2025-04-29
Coffee,Street Coffee,Cash Wallet,3.59,USD,,,,2025-04-29
,Top-up Travel Card,Cash Wallet,378.64,USD,Checking Account,378.64,USD,2025-04-29
Shopping,Bookshop,Travel Card,25.50,GEL,,,,2025-04-30
Transport,Ride Share,Credit Card,3.53,EUR,,,,2025-04-30
,Top-up Travel Card,Checking Account,1486.10,USD,Cash Wallet,1486.10,USD,2025-05-05
Dining Out,Pizzeria Bella,Credit Card,10.39,EUR,,,,2025-05-06
Healthcare,Doctor Visit,Checking Account,8.78,USD,,,,2025-05-07
Coffee,Latte To Go,Cash Wallet,2.47,USD,,,,2025-05-08
Coffee,Latte To Go,Credit Card,2.80,EUR,,,,2025-05-08
Coffee,Espresso Bar,Cash Wallet,4.05,USD,,,,2025-05-10
Shopping,Furniture Store,Credit Card,5.09,EUR,,,,2025-05-10
Coffee,Espresso Bar,Credit Card,2.21,EUR,,,,2025-05-10
Coffee,Latte To Go,Checking Account,2.46,USD,,,,2025-05-10
Salary,Monthly Salary,,,,Checking Account,1521.67,USD,2025-05-10
Entertainment,Steam Game,Travel Card,26.73,GEL,,,,2025-05-11
Transport,Bus Pass,Cash Wallet,6.51,USD,,,,2025-05-11
Entertainment,Cinema Tickets,Checking Account,7.20,USD,,,,2025-05-12
Coffee,Latte To Go,Checking Account,4.31,USD,,,,2025-05-12
Entertainment,Steam Game,Cash Wallet,7.19,USD,,,,2025-05-12
Groceries,Carrefour,Checking Account,9.98,USD,,,,2025-05-12
Utilities,Gas Bill,Cash Wallet,10.34,USD,,,,2025-05-13
Coffee,Street Coffee,Savings Account,2.64,EUR,,,,2025-05-13
Entertainment,Steam Game,Checking Account,4.83,USD,,,,2025-05-13
Groceries,Carrefour,Checking Account,10.95,USD,,,,2025-05-14
Entertainment,Netflix Subscription,Checking Account,8.66,USD,,,,2025-05-14
Healthcare,Gym Membership,Checking Account,16.47,USD,,,,2025-05-14
Travel,Car Rental,Credit Card,26.69,EUR,,,,2025-05-14
Transport,Ride Share,Cash Wallet,4.80,USD,,,,2025-05-15
,Credit Card Payment,Cash Wallet,1117.69,USD,Credit Card,1028.27,EUR,2025-05-15
Entertainment,Steam Game,Cash Wallet,3.36,USD,,,,2025-05-16
Utilities,Water Utility,Checking Account,18.81,USD,,,,2025-05-17
,Transfer to Savings,Checking Account,342.09,USD,Cash Wallet,342.09,USD,2025-05-17
Dining Out,Sushi Bar,Checking Account,5.59,USD,,,,2025-05-18
Healthcare,Doctor Visit,Credit Card,15.96,EUR,,,,2025-05-18
Coffee,Espresso Bar,Credit Card,4.45,EUR,,,,2025-05-20
Coffee,Espresso Bar,Cash Wallet,4.38,USD,,,,2025-05-20
Dining Out,Coffee Shop,Cash Wallet,7.05,USD,,,,2025-05-20
Groceries,Carrefour,Cash Wallet,11.81,USD,,,,2025-05-21
,Cash Withdrawal,Cash Wallet,453.14,USD,Checking Account,453.14,USD,2025-05-21
,Top-up Travel Card,Credit Card,531.18,EUR,Travel Card,1558.90,GEL,2025-05-21
Shopping,Amazon Order,Checking Account,5.89,USD,,,,2025-05-22
Dining Out,Burger Joint,Travel Card,20.16,GEL,,,,2025-05-23
Groceries,Carrefour,Cash Wallet,5.83,USD,,,,2025-05-23
Utilities,Internet Provider,Credit Card,15.66,EUR,,,,2025-05-23
Dining Out,Coffee Shop,Credit Card,11.49,EUR,,,,2025-05-24
Coffee,Espresso Bar,Cash Wallet,2.97,USD,,,,2025-05-24
,Credit Card Payment,Credit Card,591.98,EUR,Savings Account,591.98,EUR,2025-05-24
Groceries,Trader Joe's,Credit Card,7.22,EUR,,,,2025-05-25
Coffee,Cafe Mocha,Cash Wallet,2.32,USD,,,,2025-05-25
,Cash Withdrawal,Checking Account,127.04,USD,Credit Card,116.88,EUR,2025-05-25
Shopping,Furniture Store,Checking Account,13.92,USD,,,,2025-05-26
Coffee,Espresso Bar,Checking Account,2.20,USD,,,,2025-05-26
Groceries,Trader Joe's,Cash Wallet,5.64,USD,,,,2025-05-26
Groceries,Carrefour,Cash Wallet,6.18,USD,,,,2025-05-27
Healthcare,Optician,Travel Card,32.38,GEL,,,,2025-05-27
,Transfer to Savings,Savings Account,158.26,EUR,Cash Wallet,172.03,USD,2025-05-27
Dining Out,Restaurant Le Petit,Travel Card,21.55,GEL,,,,2025-05-28
Coffee,Latte To Go,Credit Card,3.67,EUR,,,,2025-05-29
Transport,Bus Pass,Credit Card,3.71,EUR,,,,2025-05-29
Entertainment,Steam Game,Credit Card,3.74,EUR,,,,2025-05-29
Transport,Bus Pass,Checking Account,7.98,USD,,,,2025-05-30
Entertainment,Spotify Subscription,Checking Account,6.69,USD,,,,2025-05-30
Groceries,Aldi,Credit Card,6.47,EUR,,,,2025-05-30
Entertainment,Steam Game,Credit Card,6.54,EUR,,,,2025-05-30
,Credit Card Payment,Savings Account,1366.74,EUR,Travel Card,4011.07,GEL,2025-05-30
,Top-up Travel Card,Travel Card,168.85,GEL,Cash Wallet,62.54,USD,2025-05-30
Groceries,Local Green Market,Cash Wallet,7.30,USD,,,,2025-05-31
Entertainment,Concert Tickets,Cash Wallet,6.54,USD,,,,2025-05-31
,Credit Card Payment,Savings Account,548.82,EUR,Credit Card,548.82,EUR,2025-05-31
Entertainment,Spotify Subscription,Credit Card,2.97,EUR,,,,2025-06-01
Coffee,Morning Coffee,Credit Card,3.72,EUR,,,,2025-06-01
Coffee,Espresso Bar,Credit Card,2.64,EUR,,,,2025-06-01
Entertainment,Spotify Subscription,Checking Account,10.47,USD,,,,2025-06-01
Coffee,Cafe Mocha,Credit Card,3.06,EUR,,,,2025-06-03
Groceries,Neighborhood Market,Savings Account,5.48,EUR,,,,2025-06-04
Utilities,Water Utility,Cash Wallet,9.03,USD,,,,2025-06-06
Coffee,Cafe Mocha,Checking Account,4.20,USD,,,,2025-06-07
Coffee,Latte To Go,Checking Account,3.13,USD,,,,2025-06-08
Transport,Fuel Station,Cash Wallet,2.30,USD,,,,2025-06-08
Shopping,Clothing Store,Checking Account,16.50,USD,,,,2025-06-09
Dining Out,Burger Joint,Credit Card,11.78,EUR,,,,2025-06-09
Coffee,Cafe Mocha,Checking Account,4.34,USD,,,,2025-06-10
Shopping,Amazon Order,Checking Account,16.53,USD,,,,2025-06-10
Salary,Monthly Salary,,,,Checking Account,1521.67,USD,2025-06-10
,Transfer to Savings,Savings Account,409.47,EUR,Checking Account,445.08,USD,2025-06-10
Dining Out,Restaurant Le Petit,Cash Wallet,11.72,USD,,,,2025-06-11
Coffee,Latte To Go,Checking Account,3.87,USD,,,,2025-06-12
Transport,Train Ticket,Cash Wallet,3.68,USD,,,,2025-06-13
Dining Out,Coffee Shop,Checking Account,10.18,USD,,,,2025-06-13
Healthcare,Gym Membership,Cash Wallet,19.09,USD,,,,2025-06-13
Groceries,Aldi,Cash Wallet,5.13,USD,,,,2025-06-14
Transport,Fuel Station,Travel Card,9.06,GEL,,,,2025-06-14
Coffee,Espresso Bar,Cash Wallet,3.24,USD,,,,2025-06-15
Groceries,Lidl,Travel Card,18.24,GEL,,,,2025-06-15
Shopping,Clothing Store,Credit Card,13.65,EUR,,,,2025-06-15
,Transfer to Savings,Cash Wallet,1370.88,USD,Checking Account,1370.88,USD,2025-06-15
Dining Out,Restaurant Le Petit,Cash Wallet,7.82,USD,,,,2025-06-16
Entertainment,Spotify Subscription,Checking Account,5.91,USD,,,,2025-06-16
Travel,Car Rental,Cash Wallet,53.36,USD,,,,2025-06-16
Transport,Metro Card Top-up,Cash Wallet,6.48,USD,,,,2025-06-17
Dining Out,Burger Joint,Checking Account,8.98,USD,,,,2025-06-17
Dining Out,Sushi Bar,Cash Wallet,7.56,USD,,,,2025-06-17
Groceries,Carrefour,Cash Wallet,6.21,USD,,,,2025-06-17
Shopping,Clothing Store,Checking Account,18.63,USD,,,,2025-06-18
Entertainment,Netflix Subscription,Credit Card,4.63,EUR,,,,2025-06-18
Dining Out,Burger Joint,Cash Wallet,8.33,USD,,,,2025-06-18
Entertainment,Spotify Subscription,Cash Wallet,3.62,USD,,,,2025-06-19
Healthcare,Gym Membership,Cash Wallet,8.00,USD,,,,2025-06-19
Shopping,Amazon Order,Cash Wallet,24.13,USD,,,,2025-06-21
Coffee,Latte To Go,Cash Wallet,3.35,USD,,,,2025-06-21
Entertainment,Spotify Subscription,Cash Wallet,9.22,USD,,,,2025-06-22
Transport,Metro Card Top-up,Cash Wallet,3.73,USD,,,,2025-06-22
Groceries,Whole Foods Market,Savings Account,8.64,EUR,,,,2025-06-23
,Cash Withdrawal,Checking Account,1447.75,USD,Cash Wallet,1447.75,USD,2025-06-23
Utilities,Water Utility,Credit Card,19.31,EUR,,,,2025-06-24
Entertainment,Concert Tickets,Cash Wallet,10.25,USD,,,,2025-06-24
Entertainment,Steam Game,Travel Card,15.89,GEL,,,,2025-06-24
Groceries,Whole Foods Market,Credit Card,10.17,EUR,,,,2025-06-26
Coffee,Cafe Mocha,Credit Card,1.81,EUR,,,,2025-06-28
Groceries,Aldi,Travel Card,20.18,GEL,,,,2025-06-28
Groceries,Neighborhood Market,Travel Card,30.78,GEL,,,,2025-06-28
Healthcare,Gym Membership,Savings Account,6.17,EUR,,,,2025-06-28
,Credit Card Payment,Travel Card,873.69,GEL,Savings Account,297.70,EUR,2025-06-28
Dining Out,Pizzeria Bella,Cash Wallet,10.34,USD,,,,2025-06-29
Transport,Train Ticket,Cash Wallet,8.01,USD,,,,2025-06-29
Healthcare,Gym Membership,Checking Account,18.02,USD,,,,2025-06-29
Shopping,Bookshop,Checking Account,21.12,USD,,,,2025-06-30
Groceries,Neighborhood Market,Credit Card,8.00,EUR,,,,2025-06-30
Coffee,Morning Coffee,Travel Card,10.41,GEL,,,,2025-06-30
,Cash Withdrawal,Travel Card,2052.55,GEL,Checking Account,760.20,USD,2025-07-01
Groceries,Carrefour,Credit Card,5.09,EUR,,,,2025-07-02
Dining Out,Restaurant Le Petit,Checking Account,8.93,USD,,,,2025-07-02
Entertainment,Spotify Subscription,Travel Card,22.23,GEL,,,,2025-07-02
Coffee,Morning Coffee,Cash Wallet,4.04,USD,,,,2025-07-03
Transport,Metro Card Top-up,Travel Card,19.06,GEL,,,,2025-07-04
Groceries,Neighborhood Market,Checking Account,8.12,USD,,,,2025-07-05
Transport,Ride Share,Checking Account,3.71,USD,,,,2025-07-05
Groceries,Whole Foods Market,Credit Card,4.75,EUR,,,,2025-07-06
Groceries,Lidl,Savings Account,7.98,EUR,,,,2025-07-06
Groceries,Lidl,Cash Wallet,5.74,USD,,,,2025-07-07
Dining Out,Bistro du Coin,Checking Account,9.94,USD,,,,2025-07-07
Groceries,Aldi,Credit Card,13.99,EUR,,,,2025-07-08
Travel,Hotel Stay,Checking Account,58.52,USD,,,,2025-07-08
Coffee,Cafe Mocha,Cash Wallet,2.59,USD,,,,2025-07-08
Dining Out,Restaurant Le Petit,Checking Account,11.03,USD,,,,2025-07-08
Transport,Ride Share,Credit Card,6.32,EUR,,,,2025-07-09
Coffee,Espresso Bar,Cash Wallet,1.96,USD,,,,2025-07-10
Dining Out,Coffee Shop,Credit Card,7.72,EUR,,,,2025-07-10
Shopping,Furniture Store,Checking Account,14.22,USD,,,,2025-07-10
Entertainment,Netflix Subscription,Credit Card,3.58,EUR,,,,2025-07-10
Salary,Payroll Deposit,,,,Checking Account,1521.67,USD,2025-07-10
Groceries,Carrefour,Checking Account,5.64,USD,,,,2025-07-11
Groceries,Carrefour,Travel Card,26.93,GEL,,,,2025-07-13
Entertainment,Steam Game,Checking Account,7.25,USD,,,,2025-07-13
Entertainment,Concert Tickets,Checking Account,5.10,USD,,,,2025-07-14
Healthcare,Gym Membership,Cash Wallet,13.14,USD,,,,2025-07-16
Transport,Ride Share,Cash Wallet,3.65,USD,,,,2025-07-18
Groceries,Neighborhood Market,Checking Account,9.32,USD,,,,2025-07-21
Groceries,Local Green Market,Cash Wallet,6.34,USD,,,,2025-07-21
Transport,Fuel Station,Cash Wallet,6.23,USD,,,,2025-07-21
Dining Out,Thai Takeaway,Checking Account,9.85,USD,,,,2025-07-22
Groceries,Lidl,Cash Wallet,9.39,USD,,,,2025-07-22
Healthcare,Pharmacy,Checking Account,15.67,USD,,,,2025-07-22
Entertainment,Spotify Subscription,Savings Account,4.53,EUR,,,,2025-07-22
,Savings Deposit,Credit Card,1146.13,EUR,Savings Account,1146.13,EUR,2025-07-22
,Top-up Travel Card,Savings Account,813.37,EUR,Cash Wallet,884.10,USD,2025-07-22
Groceries,Neighborhood Market,Cash Wallet,6.61,USD,,,,2025-07-25
Entertainment,Spotify Subscription,Credit Card,4.08,EUR,,,,2025-07-26
Travel,Car Rental,Credit Card,92.15,EUR,,,,2025-07-26
Coffee,Latte To Go,Checking Account,3.23,USD,,,,2025-07-27
Dining Out,Pizzeria Bella,Cash Wallet,13.46,USD,,,,2025-07-27
Coffee,Cafe Mocha,Credit Card,1.87,EUR,,,,2025-07-28
Dining Out,Sushi Bar,Cash Wallet,11.59,USD,,,,2025-07-28
,Transfer to Savings,Travel Card,1214.30,GEL,Credit Card,413.76,EUR,2025-07-28
Coffee,Cafe Mocha,Cash Wallet,4.03,USD,,,,2025-07-30
,Savings Deposit,Travel Card,2690.99,GEL,Credit Card,916.93,EUR,2025-07-30
Coffee,Cafe Mocha,Cash Wallet,3.01,USD,,,,2025-07-31
Coffee,Morning Coffee,Savings Account,3.67,EUR,,,,2025-08-01
Entertainment,Book Store,Cash Wallet,5.73,USD,,,,2025-08-01
,Transfer to Savings,Credit Card,405.79,EUR,Cash Wallet,441.07,USD,2025-08-01
Dining Out,Bistro du Coin,Checking Account,11.40,USD,,,,2025-08-02
Coffee,Espresso Bar,Cash Wallet,2.50,USD,,,,2025-08-03
Groceries,Local Green Market,Checking Account,12.45,USD,,,,2025-08-03
Transport,Metro Card Top-up,Checking Account,2.13,USD,,,,2025-08-03
Groceries,Whole Foods Market,Checking Account,14.25,USD,,,,2025-08-04
Healthcare,Doctor Visit,Cash Wallet,13.54,USD,,,,2025-08-05
Entertainment,Book Store,Cash Wallet,4.30,USD,,,,2025-08-06
Coffee,Morning Coffee,Cash Wallet,2.91,USD,,,,2025-08-06
,Savings Deposit,Travel Card,2221.64,GEL,Credit Card,757.00,EUR,2025-08-06
Dining Out,Bistro du Coin,Cash Wallet,9.67,USD,,,,2025-08-07
Coffee,Morning Coffee,Cash Wallet,2.25,USD,,,,2025-08-07
,Cash Withdrawal,Checking Account,1035.17,USD,Travel Card,2794.95,GEL,2025-08-07
Entertainment,Steam Game,Travel Card,8.89,GEL,,,,2025-08-08
Dining Out,Coffee Shop,Cash Wallet,11.52,USD,,,,2025-08-09
Dining Out,Coffee Shop,Checking Account,10.36,USD,,,,2025-08-10
Salary,Monthly Salary,,,,Checking Account,1521.67,USD,2025-08-10
Dining Out,Thai Takeaway,Checking Account,5.49,USD,,,,2025-08-11
Groceries,Whole Foods Market,Credit Card,5.34,EUR,,,,2025-08-11
Transport,Taxi,Credit Card,5.96,EUR,,,,2025-08-12
Groceries,Lidl,Checking Account,8.85,USD,,,,2025-08-13
Groceries,Local Green Market,Cash Wallet,12.72,USD,,,,2025-08-13
Transport,Metro Card Top-up,Cash Wallet,5.20,USD,,,,2025-08-13
Coffee,Street Coffee,Credit Card,2.65,EUR,,,,2025-08-14
Healthcare,Dental Clinic,Savings Account,4.80,EUR,,,,2025-08-14
Shopping,Furniture Store,Checking Account,13.38,USD,,,,2025-08-15
Travel,Airbnb Stay,Cash Wallet,59.01,USD,,,,2025-08-15
Dining Out,Sushi Bar,Travel Card,21.32,GEL,,,,2025-08-15
Entertainment,Cinema Tickets,Cash Wallet,11.36,USD,,,,2025-08-15
Utilities,Water Utility,Checking Account,10.71,USD,,,,2025-08-16
,Savings Deposit,Travel Card,2052.37,GEL,Checking Account,760.14,USD,2025-08-16
Utilities,Water Utility,Credit Card,22.63,EUR,,,,2025-08-17
Dining Out,Thai Takeaway,Cash Wallet,5.59,USD,,,,2025-08-17
,Savings Deposit,Savings Account,997.88,EUR,Travel Card,2928.55,GEL,2025-08-17
Dining Out,Burger Joint,Cash Wallet,12.06,USD,,,,2025-08-18
Healthcare,Pharmacy,Cash Wallet,16.66,USD,,,,2025-08-18
,Top-up Travel Card,Cash Wallet,110.81,USD,Savings Account,101.95,EUR,2025-08-18
Coffee,Morning Coffee,Credit Card,2.26,EUR,,,,2025-08-19
Groceries,Local Green Market,Credit Card,12.45,EUR,,,,2025-08-19
Coffee,Street Coffee,Cash Wallet,4.51,USD,,,,2025-08-19
Utilities,Electric Bill,Travel Card,59.71,GEL,,,,2025-08-19
Groceries,Lidl,Travel Card,41.20,GEL,,,,2025-08-19
Shopping,Clothing Store,Credit Card,5.42,EUR,,,,2025-08-19
Groceries,Carrefour,Checking Account,6.61,USD,,,,2025-08-19
Entertainment,Steam Game,Cash Wallet,9.53,USD,,,,2025-08-19
Transport,Fuel Station,Cash Wallet,3.72,USD,,,,2025-08-19
Shopping,Bookshop,Checking Account,23.19,USD,,,,2025-08-19
Entertainment,Spotify Subscription,Cash Wallet,8.89,USD,,,,2025-08-19
Groceries,Lidl,Cash Wallet,9.70,USD,,,,2025-08-19
Transport,Taxi,Checking Account,3.32,USD,,,,2025-08-19
Groceries,Neighborhood Market,Travel Card,17.80,GEL,,,,2025-08-19
Transport,Fuel Station,Credit Card,6.99,EUR,,,,2025-08-19
Groceries,Trader Joe's,Savings Account,8.15,EUR,,,,2025-08-19
Transport,Train Ticket,Cash Wallet,3.58,USD,,,,2025-08-19
,Transfer to Savings,Travel Card,815.15,GEL,Checking Account,301.91,USD,2025-08-19
,Transfer to Savings,Credit Card,141.94,EUR,Savings Account,141.94,EUR,2025-08-19
Entertainment,Book Store,Savings Account,9.78,EUR,,,,2025-08-20
Transport,Train Ticket,Cash Wallet,4.74,USD,,,,2025-08-20
Coffee,Latte To Go,Credit Card,3.84,EUR,,,,2025-08-20
Entertainment,Book Store,Cash Wallet,8.11,USD,,,,2025-08-20
Transport,Fuel Station,Checking Account,4.94,USD,,,,2025-08-20
Coffee,Morning Coffee,Checking Account,1.97,USD,,,,2025-08-20
Entertainment,Steam Game,Travel Card,17.89,GEL,,,,2025-08-20
Coffee,Cafe Mocha,Checking Account,3.45,USD,,,,2025-08-20
Dining Out,Coffee Shop,Cash Wallet,8.88,USD,,,,2025-08-20
Dining Out,Coffee Shop,Cash Wallet,6.24,USD,,,,2025-08-20
Coffee,Espresso Bar,Checking Account,3.69,USD,,,,2025-08-20
Entertainment,Cinema Tickets,Credit Card,10.00,EUR,,,,2025-08-20
Coffee,Morning Coffee,Credit Card,3.38,EUR,,,,2025-08-20
Dining Out,Bistro du Coin,Checking Account,6.80,USD,,,,2025-08-20
Coffee,Cafe Mocha,Cash Wallet,3.45,USD,,,,2025-08-20
Transport,Train Ticket,Credit Card,6.13,EUR,,,,2025-08-20
,Transfer to Savings,Savings Account,773.16,EUR,Travel Card,2269.05,GEL,2025-08-20
,Savings Deposit,Travel Card,3258.18,GEL,Checking Account,1206.73,USD,2025-08-20
,Savings Deposit,Savings Account,853.23,EUR,Travel Card,2504.04,GEL,2025-08-20
Transport,Train Ticket,Checking Account,4.57,USD,,,,2025-08-21
Entertainment,Cinema Tickets,Cash Wallet,9.54,USD,,,,2025-08-21
Coffee,Cafe Mocha,Checking Account,2.63,USD,,,,2025-08-21
Shopping,Bookshop,Cash Wallet,20.40,USD,,,,2025-08-21
Shopping,Furniture Store,Cash Wallet,23.77,USD,,,,2025-08-21
Shopping,Amazon Order,Checking Account,20.39,USD,,,,2025-08-21
Coffee,Latte To Go,Credit Card,4.12,EUR,,,,2025-08-21
Coffee,Cafe Mocha,Credit Card,3.12,EUR,,,,2025-08-21
Groceries,Whole Foods Market,Savings Account,7.48,EUR,,,,2025-08-21
Groceries,Carrefour,Checking Account,14.81,USD,,,,2025-08-21
Entertainment,Spotify Subscription,Travel Card,23.02,GEL,,,,2025-08-21
Healthcare,Optician,Savings Account,11.22,EUR,,,,2025-08-21
Groceries,Local Green Market,Savings Account,11.27,EUR,,,,2025-08-21
Transport,Train Ticket,Cash Wallet,2.89,USD,,,,2025-08-21
Coffee,Morning Coffee,Credit Card,1.98,EUR,,,,2025-08-21
,Top-up Travel Card,Checking Account,307.30,USD,Travel Card,829.70,GEL,2025-08-21
,Transfer to Savings,Savings Account,1270.88,EUR,Travel Card,3729.76,GEL,2025-08-21
,Top-up Travel Card,Credit Card,507.82,EUR,Savings Account,507.82,EUR,2025-08-21
,Savings Deposit,Checking Account,943.80,USD,Cash Wallet,943.80,USD,2025-08-21
Shopping,Amazon Order,Checking Account,13.91,USD,,,,2025-08-22
Utilities,Phone Bill,Savings Account,30.94,EUR,,,,2025-08-22
Coffee,Espresso Bar,Cash Wallet,4.59,USD,,,,2025-08-22
Groceries,Local Green Market,Credit Card,12.48,EUR,,,,2025-08-22
Groceries,Local Green Market,Cash Wallet,10.30,USD,,,,2025-08-22
Entertainment,Cinema Tickets,Credit Card,7.04,EUR,,,,2025-08-22
Dining Out,Bistro du Coin,Checking Account,7.43,USD,,,,2025-08-22
Coffee,Morning Coffee,Credit Card,3.56,EUR,,,,2025-08-22
Groceries,Lidl,Checking Account,13.76,USD,,,,2025-08-22
Coffee,Cafe Mocha,Checking Account,4.62,USD,,,,2025-08-22
Coffee,Cafe Mocha,Cash Wallet,4.65,USD,,,,2025-08-22
Dining Out,Coffee Shop,Credit Card,5.06,EUR,,,,2025-08-22
Entertainment,Cinema Tickets,Cash Wallet,7.34,USD,,,,2025-08-22
Entertainment,Concert Tickets,Cash Wallet,7.03,USD,,,,2025-08-22
Coffee,Espresso Bar,Checking Account,2.21,USD,,,,2025-08-22
Dining Out,Bistro du Coin,Cash Wallet,11.51,USD,,,,2025-08-22
Groceries,Neighborhood Market,Cash Wallet,9.31,USD,,,,2025-08-22
Transport,Bus Pass,Travel Card,19.27,GEL,,,,2025-08-22
Healthcare,Doctor Visit,Credit Card,12.91,EUR,,,,2025-08-23
Groceries,Carrefour,Checking Account,9.88,USD,,,,2025-08-23
Groceries,Aldi,Cash Wallet,10.43,USD,,,,2025-08-23
Groceries,Lidl,Cash Wallet,8.55,USD,,,,2025-08-23
Groceries,Lidl,Credit Card,6.61,EUR,,,,2025-08-23
Transport,Metro Card Top-up,Cash Wallet,5.90,USD,,,,2025-08-23
Groceries,Neighborhood Market,Credit Card,13.28,EUR,,,,2025-08-23
Transport,Train Ticket,Credit Card,4.18,EUR,,,,2025-08-23
Groceries,Neighborhood Market,Cash Wallet,13.45,USD,,,,2025-08-23
Utilities,Gas Bill,Cash Wallet,33.15,USD,,,,2025-08-23
Utilities,Phone Bill,Checking Account,28.74,USD,,,,2025-08-23
Groceries,Lidl,Travel Card,37.56,GEL,,,,2025-08-23
Healthcare,Doctor Visit,Cash Wallet,19.20,USD,,,,2025-08-23
Groceries,Local Green Market,Cash Wallet,14.46,USD,,,,2025-08-23
Coffee,Cafe Mocha,Cash Wallet,2.53,USD,,,,2025-08-23
Dining Out,Burger Joint,Cash Wallet,11.07,USD,,,,2025-08-23
Transport,Metro Card Top-up,Credit Card,6.16,EUR,,,,2025-08-23
Groceries,Carrefour,Credit Card,13.98,EUR,,,,2025-08-23
Entertainment,Spotify Subscription,Checking Account,8.41,USD,,,,2025-08-23
Utilities,Water Utility,Checking Account,15.57,USD,,,,2025-08-23
Groceries,Lidl,Credit Card,5.26,EUR,,,,2025-08-23
Coffee,Espresso Bar,Credit Card,2.33,EUR,,,,2025-08-23
Transport,Metro Card Top-up,Checking Account,7.23,USD,,,,2025-08-24
Travel,Hotel Stay,Checking Account,26.75,USD,,,,2025-08-24
Groceries,Local Green Market,Credit Card,5.91,EUR,,,,2025-08-24
Transport,Ride Share,Credit Card,3.43,EUR,,,,2025-08-24
Coffee,Morning Coffee,Cash Wallet,4.16,USD,,,,2025-08-24
Dining Out,Bistro du Coin,Cash Wallet,6.61,USD,,,,2025-08-24
Groceries,Whole Foods Market,Credit Card,13.92,EUR,,,,2025-08-24
Entertainment,Book Store,Travel Card,22.56,GEL,,,,2025-08-24
Coffee,Cafe Mocha,Checking Account,2.69,USD,,,,2025-08-24
Dining Out,Thai Takeaway,Credit Card,10.69,EUR,,,,2025-08-24
Shopping,Amazon Order,Cash Wallet,12.63,USD,,,,2025-08-24
Groceries,Carrefour,Checking Account,9.37,USD,,,,2025-08-24
,Top-up Travel Card,Cash Wallet,915.30,USD,Travel Card,2471.31,GEL,2025-08-24
Dining Out,Thai Takeaway,Credit Card,4.69,EUR,,,,2025-08-25
Transport,Fuel Station,Credit Card,6.86,EUR,,,,2025-08-25
Transport,Ride Share,Cash Wallet,6.14,USD,,,,2025-08-25
Groceries,Trader Joe's,Checking Account,8.19,USD,,,,2025-08-25
Healthcare,Pharmacy,Checking Account,5.22,USD,,,,2025-08-25
Transport,Bus Pass,Checking Account,3.28,USD,,,,2025-08-25
Entertainment,Steam Game,Checking Account,11.37,USD,,,,2025-08-25
Dining Out,Burger Joint,Checking Account,12.21,USD,,,,2025-08-25
Coffee,Latte To Go,Travel Card,9.96,GEL,,,,2025-08-25
Entertainment,Spotify Subscription,Credit Card,6.77,EUR,,,,2025-08-25
Groceries,Neighborhood Market,Checking Account,12.99,USD,,,,2025-08-25
Transport,Metro Card Top-up,Checking Account,5.34,USD,,,,2025-08-25
Travel,Airbnb Stay,Credit Card,93.56,EUR,,,,2025-08-25
Transport,Taxi,Credit Card,2.46,EUR,,,,2025-08-25
Travel,Hotel Stay,Cash Wallet,41.28,USD,,,,2025-08-26
Coffee,Cafe Mocha,Credit Card,3.63,EUR,,,,2025-08-26
Groceries,Whole Foods Market,Checking Account,6.88,USD,,,,2025-08-26
Coffee,Latte To Go,Cash Wallet,4.52,USD,,,,2025-08-26
Utilities,Internet Provider,Credit Card,12.49,EUR,,,,2025-08-26
Entertainment,Steam Game,Travel Card,22.02,GEL,,,,2025-08-26
Coffee,Street Coffee,Savings Account,3.07,EUR,,,,2025-08-26
Groceries,Carrefour,Credit Card,12.10,EUR,,,,2025-08-26
Dining Out,Thai Takeaway,Travel Card,34.83,GEL,,,,2025-08-26
Dining Out,Thai Takeaway,Checking Account,10.87,USD,,,,2025-08-26
Dining Out,Coffee Shop,Cash Wallet,11.32,USD,,,,2025-08-26
Coffee,Cafe Mocha,Checking Account,2.22,USD,,,,2025-08-26
Transport,Train Ticket,Credit Card,5.17,EUR,,,,2025-08-26
Transport,Metro Card Top-up,Cash Wallet,3.05,USD,,,,2025-08-26
Coffee,Latte To Go,Cash Wallet,3.38,USD,,,,2025-08-26
Coffee,Espresso Bar,Cash Wallet,4.45,USD,,,,2025-08-26
Entertainment,Steam Game,Checking Account,9.92,USD,,,,2025-08-26
Groceries,Aldi,Credit Card,8.25,EUR,,,,2025-08-26
Dining Out,Pizzeria Bella,Cash Wallet,6.98,USD,,,,2025-08-26
,Savings Deposit,Checking Account,922.32,USD,Travel Card,2490.27,GEL,2025-08-26
,Credit Card Payment,Cash Wallet,1068.58,USD,Travel Card,2885.17,GEL,2025-08-26
,Savings Deposit,Checking Account,1022.36,USD,Cash Wallet,1022.36,USD,2025-08-26
Coffee,Morning Coffee,Checking Account,3.67,USD,,,,2025-08-27
Transport,Metro Card Top-up,Checking Account,3.38,USD,,,,2025-08-27
Coffee,Latte To Go,Cash Wallet,2.16,USD,,,,2025-08-27
Transport,Ride Share,Credit Card,6.46,EUR,,,,2025-08-27
Entertainment,Book Store,Cash Wallet,5.75,USD,,,,2025-08-27
Groceries,Local Green Market,Credit Card,5.18,EUR,,,,2025-08-27
Groceries,Carrefour,Checking Account,5.70,USD,,,,2025-08-27
Transport,Fuel Station,Cash Wallet,5.53,USD,,,,2025-08-27
Groceries,Carrefour,Cash Wallet,7.69,USD,,,,2025-08-27
Coffee,Cafe Mocha,Credit Card,4.36,EUR,,,,2025-08-27
Transport,Metro Card Top-up,Credit Card,2.87,EUR,,,,2025-08-27
Dining Out,Sushi Bar,Travel Card,23.75,GEL,,,,2025-08-27
Coffee,Cafe Mocha,Credit Card,1.83,EUR,,,,2025-08-27
Coffee,Cafe Mocha,Checking Account,4.17,USD,,,,2025-08-27
,Savings Deposit,Travel Card,235.15,GEL,Credit Card,80.13,EUR,2025-08-27
,Credit Card Payment,Savings Account,82.09,EUR,Credit Card,82.09,EUR,2025-08-27
,Transfer to Savings,Savings Account,1207.97,EUR,Travel Card,3545.13,GEL,2025-08-27
,Cash Withdrawal,Savings Account,730.01,EUR,Credit Card,730.01,EUR,2025-08-27
Coffee,Latte To Go,Checking Account,2.16,USD,,,,2025-08-28
Transport,Fuel Station,Checking Account,6.33,USD,,,,2025-08-28
Dining Out,Thai Takeaway,Travel Card,11.37,GEL,,,,2025-08-28
Healthcare,Gym Membership,Credit Card,11.40,EUR,,,,2025-08-28
Utilities,Phone Bill,Credit Card,20.63,EUR,,,,2025-08-28
Travel,Hotel Stay,Credit Card,48.99,EUR,,,,2025-08-28
Entertainment,Spotify Subscription,Cash Wallet,4.99,USD,,,,2025-08-28
Coffee,Morning Coffee,Travel Card,6.73,GEL,,,,2025-08-28
Coffee,Latte To Go,Checking Account,4.40,USD,,,,2025-08-28
Dining Out,Restaurant Le Petit,Credit Card,7.83,EUR,,,,2025-08-28
Transport,Metro Card Top-up,Checking Account,3.10,USD,,,,2025-08-28
Dining Out,Sushi Bar,Cash Wallet,13.19,USD,,,,2025-08-28
,Credit Card Payment,Checking Account,673.10,USD,Travel Card,1817.38,GEL,2025-08-28
,Savings Deposit,Checking Account,356.10,USD,Credit Card,327.61,EUR,2025-08-28
Transport,Metro Card Top-up,Credit Card,5.88,EUR,,,,2025-08-29
Groceries,Trader Joe's,Credit Card,11.30,EUR,,,,2025-08-29
Dining Out,Restaurant Le Petit,Checking Account,9.31,USD,,,,2025-08-29
Coffee,Cafe Mocha,Credit Card,2.73,EUR,,,,2025-08-29
Coffee,Espresso Bar,Cash Wallet,4.07,USD,,,,2025-08-29
Groceries,Carrefour,Credit Card,6.39,EUR,,,,2025-08-29
Coffee,Espresso Bar,Checking Account,3.63,USD,,,,2025-08-29
Dining Out,Coffee Shop,Checking Account,9.90,USD,,,,2025-08-29
Groceries,Carrefour,Credit Card,12.23,EUR,,,,2025-08-29
Dining Out,Burger Joint,Travel Card,20.33,GEL,,,,2025-08-29
Entertainment,Spotify Subscription,Credit Card,8.42,EUR,,,,2025-08-29
Entertainment,Concert Tickets,Checking Account,6.24,USD,,,,2025-08-29
Shopping,Amazon Order,Cash Wallet,13.46,USD,,,,2025-08-29
,Top-up Travel Card,Credit Card,1353.74,EUR,Checking Account,1471.46,USD,2025-08-29
,Cash Withdrawal,Checking Account,1048.13,USD,Travel Card,2829.95,GEL,2025-08-29
,Transfer to Savings,Travel Card,1806.89,GEL,Savings Account,615.68,EUR,2025-08-29
Dining Out,Bistro du Coin,Credit Card,7.41,EUR,,,,2025-08-30
Dining Out,Pizzeria Bella,Checking Account,9.38,USD,,,,2025-08-30
Dining Out,Pizzeria Bella,Credit Card,10.99,EUR,,,,2025-08-30
Dining Out,Bistro du Coin,Credit Card,9.83,EUR,,,,2025-08-30
Dining Out,Bistro du Coin,Credit Card,3.61,EUR,,,,2025-08-30
Transport,Taxi,Travel Card,13.25,GEL,,,,2025-08-30
Dining Out,Burger Joint,Checking Account,11.35,USD,,,,2025-08-30
Transport,Train Ticket,Credit Card,7.38,EUR,,,,2025-08-30
Transport,Fuel Station,Cash Wallet,5.33,USD,,,,2025-08-30
Dining Out,Restaurant Le Petit,Checking Account,6.05,USD,,,,2025-08-30
Coffee,Street Coffee,Cash Wallet,4.73,USD,,,,2025-08-30
Entertainment,Netflix Subscription,Cash Wallet,9.64,USD,,,,2025-08-30
Utilities,Phone Bill,Travel Card,34.46,GEL,,,,2025-08-30
Groceries,Carrefour,Cash Wallet,14.62,USD,,,,2025-08-30
Shopping,Amazon Order,Checking Account,15.60,USD,,,,2025-08-30
Healthcare,Gym Membership,Checking Account,12.49,USD,,,,2025-08-30
Dining Out,Thai Takeaway,Credit Card,4.01,EUR,,,,2025-08-30
Transport,Train Ticket,Cash Wallet,3.99,USD,,,,2025-08-30
Coffee,Cafe Mocha,Credit Card,1.88,EUR,,,,2025-08-30
Entertainment,Concert Tickets,Checking Account,4.56,USD,,,,2025-08-30
Travel,Car Rental,Cash Wallet,31.21,USD,,,,2025-08-30
,Savings Deposit,Cash Wallet,697.65,USD,Credit Card,641.83,EUR,2025-08-30
,Credit Card Payment,Credit Card,804.82,EUR,Cash Wallet,874.80,USD,2025-08-30
,Credit Card Payment,Checking Account,420.44,USD,Travel Card,1135.18,GEL,2025-08-30
,Cash Withdrawal,Savings Account,1350.18,EUR,Credit Card,1350.18,EUR,2025-08-30
Dining Out,Bistro du Coin,Credit Card,11.90,EUR,,,,2025-08-31
Dining Out,Coffee Shop,Savings Account,5.40,EUR,,,,2025-08-31
Coffee,Cafe Mocha,Checking Account,4.35,USD,,,,2025-08-31
Healthcare,Gym Membership,Checking Account,13.69,USD,,,,2025-08-31
Groceries,Trader Joe's,Checking Account,11.01,USD,,,,2025-08-31
Transport,Taxi,Cash Wallet,4.41,USD,,,,2025-08-31
Coffee,Cafe Mocha,Credit Card,3.60,EUR,,,,2025-08-31
Entertainment,Cinema Tickets,Cash Wallet,10.38,USD,,,,2025-08-31
Transport,Ride Share,Cash Wallet,6.30,USD,,,,2025-08-31
Entertainment,Steam Game,Checking Account,5.13,USD,,,,2025-08-31
Groceries,Local Green Market,Cash Wallet,11.15,USD,,,,2025-08-31
Coffee,Cafe Mocha,Checking Account,2.22,USD,,,,2025-08-31
Coffee,Morning Coffee,Credit Card,1.99,EUR,,,,2025-08-31
Utilities,Gas Bill,Cash Wallet,18.34,USD,,,,2025-08-31
,Transfer to Savings,Credit Card,533.93,EUR,Savings Account,533.93,EUR,2025-08-31
Groceries,Carrefour,Travel Card,32.58,GEL,,,,2025-09-01
Transport,Ride Share,Cash Wallet,7.11,USD,,,,2025-09-01
Coffee,Latte To Go,Checking Account,3.60,USD,,,,2025-09-01
Utilities,Electric Bill,Checking Account,21.64,USD,,,,2025-09-01
Dining Out,Pizzeria Bella,Credit Card,11.16,EUR,,,,2025-09-01
Groceries,Whole Foods Market,Cash Wallet,8.33,USD,,,,2025-09-01
Shopping,Bookshop,Cash Wallet,22.33,USD,,,,2025-09-01
Entertainment,Book Store,Cash Wallet,6.36,USD,,,,2025-09-01
Entertainment,Steam Game,Savings Account,9.72,EUR,,,,2025-09-01
Groceries,Whole Foods Market,Checking Account,15.32,USD,,,,2025-09-01
Coffee,Street Coffee,Cash Wallet,2.60,USD,,,,2025-09-01
Coffee,Latte To Go,Cash Wallet,4.21,USD,,,,2025-09-01
Coffee,Morning Coffee,Checking Account,3.09,USD,,,,2025-09-01
Coffee,Morning Coffee,Credit Card,2.47,EUR,,,,2025-09-01
,Credit Card Payment,Savings Account,389.02,EUR,Cash Wallet,422.85,USD,2025-09-01
Transport,Train Ticket,Checking Account,2.44,USD,,,,2025-09-02
Groceries,Carrefour,Cash Wallet,6.62,USD,,,,2025-09-02
Utilities,Water Utility,Travel Card,27.29,GEL,,,,2025-09-02
Coffee,Morning Coffee,Credit Card,2.79,EUR,,,,2025-09-02
Groceries,Carrefour,Credit Card,13.12,EUR,,,,2025-09-02
Entertainment,Cinema Tickets,Cash Wallet,3.22,USD,,,,2025-09-02
Groceries,Whole Foods Market,Credit Card,11.53,EUR,,,,2025-09-02
Entertainment,Book Store,Cash Wallet,5.50,USD,,,,2025-09-02
Coffee,Cafe Mocha,Checking Account,3.94,USD,,,,2025-09-02
Transport,Taxi,Cash Wallet,3.13,USD,,,,2025-09-02
Coffee,Street Coffee,Credit Card,3.45,EUR,,,,2025-09-02
Entertainment,Book Store,Checking Account,9.00,USD,,,,2025-09-02
Dining Out,Restaurant Le Petit,Cash Wallet,11.45,USD,,,,2025-09-02
Coffee,Latte To Go,Cash Wallet,2.98,USD,,,,2025-09-02
Entertainment,Concert Tickets,Credit Card,5.52,EUR,,,,2025-09-02
Groceries,Whole Foods Market,Checking Account,4.95,USD,,,,2025-09-02
Shopping,Amazon Order,Savings Account,15.82,EUR,,,,2025-09-02
Healthcare,Dental Clinic,Cash Wallet,11.62,USD,,,,2025-09-02
Transport,Fuel Station,Travel Card,18.92,GEL,,,,2025-09-02
,Cash Withdrawal,Checking Account,154.00,USD,Travel Card,415.79,GEL,2025-09-02
,Credit Card Payment,Cash Wallet,227.44,USD,Savings Account,209.24,EUR,2025-09-02
,Savings Deposit,Checking Account,390.70,USD,Credit Card,359.44,EUR,2025-09-02
,Cash Withdrawal,Travel Card,195.65,GEL,Savings Account,66.66,EUR,2025-09-02
Shopping,Amazon Order,Checking Account,20.01,USD,,,,2025-09-03
Utilities,Phone Bill,Savings Account,9.63,EUR,,,,2025-09-03
Transport,Taxi,Cash Wallet,5.00,USD,,,,2025-09-03
Transport,Ride Share,Credit Card,2.93,EUR,,,,2025-09-03
Groceries,Whole Foods Market,Checking Account,10.98,USD,,,,2025-09-03
Utilities,Internet Provider,Credit Card,21.21,EUR,,,,2025-09-03
Transport,Taxi,Cash Wallet,5.32,USD,,,,2025-09-03
Dining Out,Sushi Bar,Checking Account,8.25,USD,,,,2025-09-03
Groceries,Local Green Market,Checking Account,11.85,USD,,,,2025-09-03
Coffee,Espresso Bar,Cash Wallet,3.81,USD,,,,2025-09-03
Utilities,Electric Bill,Credit Card,19.47,EUR,,,,2025-09-03
Groceries,Carrefour,Cash Wallet,15.20,USD,,,,2025-09-03
Dining Out,Bistro du Coin,Cash Wallet,5.00,USD,,,,2025-09-03
,Savings Deposit,Savings Account,1157.01,EUR,Cash Wallet,1257.61,USD,2025-09-03
,Savings Deposit,Credit Card,957.35,EUR,Savings Account,957.35,EUR,2025-09-03
,Cash Withdrawal,Cash Wallet,147.57,USD,Checking Account,147.57,USD,2025-09-03
,Savings Deposit,Cash Wallet,734.93,USD,Savings Account,676.13,EUR,2025-09-03
,Credit Card Payment,Checking Account,757.68,USD,Credit Card,697.06,EUR,2025-09-03
Shopping,Furniture Store,Cash Wallet,7.68,USD,,,,2025-09-04
Coffee,Latte To Go,Checking Account,3.70,USD,,,,2025-09-04
Entertainment,Book Store,Credit Card,7.59,EUR,,,,2025-09-04
Transport,Fuel Station,Checking Account,4.44,USD,,,,2025-09-04
Groceries,Neighborhood Market,Credit Card,13.64,EUR,,,,2025-09-04
Shopping,Amazon Order,Cash Wallet,10.11,USD,,,,2025-09-04
Coffee,Latte To Go,Cash Wallet,2.22,USD,,,,2025-09-04
Dining Out,Thai Takeaway,Cash Wallet,8.82,USD,,,,2025-09-04
Dining Out,Sushi Bar,Cash Wallet,3.88,USD,,,,2025-09-04
Travel,Airbnb Stay,Savings Account,47.96,EUR,,,,2025-09-04
Groceries,Trader Joe's,Checking Account,5.44,USD,,,,2025-09-04
,Credit Card Payment,Credit Card,1053.62,EUR,Checking Account,1145.24,USD,2025-09-04
Coffee,Morning Coffee,Checking Account,4.30,USD,,,,2025-09-05
Groceries,Neighborhood Market,Cash Wallet,4.95,USD,,,,2025-09-05
Dining Out,Sushi Bar,Savings Account,10.00,EUR,,,,2025-09-05
Entertainment,Concert Tickets,Cash Wallet,10.08,USD,,,,2025-09-05
Coffee,Street Coffee,Checking Account,3.93,USD,,,,2025-09-05
Transport,Metro Card Top-up,Credit Card,2.48,EUR,,,,2025-09-05
Transport,Metro Card Top-up,Savings Account,2.85,EUR,,,,2025-09-05
Groceries,Trader Joe's,Checking Account,4.88,USD,,,,2025-09-05
Travel,Travel Insurance,Cash Wallet,74.32,USD,,,,2025-09-05
Coffee,Cafe Mocha,Credit Card,2.07,EUR,,,,2025-09-05
Groceries,Aldi,Travel Card,25.60,GEL,,,,2025-09-05
Transport,Taxi,Cash Wallet,4.52,USD,,,,2025-09-05
Dining Out,Coffee Shop,Checking Account,5.50,USD,,,,2025-09-05
Coffee,Street Coffee,Checking Account,3.67,USD,,,,2025-09-05
Dining Out,Burger Joint,Credit Card,5.79,EUR,,,,2025-09-05
Shopping,Amazon Order,Cash Wallet,7.16,USD,,,,2025-09-05
Dining Out,Pizzeria Bella,Cash Wallet,12.18,USD,,,,2025-09-05
Shopping,Amazon Order,Checking Account,10.32,USD,,,,2025-09-05
,Cash Withdrawal,Travel Card,2288.81,GEL,Credit Card,779.89,EUR,2025-09-05
,Top-up Travel Card,Checking Account,755.72,USD,Credit Card,695.26,EUR,2025-09-05
,Transfer to Savings,Credit Card,713.84,EUR,Savings Account,713.84,EUR,2025-09-05
,Credit Card Payment,Travel Card,2377.37,GEL,Cash Wallet,880.51,USD,2025-09-05
,Transfer to Savings,Savings Account,645.04,EUR,Travel Card,1893.07,GEL,2025-09-05
Coffee,Latte To Go,Credit Card,2.40,EUR,,,,2025-09-06
Transport,Taxi,Checking Account,6.58,USD,,,,2025-09-06
Entertainment,Cinema Tickets,Checking Account,10.21,USD,,,,2025-09-06
Dining Out,Burger Joint,Checking Account,10.98,USD,,,,2025-09-06
Transport,Taxi,Credit Card,3.02,EUR,,,,2025-09-06
Coffee,Espresso Bar,Credit Card,3.20,EUR,,,,2025-09-06
Shopping,Bookshop,Savings Account,4.94,EUR,,,,2025-09-06
Coffee,Morning Coffee,Travel Card,7.01,GEL,,,,2025-09-06
Entertainment,Steam Game,Credit Card,6.58,EUR,,,,2025-09-06
Coffee,Morning Coffee,Checking Account,2.17,USD,,,,2025-09-06
Utilities,Gas Bill,Cash Wallet,18.27,USD,,,,2025-09-06
Coffee,Morning Coffee,Credit Card,2.85,EUR,,,,2025-09-06
Coffee,Espresso Bar,Travel Card,6.70,GEL,,,,2025-09-06
Entertainment,Steam Game,Checking Account,3.16,USD,,,,2025-09-06
Dining Out,Bistro du Coin,Cash Wallet,8.64,USD,,,,2025-09-06
,Top-up Travel Card,Travel Card,2195.32,GEL,Credit Card,748.03,EUR,2025-09-06
Transport,Fuel Station,Cash Wallet,4.43,USD,,,,2025-09-07
Transport,Fuel Station,Cash Wallet,6.48,USD,,,,2025-09-07
Groceries,Neighborhood Market,Checking Account,5.31,USD,,,,2025-09-07
Utilities,Phone Bill,Travel Card,52.19,GEL,,,,2025-09-07
Groceries,Local Green Market,Travel Card,40.19,GEL,,,,2025-09-07
Groceries,Carrefour,Checking Account,8.74,USD,,,,2025-09-07
Coffee,Latte To Go,Cash Wallet,2.63,USD,,,,2025-09-07
Utilities,Phone Bill,Credit Card,22.63,EUR,,,,2025-09-07
Utilities,Phone Bill,Checking Account,12.32,USD,,,,2025-09-07
Healthcare,Dental Clinic,Checking Account,17.80,USD,,,,2025-09-07
,Transfer to Savings,Travel Card,2453.13,GEL,Cash Wallet,908.57,USD,2025-09-07
,Top-up Travel Card,Credit Card,818.57,EUR,Checking Account,889.76,USD,2025-09-07
,Savings Deposit,Checking Account,463.24,USD,Cash Wallet,463.24,USD,2025-09-07
,Cash Withdrawal,Credit Card,749.85,EUR,Cash Wallet,815.05,USD,2025-09-07
Coffee,Morning Coffee,Cash Wallet,4.46,USD,,,,2025-09-08
Coffee,Espresso Bar,Checking Account,3.83,USD,,,,2025-09-08
Utilities,Internet Provider,Cash Wallet,9.00,USD,,,,2025-09-08
Healthcare,Gym Membership,Checking Account,5.53,USD,,,,2025-09-08
Groceries,Lidl,Checking Account,6.56,USD,,,,2025-09-08
Coffee,Street Coffee,Cash Wallet,3.24,USD,,,,2025-09-08
Travel,Car Rental,Travel Card,233.40,GEL,,,,2025-09-08
Groceries,Trader Joe's,Checking Account,13.28,USD,,,,2025-09-08
Dining Out,Burger Joint,Credit Card,5.33,EUR,,,,2025-09-08
Transport,Metro Card Top-up,Cash Wallet,7.94,USD,,,,2025-09-08
Coffee,Espresso Bar,Travel Card,11.35,GEL,,,,2025-09-08
Dining Out,Bistro du Coin,Travel Card,23.87,GEL,,,,2025-09-08
Dining Out,Thai Takeaway,Cash Wallet,7.29,USD,,,,2025-09-08
Coffee,Morning Coffee,Cash Wallet,2.92,USD,,,,2025-09-08
,Top-up Travel Card,Travel Card,1059.01,GEL,Cash Wallet,392.23,USD,2025-09-08
,Transfer to Savings,Savings Account,79.41,EUR,Checking Account,86.31,USD,2025-09-08
,Savings Deposit,Travel Card,2624.80,GEL,Cash Wallet,972.15,USD,2025-09-08
Groceries,Carrefour,Cash Wallet,14.01,USD,,,,2025-09-09
Dining Out,Pizzeria Bella,Cash Wallet,8.98,USD,,,,2025-09-09
Coffee,Cafe Mocha,Checking Account,4.39,USD,,,,2025-09-09
Dining Out,Bistro du Coin,Credit Card,5.62,EUR,,,,2025-09-09
Coffee,Espresso Bar,Travel Card,10.45,GEL,,,,2025-09-09
Healthcare,Dental Clinic,Cash Wallet,17.87,USD,,,,2025-09-09
Coffee,Cafe Mocha,Checking Account,3.77,USD,,,,2025-09-09
Coffee,Street Coffee,Credit Card,2.58,EUR,,,,2025-09-09
Coffee,Espresso Bar,Cash Wallet,2.71,USD,,,,2025-09-09
Groceries,Neighborhood Market,Travel Card,18.02,GEL,,,,2025-09-09
Coffee,Latte To Go,Cash Wallet,4.79,USD,,,,2025-09-09
Groceries,Local Green Market,Savings Account,8.09,EUR,,,,2025-09-09
Coffee,Street Coffee,Cash Wallet,2.40,USD,,,,2025-09-09
Transport,Bus Pass,Credit Card,7.91,EUR,,,,2025-09-09
Groceries,Carrefour,Checking Account,5.08,USD,,,,2025-09-09
Dining Out,Thai Takeaway,Cash Wallet,8.21,USD,,,,2025-09-09
Entertainment,Book Store,Travel Card,24.12,GEL,,,,2025-09-09
,Cash Withdrawal,Cash Wallet,181.60,USD,Savings Account,167.08,EUR,2025-09-09
,Top-up Travel Card,Cash Wallet,997.04,USD,Travel Card,2692.02,GEL,2025-09-09
,Cash Withdrawal,Travel Card,3889.66,GEL,Credit Card,1325.36,EUR,2025-09-09
Groceries,Whole Foods Market,Checking Account,7.39,USD,,,,2025-09-10
Coffee,Street Coffee,Travel Card,7.68,GEL,,,,2025-09-10
Shopping,Electronics Store,Credit Card,20.33,EUR,,,,2025-09-10
Groceries,Local Green Market,Checking Account,5.45,USD,,,,2025-09-10
Dining Out,Restaurant Le Petit,Credit Card,12.12,EUR,,,,2025-09-10
Dining Out,Restaurant Le Petit,Savings Account,9.29,EUR,,,,2025-09-10
Groceries,Local Green Market,Checking Account,12.71,USD,,,,2025-09-10
Groceries,Local Green Market,Checking Account,10.19,USD,,,,2025-09-10
Transport,Bus Pass,Cash Wallet,7.34,USD,,,,2025-09-10
Groceries,Neighborhood Market,Checking Account,5.23,USD,,,,2025-09-10
Shopping,Furniture Store,Travel Card,63.55,GEL,,,,2025-09-10
Groceries,Local Green Market,Travel Card,24.53,GEL,,,,2025-09-10
Coffee,Street Coffee,Cash Wallet,2.62,USD,,,,2025-09-10
Entertainment,Concert Tickets,Checking Account,6.72,USD,,,,2025-09-10
Groceries,Whole Foods Market,Credit Card,12.27,EUR,,,,2025-09-10
Dining Out,Bistro du Coin,Cash Wallet,8.30,USD,,,,2025-09-10
Dining Out,Thai Takeaway,Cash Wallet,4.88,USD,,,,2025-09-10
Transport,Taxi,Checking Account,4.90,USD,,,,2025-09-10
Coffee,Latte To Go,Cash Wallet,2.15,USD,,,,2025-09-10
Shopping,Bookshop,Cash Wallet,20.04,USD,,,,2025-09-10
Coffee,Cafe Mocha,Cash Wallet,4.44,USD,,,,2025-09-10
Transport,Ride Share,Credit Card,4.69,EUR,,,,2025-09-10
Coffee,Street Coffee,Cash Wallet,2.53,USD,,,,2025-09-10
Dining Out,Burger Joint,Credit Card,7.18,EUR,,,,2025-09-10
Entertainment,Netflix Subscription,Travel Card,28.74,GEL,,,,2025-09-10
Coffee,Street Coffee,Cash Wallet,4.04,USD,,,,2025-09-10
Salary,Salary Deposit,,,,Checking Account,1521.67,USD,2025-09-10
,Cash Withdrawal,Savings Account,1206.65,EUR,Cash Wallet,1311.58,USD,2025-09-10
,Credit Card Payment,Credit Card,850.36,EUR,Travel Card,2495.62,GEL,2025-09-10
Transport,Bus Pass,Cash Wallet,4.49,USD,,,,2025-09-11
Entertainment,Concert Tickets,Checking Account,2.93,USD,,,,2025-09-11
Coffee,Espresso Bar,Credit Card,3.53,EUR,,,,2025-09-11
Utilities,Water Utility,Credit Card,19.87,EUR,,,,2025-09-11
Coffee,Latte To Go,Cash Wallet,3.16,USD,,,,2025-09-11
Shopping,Furniture Store,Checking Account,23.95,USD,,,,2025-09-11
Coffee,Cafe Mocha,Credit Card,2.66,EUR,,,,2025-09-11
Entertainment,Book Store,Checking Account,3.74,USD,,,,2025-09-11
Coffee,Latte To Go,Credit Card,3.16,EUR,,,,2025-09-11
Groceries,Whole Foods Market,Checking Account,10.72,USD,,,,2025-09-11
Healthcare,Optician,Credit Card,11.64,EUR,,,,2025-09-11
Entertainment,Book Store,Savings Account,4.97,EUR,,,,2025-09-11
Coffee,Morning Coffee,Savings Account,4.24,EUR,,,,2025-09-11
Shopping,Electronics Store,Checking Account,20.49,USD,,,,2025-09-11
Dining Out,Sushi Bar,Credit Card,5.82,EUR,,,,2025-09-11
Groceries,Local Green Market,Cash Wallet,11.77,USD,,,,2025-09-11
,Savings Deposit,Credit Card,404.08,EUR,Savings Account,404.08,EUR,2025-09-11
Transport,Ride Share,Checking Account,7.66,USD,,,,2025-09-12
Coffee,Espresso Bar,Travel Card,7.00,GEL,,,,2025-09-12
Dining Out,Burger Joint,Checking Account,13.22,USD,,,,2025-09-12
Travel,Flight Booking,Checking Account,82.88,USD,,,,2025-09-12
Coffee,Morning Coffee,Checking Account,4.30,USD,,,,2025-09-12
Dining Out,Thai Takeaway,Cash Wallet,12.21,USD,,,,2025-09-12
Entertainment,Book Store,Checking Account,9.85,USD,,,,2025-09-12
Dining Out,Sushi Bar,Credit Card,6.05,EUR,,,,2025-09-12
Entertainment,Spotify Subscription,Checking Account,4.34,USD,,,,2025-09-12
Entertainment,Steam Game,Credit Card,8.36,EUR,,,,2025-09-12
Groceries,Trader Joe's,Cash Wallet,8.28,USD,,,,2025-09-12
Coffee,Street Coffee,Credit Card,1.98,EUR,,,,2025-09-12
Shopping,Electronics Store,Cash Wallet,15.12,USD,,,,2025-09-12
,Credit Card Payment,Checking Account,1353.34,USD,Savings Account,1245.07,EUR,2025-09-12
,Credit Card Payment,Savings Account,135.71,EUR,Cash Wallet,147.51,USD,2025-09-12
Healthcare,Gym Membership,Credit Card,17.74,EUR,,,,2025-09-13
Travel,Travel Insurance,Cash Wallet,98.53,USD,,,,2025-09-13
Dining Out,Sushi Bar,Checking Account,9.82,USD,,,,2025-09-13
Utilities,Internet Provider,Savings Account,27.80,EUR,,,,2025-09-13
Coffee,Latte To Go,Checking Account,4.53,USD,,,,2025-09-13
Groceries,Trader Joe's,Cash Wallet,10.76,USD,,,,2025-09-13
Coffee,Cafe Mocha,Credit Card,4.26,EUR,,,,2025-09-13
Healthcare,Dental Clinic,Cash Wallet,18.70,USD,,,,2025-09-13
Coffee,Latte To Go,Credit Card,3.03,EUR,,,,2025-09-13
Groceries,Carrefour,Checking Account,10.05,USD,,,,2025-09-13
Coffee,Morning Coffee,Checking Account,2.00,USD,,,,2025-09-13
Transport,Train Ticket,Checking Account,5.72,USD,,,,2025-09-13
Coffee,Espresso Bar,Credit Card,4.12,EUR,,,,2025-09-13
Dining Out,Bistro du Coin,Cash Wallet,11.84,USD,,,,2025-09-13
Groceries,Whole Foods Market,Checking Account,5.72,USD,,,,2025-09-13
Coffee,Morning Coffee,Cash Wallet,2.16,USD,,,,2025-09-14
Transport,Fuel Station,Credit Card,5.63,EUR,,,,2025-09-14
Groceries,Aldi,Cash Wallet,8.13,USD,,,,2025-09-14
Dining Out,Coffee Shop,Checking Account,4.62,USD,,,,2025-09-14
Entertainment,Spotify Subscription,Checking Account,3.93,USD,,,,2025-09-14
Shopping,Electronics Store,Credit Card,7.97,EUR,,,,2025-09-14
Dining Out,Pizzeria Bella,Cash Wallet,5.72,USD,,,,2025-09-14
Coffee,Latte To Go,Credit Card,2.77,EUR,,,,2025-09-14
Dining Out,Sushi Bar,Cash Wallet,5.10,USD,,,,2025-09-14
Coffee,Espresso Bar,Credit Card,4.10,EUR,,,,2025-09-14
Entertainment,Book Store,Cash Wallet,3.63,USD,,,,2025-09-14
Transport,Taxi,Travel Card,15.13,GEL,,,,2025-09-14
Transport,Train Ticket,Cash Wallet,5.08,USD,,,,2025-09-14
Coffee,Morning Coffee,Travel Card,12.10,GEL,,,,2025-09-14
Entertainment,Book Store,Cash Wallet,4.94,USD,,,,2025-09-14
Groceries,Trader Joe's,Cash Wallet,8.12,USD,,,,2025-09-14
Healthcare,Dental Clinic,Travel Card,47.40,GEL,,,,2025-09-14
,Top-up Travel Card,Cash Wallet,1127.31,USD,Checking Account,1127.31,USD,2025-09-14
,Transfer to Savings,Checking Account,171.08,USD,Credit Card,157.39,EUR,2025-09-14
Coffee,Cafe Mocha,Travel Card,6.34,GEL,,,,2025-09-15
Dining Out,Bistro du Coin,Checking Account,12.21,USD,,,,2025-09-15
Dining Out,Coffee Shop,Cash Wallet,7.26,USD,,,,2025-09-15
Groceries,Aldi,Credit Card,5.87,EUR,,,,2025-09-15
Groceries,Local Green Market,Travel Card,16.07,GEL,,,,2025-09-15
Shopping,Clothing Store,Credit Card,7.58,EUR,,,,2025-09-15
Healthcare,Doctor Visit,Cash Wallet,18.71,USD,,,,2025-09-15
Transport,Taxi,Travel Card,21.28,GEL,,,,2025-09-15
Coffee,Morning Coffee,Credit Card,2.75,EUR,,,,2025-09-15
Shopping,Furniture Store,Credit Card,7.45,EUR,,,,2025-09-15
Dining Out,Sushi Bar,Credit Card,6.77,EUR,,,,2025-09-15
Coffee,Espresso Bar,Savings Account,3.49,EUR,,,,2025-09-15
Groceries,Trader Joe's,Credit Card,13.99,EUR,,,,2025-09-15
Utilities,Gas Bill,Credit Card,24.59,EUR,,,,2025-09-15
Coffee,Morning Coffee,Savings Account,3.68,EUR,,,,2025-09-15
Coffee,Street Coffee,Checking Account,2.84,USD,,,,2025-09-15
,Credit Card Payment,Travel Card,1281.76,GEL,Savings Account,436.75,EUR,2025-09-15
,Top-up Travel Card,Cash Wallet,1454.87,USD,Credit Card,1338.48,EUR,2025-09-15
,Cash Withdrawal,Checking Account,1391.05,USD,Savings Account,1279.76,EUR,2025-09-15
Travel,Flight Booking,Checking Account,44.78,USD,,,,2025-09-16
Transport,Ride Share,Cash Wallet,3.20,USD,,,,2025-09-16
Coffee,Morning Coffee,Credit Card,2.81,EUR,,,,2025-09-16
Healthcare,Dental Clinic,Cash Wallet,12.61,USD,,,,2025-09-16
Groceries,Aldi,Cash Wallet,8.38,USD,,,,2025-09-16
Transport,Train Ticket,Travel Card,17.90,GEL,,,,2025-09-16
Groceries,Aldi,Savings Account,8.73,EUR,,,,2025-09-16
Utilities,Water Utility,Travel Card,84.03,GEL,,,,2025-09-16
Dining Out,Bistro du Coin,Savings Account,10.88,EUR,,,,2025-09-16
Healthcare,Doctor Visit,Cash Wallet,13.41,USD,,,,2025-09-16
Coffee,Espresso Bar,Travel Card,8.14,GEL,,,,2025-09-16
Entertainment,Cinema Tickets,Credit Card,4.36,EUR,,,,2025-09-16
Coffee,Cafe Mocha,Cash Wallet,4.69,USD,,,,2025-09-16
Transport,Bus Pass,Savings Account,6.20,EUR,,,,2025-09-16
Shopping,Clothing Store,Credit Card,11.56,EUR,,,,2025-09-16
Groceries,Trader Joe's,Cash Wallet,6.92,USD,,,,2025-09-16
,Top-up Travel Card,Travel Card,578.16,GEL,Checking Account,214.13,USD,2025-09-16
,Savings Deposit,Travel Card,2560.80,GEL,Savings Account,872.57,EUR,2025-09-16
,Top-up Travel Card,Savings Account,1356.57,EUR,Travel Card,3981.23,GEL,2025-09-16
,Cash Withdrawal,Checking Account,218.32,USD,Savings Account,200.85,EUR,2025-09-16
Coffee,Espresso Bar,Credit Card,3.62,EUR,,,,2025-09-17
Entertainment,Cinema Tickets,Cash Wallet,7.52,USD,,,,2025-09-17
Coffee,Cafe Mocha,Checking Account,3.60,USD,,,,2025-09-17
Transport,Metro Card Top-up,Credit Card,4.91,EUR,,,,2025-09-17
Dining Out,Thai Takeaway,Credit Card,6.54,EUR,,,,2025-09-17
Dining Out,Coffee Shop,Cash Wallet,13.31,USD,,,,2025-09-17
Entertainment,Cinema Tickets,Credit Card,3.95,EUR,,,,2025-09-17
Groceries,Whole Foods Market,Cash Wallet,5.28,USD,,,,2025-09-17
Coffee,Street Coffee,Travel Card,5.86,GEL,,,,2025-09-17
Entertainment,Cinema Tickets,Cash Wallet,7.79,USD,,,,2025-09-17
Dining Out,Thai Takeaway,Savings Account,5.35,EUR,,,,2025-09-17
Coffee,Morning Coffee,Savings Account,3.01,EUR,,,,2025-09-17
,Cash Withdrawal,Cash Wallet,1431.63,USD,Credit Card,1317.10,EUR,2025-09-17
,Top-up Travel Card,Cash Wallet,1151.43,USD,Checking Account,1151.43,USD,2025-09-17
Shopping,Amazon Order,Travel Card,20.89,GEL,,,,2025-09-18
Travel,Travel Insurance,Travel Card,138.08,GEL,,,,2025-09-18
Coffee,Espresso Bar,Credit Card,3.76,EUR,,,,2025-09-18
Dining Out,Thai Takeaway,Cash Wallet,9.92,USD,,,,2025-09-18
Coffee,Cafe Mocha,Cash Wallet,4.61,USD,,,,2025-09-18
Entertainment,Cinema Tickets,Cash Wallet,5.93,USD,,,,2025-09-18
Coffee,Morning Coffee,Checking Account,4.41,USD,,,,2025-09-18
Coffee,Espresso Bar,Travel Card,8.00,GEL,,,,2025-09-18
Shopping,Clothing Store,Credit Card,7.42,EUR,,,,2025-09-18
Groceries,Carrefour,Cash Wallet,6.99,USD,,,,2025-09-18
Groceries,Local Green Market,Cash Wallet,12.84,USD,,,,2025-09-18
Entertainment,Concert Tickets,Travel Card,19.25,GEL,,,,2025-09-18
Coffee,Street Coffee,Travel Card,9.39,GEL,,,,2025-09-18
Coffee,Street Coffee,Cash Wallet,3.94,USD,,,,2025-09-18
Shopping,Clothing Store,Cash Wallet,21.63,USD,,,,2025-09-18
Coffee,Latte To Go,Savings Account,3.90,EUR,,,,2025-09-18
Coffee,Latte To Go,Travel Card,11.76,GEL,,,,2025-09-18
Dining Out,Burger Joint,Checking Account,6.32,USD,,,,2025-09-18
Groceries,Lidl,Savings Account,9.17,EUR,,,,2025-09-18
Entertainment,Cinema Tickets,Credit Card,9.60,EUR,,,,2025-09-18
Entertainment,Concert Tickets,Travel Card,26.60,GEL,,,,2025-09-18
,Cash Withdrawal,Credit Card,860.91,EUR,Cash Wallet,935.77,USD,2025-09-18
Transport,Ride Share,Checking Account,6.02,USD,,,,2025-09-19
Coffee,Espresso Bar,Cash Wallet,3.72,USD,,,,2025-09-19
Transport,Fuel Station,Credit Card,5.31,EUR,,,,2025-09-19
Coffee,Morning Coffee,Cash Wallet,4.28,USD,,,,2025-09-19
Transport,Taxi,Cash Wallet,5.78,USD,,,,2025-09-19
Groceries,Trader Joe's,Credit Card,8.30,EUR,,,,2025-09-19
Groceries,Local Green Market,Credit Card,13.46,EUR,,,,2025-09-19
Entertainment,Book Store,Credit Card,3.51,EUR,,,,2025-09-19
Transport,Bus Pass,Checking Account,6.31,USD,,,,2025-09-19
Transport,Bus Pass,Cash Wallet,8.27,USD,,,,2025-09-19
Utilities,Electric Bill,Checking Account,14.32,USD,,,,2025-09-19
Entertainment,Book Store,Credit Card,8.47,EUR,,,,2025-09-19
Dining Out,Thai Takeaway,Savings Account,11.08,EUR,,,,2025-09-19
Groceries,Local Green Market,Checking Account,7.30,USD,,,,2025-09-19
Groceries,Whole Foods Market,Travel Card,13.72,GEL,,,,2025-09-19
,Cash Withdrawal,Cash Wallet,747.47,USD,Checking Account,747.47,USD,2025-09-19
,Transfer to Savings,Travel Card,2608.73,GEL,Credit Card,888.90,EUR,2025-09-19
,Credit Card Payment,Cash Wallet,1359.18,USD,Credit Card,1250.44,EUR,2025-09-19
,Savings Deposit,Savings Account,539.36,EUR,Credit Card,539.36,EUR,2025-09-19
,Top-up Travel Card,Savings Account,806.06,EUR,Checking Account,876.15,USD,2025-09-19
,Savings Deposit,Travel Card,1970.60,GEL,Checking Account,729.85,USD,2025-09-19
Transport,Taxi,Checking Account,4.73,USD,,,,2025-09-20
Transport,Taxi,Credit Card,3.43,EUR,,,,2025-09-20
Transport,Bus Pass,Checking Account,8.32,USD,,,,2025-09-20
Healthcare,Pharmacy,Checking Account,11.72,USD,,,,2025-09-20
Transport,Bus Pass,Cash Wallet,7.42,USD,,,,2025-09-20
Transport,Metro Card Top-up,Checking Account,2.49,USD,,,,2025-09-20
Healthcare,Dental Clinic,Cash Wallet,5.16,USD,,,,2025-09-20
Groceries,Carrefour,Credit Card,4.92,EUR,,,,2025-09-20
Transport,Fuel Station,Travel Card,7.90,GEL,,,,2025-09-20
Healthcare,Pharmacy,Credit Card,16.80,EUR,,,,2025-09-20
Coffee,Espresso Bar,Checking Account,3.04,USD,,,,2025-09-20
Utilities,Gas Bill,Cash Wallet,8.02,USD,,,,2025-09-20
,Cash Withdrawal,Credit Card,232.98,EUR,Travel Card,683.74,GEL,2025-09-20
,Transfer to Savings,Cash Wallet,1207.54,USD,Savings Account,1110.94,EUR,2025-09-20
,Top-up Travel Card,Travel Card,1692.84,GEL,Credit Card,576.82,EUR,2025-09-20
Dining Out,Coffee Shop,Cash Wallet,8.12,USD,,,,2025-09-21
Entertainment,Concert Tickets,Checking Account,6.99,USD,,,,2025-09-21
Transport,Taxi,Travel Card,8.17,GEL,,,,2025-09-21
Coffee,Street Coffee,Checking Account,4.38,USD,,,,2025-09-21
Coffee,Cafe Mocha,Cash Wallet,4.15,USD,,,,2025-09-21
Coffee,Street Coffee,Cash Wallet,2.71,USD,,,,2025-09-21
Dining Out,Sushi Bar,Cash Wallet,4.76,USD,,,,2025-09-21
Entertainment,Steam Game,Cash Wallet,5.58,USD,,,,2025-09-21
Shopping,Furniture Store,Checking Account,16.14,USD,,,,2025-09-21
Utilities,Water Utility,Travel Card,47.03,GEL,,,,2025-09-21
Coffee,Morning Coffee,Cash Wallet,4.21,USD,,,,2025-09-21
Shopping,Clothing Store,Travel Card,43.24,GEL,,,,2025-09-21
Dining Out,Thai Takeaway,Cash Wallet,8.53,USD,,,,2025-09-21
Transport,Ride Share,Cash Wallet,7.36,USD,,,,2025-09-21
Transport,Taxi,Checking Account,8.07,USD,,,,2025-09-21
Coffee,Latte To Go,Checking Account,3.41,USD,,,,2025-09-21
Groceries,Whole Foods Market,Credit Card,10.06,EUR,,,,2025-09-21
Entertainment,Concert Tickets,Cash Wallet,10.11,USD,,,,2025-09-22
Shopping,Amazon Order,Cash Wallet,17.52,USD,,,,2025-09-22
Entertainment,Spotify Subscription,Credit Card,8.24,EUR,,,,2025-09-22
Coffee,Latte To Go,Credit Card,3.05,EUR,,,,2025-09-22
Coffee,Morning Coffee,Credit Card,1.93,EUR,,,,2025-09-22
Entertainment,Steam Game,Travel Card,26.79,GEL,,,,2025-09-22
Coffee,Morning Coffee,Travel Card,11.70,GEL,,,,2025-09-22
Entertainment,Cinema Tickets,Cash Wallet,11.16,USD,,,,2025-09-22
Groceries,Whole Foods Market,Checking Account,7.23,USD,,,,2025-09-22
Entertainment,Spotify Subscription,Travel Card,13.27,GEL,,,,2025-09-22
Entertainment,Concert Tickets,Credit Card,8.90,EUR,,,,2025-09-22
Groceries,Carrefour,Cash Wallet,12.77,USD,,,,2025-09-22
Groceries,Aldi,Travel Card,19.11,GEL,,,,2025-09-22
Groceries,Aldi,Cash Wallet,8.10,USD,,,,2025-09-22
Shopping,Amazon Order,Checking Account,18.45,USD,,,,2025-09-22
Healthcare,Dental Clinic,Cash Wallet,14.32,USD,,,,2025-09-22
Dining Out,Burger Joint,Checking Account,7.89,USD,,,,2025-09-22
Coffee,Espresso Bar,Checking Account,2.54,USD,,,,2025-09-22
,Cash Withdrawal,Checking Account,1288.93,USD,Savings Account,1185.81,EUR,2025-09-22
,Cash Withdrawal,Savings Account,1350.48,EUR,Credit Card,1350.48,EUR,2025-09-22
Transport,Bus Pass,Credit Card,3.27,EUR,,,,2025-09-23
Coffee,Cafe Mocha,Savings Account,2.53,EUR,,,,2025-09-23
Dining Out,Pizzeria Bella,Credit Card,6.46,EUR,,,,2025-09-23
Dining Out,Bistro du Coin,Travel Card,35.65,GEL,,,,2025-09-23
Healthcare,Gym Membership,Credit Card,7.13,EUR,,,,2025-09-23
Coffee,Cafe Mocha,Savings Account,2.10,EUR,,,,2025-09-23
Healthcare,Pharmacy,Travel Card,30.59,GEL,,,,2025-09-23
Groceries,Trader Joe's,Cash Wallet,15.44,USD,,,,2025-09-23
Entertainment,Concert Tickets,Checking Account,9.23,USD,,,,2025-09-23
Dining Out,Bistro du Coin,Checking Account,10.01,USD,,,,2025-09-23
Healthcare,Optician,Cash Wallet,11.91,USD,,,,2025-09-23
Groceries,Lidl,Cash Wallet,14.90,USD,,,,2025-09-23
Coffee,Espresso Bar,Credit Card,2.19,EUR,,,,2025-09-23
Transport,Ride Share,Checking Account,7.21,USD,,,,2025-09-23
Groceries,Whole Foods Market,Checking Account,12.46,USD,,,,2025-09-23
Transport,Taxi,Checking Account,3.20,USD,,,,2025-09-23
Groceries,Neighborhood Market,Cash Wallet,12.66,USD,,,,2025-09-23
,Savings Deposit,Cash Wallet,1004.55,USD,Checking Account,1004.55,USD,2025-09-23
Entertainment,Spotify Subscription,Cash Wallet,9.85,USD,,,,2025-09-24
Dining Out,Thai Takeaway,Cash Wallet,12.99,USD,,,,2025-09-24
Coffee,Street Coffee,Cash Wallet,2.99,USD,,,,2025-09-24
Groceries,Carrefour,Cash Wallet,6.55,USD,,,,2025-09-24
Groceries,Lidl,Credit Card,9.92,EUR,,,,2025-09-24
Entertainment,Netflix Subscription,Cash Wallet,7.37,USD,,,,2025-09-24
Coffee,Cafe Mocha,Cash Wallet,3.49,USD,,,,2025-09-24
Healthcare,Optician,Cash Wallet,5.99,USD,,,,2025-09-24
Dining Out,Sushi Bar,Checking Account,4.64,USD,,,,2025-09-24
Entertainment,Netflix Subscription,Cash Wallet,11.23,USD,,,,2025-09-24
Dining Out,Restaurant Le Petit,Checking Account,10.04,USD,,,,2025-09-24
Groceries,Aldi,Credit Card,11.50,EUR,,,,2025-09-24
Transport,Metro Card Top-up,Cash Wallet,2.62,USD,,,,2025-09-24
Dining Out,Coffee Shop,Travel Card,16.44,GEL,,,,2025-09-24
Dining Out,Bistro du Coin,Credit Card,4.14,EUR,,,,2025-09-24
Transport,Metro Card Top-up,Savings Account,6.12,EUR,,,,2025-09-24
Travel,Flight Booking,Travel Card,186.13,GEL,,,,2025-09-24
Shopping,Bookshop,Cash Wallet,21.51,USD,,,,2025-09-24
Groceries,Aldi,Travel Card,25.19,GEL,,,,2025-09-24
,Top-up Travel Card,Checking Account,838.42,USD,Travel Card,2263.73,GEL,2025-09-24
,Savings Deposit,Travel Card,2888.31,GEL,Savings Account,984.17,EUR,2025-09-24
Transport,Ride Share,Credit Card,2.76,EUR,,,,2025-09-25
Transport,Fuel Station,Credit Card,7.83,EUR,,,,2025-09-25
Entertainment,Spotify Subscription,Cash Wallet,7.48,USD,,,,2025-09-25
Healthcare,Doctor Visit,Savings Account,9.86,EUR,,,,2025-09-25
Coffee,Cafe Mocha,Checking Account,3.84,USD,,,,2025-09-25
Groceries,Whole Foods Market,Cash Wallet,12.53,USD,,,,2025-09-25
Dining Out,Thai Takeaway,Credit Card,5.52,EUR,,,,2025-09-25
Travel,Car Rental,Travel Card,174.81,GEL,,,,2025-09-25
,Cash Withdrawal,Credit Card,944.37,EUR,Travel Card,2771.51,GEL,2025-09-25
,Savings Deposit,Cash Wallet,254.66,USD,Savings Account,234.29,EUR,2025-09-25
Utilities,Phone Bill,Travel Card,41.33,GEL,,,,2025-09-26
Coffee,Morning Coffee,Cash Wallet,3.43,USD,,,,2025-09-26
Groceries,Local Green Market,Credit Card,11.28,EUR,,,,2025-09-26
Entertainment,Cinema Tickets,Travel Card,21.63,GEL,,,,2025-09-26
Transport,Ride Share,Checking Account,3.97,USD,,,,2025-09-26
Transport,Metro Card Top-up,Credit Card,2.62,EUR,,,,2025-09-26
Transport,Train Ticket,Cash Wallet,7.89,USD,,,,2025-09-26
Coffee,Street Coffee,Cash Wallet,3.69,USD,,,,2025-09-26
Dining Out,Restaurant Le Petit,Checking Account,11.75,USD,,,,2025-09-26
Coffee,Latte To Go,Checking Account,3.96,USD,,,,2025-09-26
Groceries,Trader Joe's,Checking Account,4.85,USD,,,,2025-09-26
Dining Out,Burger Joint,Credit Card,4.38,EUR,,,,2025-09-26
Travel,Car Rental,Cash Wallet,87.46,USD,,,,2025-09-26
Utilities,Gas Bill,Cash Wallet,9.96,USD,,,,2025-09-26
Shopping,Electronics Store,Credit Card,18.67,EUR,,,,2025-09-26
Transport,Ride Share,Checking Account,6.11,USD,,,,2025-09-26
,Transfer to Savings,Travel Card,1261.21,GEL,Savings Account,429.75,EUR,2025-09-26
Groceries,Whole Foods Market,Travel Card,18.98,GEL,,,,2025-09-27
Groceries,Aldi,Checking Account,9.20,USD,,,,2025-09-27
Coffee,Latte To Go,Credit Card,3.13,EUR,,,,2025-09-27
Coffee,Latte To Go,Credit Card,2.25,EUR,,,,2025-09-27
Dining Out,Burger Joint,Checking Account,7.01,USD,,,,2025-09-27
Dining Out,Sushi Bar,Checking Account,11.19,USD,,,,2025-09-27
Groceries,Lidl,Credit Card,5.26,EUR,,,,2025-09-27
Coffee,Espresso Bar,Cash Wallet,3.73,USD,,,,2025-09-27
Dining Out,Burger Joint,Travel Card,11.04,GEL,,,,2025-09-27
Entertainment,Spotify Subscription,Checking Account,8.05,USD,,,,2025-09-27
Dining Out,Sushi Bar,Cash Wallet,11.20,USD,,,,2025-09-27
Coffee,Morning Coffee,Checking Account,3.78,USD,,,,2025-09-27
Shopping,Furniture Store,Credit Card,12.59,EUR,,,,2025-09-27
Groceries,Carrefour,Cash Wallet,15.45,USD,,,,2025-09-27
Shopping,Bookshop,Checking Account,10.36,USD,,,,2025-09-27
Coffee,Latte To Go,Credit Card,2.26,EUR,,,,2025-09-27
Entertainment,Spotify Subscription,Travel Card,17.78,GEL,,,,2025-09-27
Entertainment,Steam Game,Travel Card,24.23,GEL,,,,2025-09-27
Groceries,Aldi,Cash Wallet,12.20,USD,,,,2025-09-27
Shopping,Clothing Store,Cash Wallet,13.68,USD,,,,2025-09-27
,Cash Withdrawal,Cash Wallet,185.20,USD,Travel Card,500.04,GEL,2025-09-27
,Top-up Travel Card,Checking Account,189.77,USD,Credit Card,174.59,EUR,2025-09-27
,Savings Deposit,Credit Card,239.88,EUR,Travel Card,703.98,GEL,2025-09-27
Shopping,Bookshop,Cash Wallet,19.92,USD,,,,2025-09-28
Entertainment,Netflix Subscription,Checking Account,10.78,USD,,,,2025-09-28
Entertainment,Book Store,Travel Card,24.66,GEL,,,,2025-09-28
Coffee,Latte To Go,Checking Account,3.97,USD,,,,2025-09-28
Utilities,Internet Provider,Checking Account,12.18,USD,,,,2025-09-28
Coffee,Espresso Bar,Credit Card,2.83,EUR,,,,2025-09-28
Entertainment,Netflix Subscription,Checking Account,10.76,USD,,,,2025-09-28
Travel,Flight Booking,Checking Account,98.64,USD,,,,2025-09-28
Shopping,Electronics Store,Credit Card,19.61,EUR,,,,2025-09-28
Coffee,Espresso Bar,Checking Account,3.85,USD,,,,2025-09-28
Entertainment,Cinema Tickets,Credit Card,10.03,EUR,,,,2025-09-28
Groceries,Aldi,Cash Wallet,5.32,USD,,,,2025-09-28
Utilities,Gas Bill,Travel Card,71.89,GEL,,,,2025-09-28
Groceries,Trader Joe's,Credit Card,6.89,EUR,,,,2025-09-28
Healthcare,Doctor Visit,Credit Card,8.86,EUR,,,,2025-09-28
Dining Out,Pizzeria Bella,Checking Account,5.87,USD,,,,2025-09-28
Entertainment,Concert Tickets,Cash Wallet,5.24,USD,,,,2025-09-28
Dining Out,Restaurant Le Petit,Cash Wallet,13.54,USD,,,,2025-09-28
Dining Out,Burger Joint,Checking Account,11.42,USD,,,,2025-09-28
Dining Out,Pizzeria Bella,Checking Account,4.27,USD,,,,2025-09-28
Coffee,Cafe Mocha,Checking Account,3.80,USD,,,,2025-09-28
,Savings Deposit,Checking Account,817.83,USD,Savings Account,752.41,EUR,2025-09-28
,Cash Withdrawal,Travel Card,3753.66,GEL,Checking Account,1390.24,USD,2025-09-28
,Cash Withdrawal,Credit Card,261.93,EUR,Cash Wallet,284.70,USD,2025-09-28
Coffee,Cafe Mocha,Cash Wallet,2.91,USD,,,,2025-09-29
Coffee,Cafe Mocha,Checking Account,3.28,USD,,,,2025-09-29
Dining Out,Thai Takeaway,Cash Wallet,12.85,USD,,,,2025-09-29
Entertainment,Steam Game,Credit Card,9.08,EUR,,,,2025-09-29
Coffee,Street Coffee,Credit Card,3.22,EUR,,,,2025-09-29
Transport,Ride Share,Checking Account,3.84,USD,,,,2025-09-29
Entertainment,Spotify Subscription,Credit Card,7.89,EUR,,,,2025-09-29
Coffee,Street Coffee,Checking Account,2.55,USD,,,,2025-09-29
Transport,Taxi,Checking Account,6.51,USD,,,,2025-09-29
Groceries,Whole Foods Market,Cash Wallet,7.07,USD,,,,2025-09-29
Travel,Car Rental,Checking Account,110.48,USD,,,,2025-09-29
Groceries,Aldi,Checking Account,5.62,USD,,,,2025-09-29
Dining Out,Pizzeria Bella,Checking Account,11.82,USD,,,,2025-09-29
Coffee,Morning Coffee,Checking Account,3.58,USD,,,,2025-09-29
Utilities,Water Utility,Credit Card,10.85,EUR,,,,2025-09-29
Dining Out,Bistro du Coin,Credit Card,6.03,EUR,,,,2025-09-29
Coffee,Espresso Bar,Checking Account,3.37,USD,,,,2025-09-29
,Savings Deposit,Travel Card,1238.04,GEL,Checking Account,458.53,USD,2025-09-29
,Credit Card Payment,Credit Card,1179.62,EUR,Travel Card,3461.92,GEL,2025-09-29
,Cash Withdrawal,Travel Card,3203.11,GEL,Savings Account,1091.43,EUR,2025-09-29
Dining Out,Sushi Bar,Cash Wallet,8.40,USD,,,,2025-09-30
Coffee,Cafe Mocha,Cash Wallet,2.83,USD,,,,2025-09-30
Groceries,Neighborhood Market,Checking Account,11.48,USD,,,,2025-09-30
Coffee,Espresso Bar,Credit Card,3.39,EUR,,,,2025-09-30
Dining Out,Sushi Bar,Cash Wallet,7.32,USD,,,,2025-09-30
Dining Out,Thai Takeaway,Credit Card,6.33,EUR,,,,2025-09-30
Entertainment,Cinema Tickets,Cash Wallet,8.08,USD,,,,2025-09-30
Utilities,Internet Provider,Cash Wallet,22.96,USD,,,,2025-09-30
Groceries,Carrefour,Cash Wallet,12.86,USD,,,,2025-09-30
Dining Out,Bistro du Coin,Cash Wallet,9.07,USD,,,,2025-09-30
Entertainment,Steam Game,Cash Wallet,11.57,USD,,,,2025-09-30
Coffee,Espresso Bar,Credit Card,3.50,EUR,,,,2025-09-30
Entertainment,Steam Game,Checking Account,9.33,USD,,,,2025-09-30
Groceries,Trader Joe's,Cash Wallet,15.21,USD,,,,2025-09-30
Travel,Travel Insurance,Checking Account,24.59,USD,,,,2025-09-30
Utilities,Gas Bill,Cash Wallet,30.23,USD,,,,2025-09-30
,Cash Withdrawal,Travel Card,1882.79,GEL,Cash Wallet,697.33,USD,2025-09-30
,Credit Card Payment,Checking Account,73.85,USD,Credit Card,67.94,EUR,2025-09-30
,Top-up Travel Card,Savings Account,1378.90,EUR,Credit Card,1378.90,EUR,2025-09-30
,Transfer to Savings,Cash Wallet,305.83,USD,Credit Card,281.36,EUR,2025-09-30
,Transfer to Savings,Checking Account,82.33,USD,Savings Account,75.74,EUR,2025-09-30
Transport,Metro Card Top-up,Cash Wallet,5.08,USD,,,,2025-10-01
Entertainment,Netflix Subscription,Credit Card,8.28,EUR,,,,2025-10-01
Dining Out,Burger Joint,Cash Wallet,6.10,USD,,,,2025-10-01
Transport,Bus Pass,Checking Account,5.01,USD,,,,2025-10-01
Healthcare,Doctor Visit,Checking Account,8.84,USD,,,,2025-10-01
Groceries,Aldi,Checking Account,6.91,USD,,,,2025-10-01
Healthcare,Pharmacy,Checking Account,12.13,USD,,,,2025-10-01
Dining Out,Thai Takeaway,Travel Card,11.77,GEL,,,,2025-10-01
Dining Out,Thai Takeaway,Cash Wallet,8.87,USD,,,,2025-10-01
Entertainment,Netflix Subscription,Credit Card,8.98,EUR,,,,2025-10-01
Coffee,Street Coffee,Cash Wallet,4.08,USD,,,,2025-10-01
Dining Out,Coffee Shop,Checking Account,8.42,USD,,,,2025-10-01
Coffee,Morning Coffee,Cash Wallet,4.01,USD,,,,2025-10-01
,Cash Withdrawal,Cash Wallet,1097.55,USD,Savings Account,1009.74,EUR,2025-10-01
,Top-up Travel Card,Checking Account,606.42,USD,Savings Account,557.91,EUR,2025-10-01
,Top-up Travel Card,Cash Wallet,823.02,USD,Travel Card,2222.15,GEL,2025-10-01
Transport,Ride Share,Travel Card,5.66,GEL,,,,2025-10-02
Healthcare,Optician,Checking Account,16.83,USD,,,,2025-10-02
Transport,Metro Card Top-up,Credit Card,3.84,EUR,,,,2025-10-02
Dining Out,Pizzeria Bella,Checking Account,12.27,USD,,,,2025-10-02
Utilities,Internet Provider,Cash Wallet,23.89,USD,,,,2025-10-02
Transport,Bus Pass,Cash Wallet,2.72,USD,,,,2025-10-02
Groceries,Local Green Market,Travel Card,34.09,GEL,,,,2025-10-02
Transport,Ride Share,Checking Account,7.58,USD,,,,2025-10-02
Coffee,Morning Coffee,Checking Account,4.56,USD,,,,2025-10-02
Coffee,Latte To Go,Cash Wallet,2.07,USD,,,,2025-10-02
Coffee,Morning Coffee,Credit Card,3.38,EUR,,,,2025-10-02
Transport,Train Ticket,Credit Card,5.42,EUR,,,,2025-10-02
Coffee,Cafe Mocha,Cash Wallet,4.08,USD,,,,2025-10-02
Coffee,Espresso Bar,Travel Card,7.67,GEL,,,,2025-10-02
Entertainment,Spotify Subscription,Credit Card,4.90,EUR,,,,2025-10-02
Transport,Bus Pass,Credit Card,3.01,EUR,,,,2025-10-02
Dining Out,Thai Takeaway,Savings Account,4.31,EUR,,,,2025-10-02
Groceries,Aldi,Cash Wallet,6.97,USD,,,,2025-10-02
Transport,Metro Card Top-up,Travel Card,22.64,GEL,,,,2025-10-02
Groceries,Trader Joe's,Checking Account,5.24,USD,,,,2025-10-02
,Savings Deposit,Savings Account,707.29,EUR,Travel Card,2075.75,GEL,2025-10-02
Entertainment,Cinema Tickets,Checking Account,9.02,USD,,,,2025-10-03
Coffee,Latte To Go,Cash Wallet,3.18,USD,,,,2025-10-03
Dining Out,Burger Joint,Travel Card,34.09,GEL,,,,2025-10-03
Groceries,Aldi,Cash Wallet,5.09,USD,,,,2025-10-03
Coffee,Latte To Go,Checking Account,4.64,USD,,,,2025-10-03
Entertainment,Cinema Tickets,Cash Wallet,11.45,USD,,,,2025-10-03
Groceries,Neighborhood Market,Cash Wallet,12.96,USD,,,,2025-10-03
Dining Out,Coffee Shop,Checking Account,11.19,USD,,,,2025-10-03
Coffee,Morning Coffee,Checking Account,4.09,USD,,,,2025-10-03
Groceries,Aldi,Credit Card,8.25,EUR,,,,2025-10-03
Coffee,Latte To Go,Travel Card,10.36,GEL,,,,2025-10-03
Groceries,Lidl,Travel Card,35.90,GEL,,,,2025-10-03
Coffee,Cafe Mocha,Checking Account,3.88,USD,,,,2025-10-03
Transport,Taxi,Savings Account,5.82,EUR,,,,2025-10-03
Coffee,Cafe Mocha,Savings Account,3.67,EUR,,,,2025-10-03
Groceries,Lidl,Checking Account,10.49,USD,,,,2025-10-03
Groceries,Lidl,Cash Wallet,13.53,USD,,,,2025-10-03
Coffee,Cafe Mocha,Checking Account,2.27,USD,,,,2025-10-03
,Cash Withdrawal,Credit Card,344.73,EUR,Cash Wallet,374.70,USD,2025-10-03
,Credit Card Payment,Credit Card,245.17,EUR,Checking Account,266.49,USD,2025-10-03
,Cash Withdrawal,Cash Wallet,587.72,USD,Checking Account,587.72,USD,2025-10-03
Groceries,Trader Joe's,Credit Card,12.30,EUR,,,,2025-10-04
Dining Out,Pizzeria Bella,Checking Account,8.01,USD,,,,2025-10-04
Groceries,Whole Foods Market,Checking Account,10.87,USD,,,,2025-10-04
Dining Out,Restaurant Le Petit,Credit Card,9.35,EUR,,,,2025-10-04
Shopping,Bookshop,Checking Account,13.23,USD,,,,2025-10-04
Groceries,Carrefour,Travel Card,36.57,GEL,,,,2025-10-04
Utilities,Gas Bill,Credit Card,23.74,EUR,,,,2025-10-04
Shopping,Clothing Store,Checking Account,22.72,USD,,,,2025-10-04
Coffee,Street Coffee,Credit Card,3.58,EUR,,,,2025-10-04
Coffee,Latte To Go,Credit Card,1.84,EUR,,,,2025-10-04
Healthcare,Optician,Cash Wallet,5.76,USD,,,,2025-10-04
Travel,Flight Booking,Checking Account,111.55,USD,,,,2025-10-04
Entertainment,Spotify Subscription,Checking Account,7.93,USD,,,,2025-10-04
Utilities,Electric Bill,Cash Wallet,28.32,USD,,,,2025-10-04
Dining Out,Pizzeria Bella,Checking Account,11.28,USD,,,,2025-10-04
Entertainment,Spotify Subscription,Cash Wallet,6.44,USD,,,,2025-10-04
Coffee,Latte To Go,Checking Account,3.64,USD,,,,2025-10-04
Coffee,Latte To Go,Checking Account,2.16,USD,,,,2025-10-04
Transport,Train Ticket,Credit Card,3.18,EUR,,,,2025-10-04
Healthcare,Pharmacy,Savings Account,13.26,EUR,,,,2025-10-04
Groceries,Trader Joe's,Cash Wallet,13.61,USD,,,,2025-10-04
Healthcare,Optician,Credit Card,9.70,EUR,,,,2025-10-05
Entertainment,Book Store,Checking Account,7.24,USD,,,,2025-10-05
Groceries,Carrefour,Cash Wallet,14.53,USD,,,,2025-10-05
Groceries,Aldi,Credit Card,8.26,EUR,,,,2025-10-05
Utilities,Phone Bill,Travel Card,41.97,GEL,,,,2025-10-05
Groceries,Aldi,Checking Account,12.58,USD,,,,2025-10-05
Dining Out,Sushi Bar,Checking Account,9.70,USD,,,,2025-10-05
Shopping,Electronics Store,Cash Wallet,17.63,USD,,,,2025-10-05
Dining Out,Restaurant Le Petit,Checking Account,9.09,USD,,,,2025-10-05
Utilities,Phone Bill,Travel Card,44.30,GEL,,,,2025-10-05
Coffee,Latte To Go,Cash Wallet,2.99,USD,,,,2025-10-05
Transport,Train Ticket,Checking Account,4.58,USD,,,,2025-10-05
Groceries,Trader Joe's,Travel Card,14.71,GEL,,,,2025-10-05
Transport,Train Ticket,Checking Account,7.43,USD,,,,2025-10-05
Entertainment,Steam Game,Checking Account,3.45,USD,,,,2025-10-05
Transport,Bus Pass,Credit Card,2.14,EUR,,,,2025-10-05
Dining Out,Thai Takeaway,Credit Card,7.36,EUR,,,,2025-10-05
Entertainment,Cinema Tickets,Checking Account,6.32,USD,,,,2025-10-05
,Credit Card Payment,Checking Account,1004.33,USD,Cash Wallet,1004.33,USD,2025-10-05
Entertainment,Book Store,Savings Account,6.49,EUR,,,,2025-10-06
Groceries,Neighborhood Market,Cash Wallet,13.71,USD,,,,2025-10-06
Coffee,Street Coffee,Checking Account,3.15,USD,,,,2025-10-06
Entertainment,Book Store,Checking Account,4.70,USD,,,,2025-10-06
Entertainment,Concert Tickets,Credit Card,9.55,EUR,,,,2025-10-06
Dining Out,Burger Joint,Savings Account,11.01,EUR,,,,2025-10-06
Entertainment,Book Store,Credit Card,9.13,EUR,,,,2025-10-06
Entertainment,Steam Game,Checking Account,4.26,USD,,,,2025-10-06
Transport,Metro Card Top-up,Checking Account,5.62,USD,,,,2025-10-06
Entertainment,Spotify Subscription,Checking Account,5.70,USD,,,,2025-10-06
Transport,Ride Share,Credit Card,1.93,EUR,,,,2025-10-06
Entertainment,Book Store,Credit Card,5.87,EUR,,,,2025-10-06
Transport,Bus Pass,Credit Card,5.62,EUR,,,,2025-10-06
Groceries,Lidl,Cash Wallet,12.35,USD,,,,2025-10-06
Entertainment,Steam Game,Travel Card,9.59,GEL,,,,2025-10-06
Healthcare,Optician,Cash Wallet,17.47,USD,,,,2025-10-06
,Savings Deposit,Checking Account,1158.17,USD,Savings Account,1065.51,EUR,2025-10-06
,Cash Withdrawal,Travel Card,1616.76,GEL,Cash Wallet,598.80,USD,2025-10-06
Utilities,Electric Bill,Credit Card,16.74,EUR,,,,2025-10-07
Transport,Ride Share,Checking Account,2.90,USD,,,,2025-10-07
Dining Out,Burger Joint,Cash Wallet,12.12,USD,,,,2025-10-07
Coffee,Street Coffee,Cash Wallet,3.59,USD,,,,2025-10-07
Dining Out,Pizzeria Bella,Credit Card,6.78,EUR,,,,2025-10-07
Entertainment,Cinema Tickets,Cash Wallet,3.50,USD,,,,2025-10-07
Coffee,Morning Coffee,Savings Account,4.41,EUR,,,,2025-10-07
Transport,Taxi,Cash Wallet,6.77,USD,,,,2025-10-07
Healthcare,Dental Clinic,Cash Wallet,12.07,USD,,,,2025-10-07
Coffee,Latte To Go,Cash Wallet,3.51,USD,,,,2025-10-07
Healthcare,Pharmacy,Credit Card,7.03,EUR,,,,2025-10-07
Dining Out,Thai Takeaway,Cash Wallet,5.48,USD,,,,2025-10-07
Groceries,Aldi,Travel Card,18.39,GEL,,,,2025-10-07
Dining Out,Bistro du Coin,Checking Account,4.14,USD,,,,2025-10-07
Utilities,Water Utility,Cash Wallet,14.65,USD,,,,2025-10-07
Coffee,Street Coffee,Credit Card,2.02,EUR,,,,2025-10-07
Groceries,Whole Foods Market,Credit Card,4.69,EUR,,,,2025-10-07
,Cash Withdrawal,Savings Account,185.64,EUR,Credit Card,185.64,EUR,2025-10-07
Groceries,Whole Foods Market,Credit Card,9.11,EUR,,,,2025-10-08
Coffee,Street Coffee,Checking Account,4.55,USD,,,,2025-10-08
Transport,Taxi,Checking Account,8.29,USD,,,,2025-10-08
Groceries,Aldi,Credit Card,11.82,EUR,,,,2025-10-08
Transport,Taxi,Credit Card,3.96,EUR,,,,2025-10-08
Shopping,Electronics Store,Checking Account,5.08,USD,,,,2025-10-08
Transport,Metro Card Top-up,Travel Card,9.66,GEL,,,,2025-10-08
Travel,Travel Insurance,Checking Account,41.96,USD,,,,2025-10-08
Utilities,Gas Bill,Checking Account,15.89,USD,,,,2025-10-08
Travel,Flight Booking,Cash Wallet,30.93,USD,,,,2025-10-08
Healthcare,Pharmacy,Checking Account,17.25,USD,,,,2025-10-08
Groceries,Local Green Market,Checking Account,13.62,USD,,,,2025-10-08
Dining Out,Sushi Bar,Savings Account,10.06,EUR,,,,2025-10-08
Entertainment,Netflix Subscription,Checking Account,7.97,USD,,,,2025-10-08
Coffee,Latte To Go,Travel Card,10.62,GEL,,,,2025-10-08
Coffee,Morning Coffee,Credit Card,3.73,EUR,,,,2025-10-08
Healthcare,Optician,Credit Card,6.30,EUR,,,,2025-10-08
Transport,Taxi,Credit Card,6.06,EUR,,,,2025-10-08
Entertainment,Spotify Subscription,Credit Card,8.51,EUR,,,,2025-10-08
,Cash Withdrawal,Cash Wallet,1018.50,USD,Checking Account,1018.50,USD,2025-10-08
,Savings Deposit,Savings Account,610.26,EUR,Travel Card,1790.98,GEL,2025-10-08
,Savings Deposit,Cash Wallet,519.10,USD,Checking Account,519.10,USD,2025-10-08
Coffee,Cafe Mocha,Savings Account,2.25,EUR,,,,2025-10-09
Dining Out,Coffee Shop,Credit Card,5.78,EUR,,,,2025-10-09
Dining Out,Coffee Shop,Travel Card,24.31,GEL,,,,2025-10-09
Coffee,Latte To Go,Credit Card,4.06,EUR,,,,2025-10-09
Dining Out,Sushi Bar,Travel Card,32.85,GEL,,,,2025-10-09
Transport,Bus Pass,Cash Wallet,5.95,USD,,,,2025-10-09
Coffee,Morning Coffee,Checking Account,2.49,USD,,,,2025-10-09
Utilities,Water Utility,Credit Card,11.75,EUR,,,,2025-10-09
Groceries,Whole Foods Market,Cash Wallet,12.80,USD,,,,2025-10-09
Shopping,Furniture Store,Credit Card,20.66,EUR,,,,2025-10-09
Dining Out,Restaurant Le Petit,Credit Card,9.91,EUR,,,,2025-10-09
Utilities,Gas Bill,Checking Account,26.29,USD,,,,2025-10-09
Utilities,Phone Bill,Checking Account,28.09,USD,,,,2025-10-09
Coffee,Cafe Mocha,Checking Account,2.77,USD,,,,2025-10-09
Transport,Fuel Station,Cash Wallet,5.23,USD,,,,2025-10-09
Coffee,Espresso Bar,Credit Card,2.90,EUR,,,,2025-10-09
Shopping,Clothing Store,Cash Wallet,18.22,USD,,,,2025-10-09
Dining Out,Thai Takeaway,Cash Wallet,6.01,USD,,,,2025-10-09
Coffee,Cafe Mocha,Credit Card,3.02,EUR,,,,2025-10-09
Transport,Ride Share,Cash Wallet,5.70,USD,,,,2025-10-09
Dining Out,Bistro du Coin,Checking Account,10.15,USD,,,,2025-10-09
Entertainment,Book Store,Cash Wallet,7.64,USD,,,,2025-10-09
Transport,Bus Pass,Checking Account,5.15,USD,,,,2025-10-09
Coffee,Latte To Go,Cash Wallet,2.45,USD,,,,2025-10-09
Groceries,Carrefour,Credit Card,12.73,EUR,,,,2025-10-09
,Savings Deposit,Cash Wallet,340.91,USD,Checking Account,340.91,USD,2025-10-09
Entertainment,Concert Tickets,Cash Wallet,3.24,USD,,,,2025-10-10
Groceries,Trader Joe's,Checking Account,10.12,USD,,,,2025-10-10
Groceries,Local Green Market,Savings Account,12.22,EUR,,,,2025-10-10
Travel,Travel Insurance,Credit Card,30.37,EUR,,,,2025-10-10
Groceries,Local Green Market,Checking Account,15.03,USD,,,,2025-10-10
Shopping,Amazon Order,Cash Wallet,10.58,USD,,,,2025-10-10
Utilities,Gas Bill,Travel Card,78.80,GEL,,,,2025-10-10
Transport,Ride Share,Checking Account,6.54,USD,,,,2025-10-10
Entertainment,Book Store,Travel Card,29.79,GEL,,,,2025-10-10
Utilities,Electric Bill,Checking Account,16.93,USD,,,,2025-10-10
Coffee,Latte To Go,Travel Card,5.26,GEL,,,,2025-10-10
Salary,Salary Deposit,,,,Checking Account,1521.67,USD,2025-10-10
,Savings Deposit,Travel Card,2681.41,GEL,Cash Wallet,993.12,USD,2025-10-10
,Credit Card Payment,Savings Account,1104.81,EUR,Checking Account,1200.88,USD,2025-10-10
Transport,Train Ticket,Credit Card,2.60,EUR,,,,2025-10-11
Entertainment,Cinema Tickets,Checking Account,8.70,USD,,,,2025-10-11
Dining Out,Bistro du Coin,Cash Wallet,12.12,USD,,,,2025-10-11
Groceries,Trader Joe's,Checking Account,9.99,USD,,,,2025-10-11
Entertainment,Spotify Subscription,Checking Account,7.39,USD,,,,2025-10-11
Travel,Flight Booking,Cash Wallet,63.55,USD,,,,2025-10-11
Dining Out,Restaurant Le Petit,Credit Card,5.86,EUR,,,,2025-10-11
Healthcare,Pharmacy,Checking Account,10.01,USD,,,,2025-10-11
Coffee,Morning Coffee,Checking Account,4.09,USD,,,,2025-10-11
Coffee,Morning Coffee,Checking Account,4.68,USD,,,,2025-10-11
Groceries,Trader Joe's,Travel Card,38.30,GEL,,,,2025-10-11
Coffee,Morning Coffee,Cash Wallet,2.25,USD,,,,2025-10-11
Entertainment,Netflix Subscription,Checking Account,4.85,USD,,,,2025-10-11
Coffee,Latte To Go,Cash Wallet,4.82,USD,,,,2025-10-11
Coffee,Latte To Go,Travel Card,12.18,GEL,,,,2025-10-11
Dining Out,Thai Takeaway,Cash Wallet,5.20,USD,,,,2025-10-11
Coffee,Cafe Mocha,Checking Account,2.80,USD,,,,2025-10-11
Coffee,Street Coffee,Travel Card,9.28,GEL,,,,2025-10-11
Coffee,Espresso Bar,Checking Account,2.53,USD,,,,2025-10-11
Entertainment,Book Store,Cash Wallet,3.88,USD,,,,2025-10-11
Transport,Ride Share,Cash Wallet,3.71,USD,,,,2025-10-11
Groceries,Local Green Market,Savings Account,7.10,EUR,,,,2025-10-11
,Top-up Travel Card,Savings Account,830.10,EUR,Credit Card,830.10,EUR,2025-10-11
,Cash Withdrawal,Travel Card,1654.81,GEL,Credit Card,563.86,EUR,2025-10-11
Coffee,Cafe Mocha,Cash Wallet,3.59,USD,,,,2025-10-12
Healthcare,Dental Clinic,Credit Card,7.54,EUR,,,,2025-10-12
Coffee,Morning Coffee,Checking Account,3.99,USD,,,,2025-10-12
Entertainment,Spotify Subscription,Travel Card,26.60,GEL,,,,2025-10-12
Dining Out,Sushi Bar,Checking Account,5.22,USD,,,,2025-10-12
Groceries,Lidl,Travel Card,31.74,GEL,,,,2025-10-12
Utilities,Phone Bill,Checking Account,33.01,USD,,,,2025-10-12
Groceries,Carrefour,Cash Wallet,15.12,USD,,,,2025-10-12
Utilities,Gas Bill,Cash Wallet,29.10,USD,,,,2025-10-12
Healthcare,Pharmacy,Cash Wallet,6.64,USD,,,,2025-10-12
Entertainment,Concert Tickets,Checking Account,7.06,USD,,,,2025-10-12
Dining Out,Pizzeria Bella,Cash Wallet,6.28,USD,,,,2025-10-12
Groceries,Lidl,Savings Account,12.97,EUR,,,,2025-10-12
Coffee,Cafe Mocha,Travel Card,7.79,GEL,,,,2025-10-12
Entertainment,Spotify Subscription,Travel Card,8.97,GEL,,,,2025-10-12
Groceries,Neighborhood Market,Credit Card,5.93,EUR,,,,2025-10-12
Dining Out,Burger Joint,Savings Account,8.93,EUR,,,,2025-10-12
Utilities,Gas Bill,Credit Card,13.55,EUR,,,,2025-10-12
Entertainment,Netflix Subscription,Cash Wallet,11.60,USD,,,,2025-10-12
Groceries,Carrefour,Credit Card,13.44,EUR,,,,2025-10-12
Coffee,Street Coffee,Cash Wallet,4.61,USD,,,,2025-10-12
Groceries,Local Green Market,Cash Wallet,5.63,USD,,,,2025-10-12
Healthcare,Pharmacy,Travel Card,52.07,GEL,,,,2025-10-12
Groceries,Lidl,Cash Wallet,5.61,USD,,,,2025-10-12
Coffee,Latte To Go,Credit Card,3.79,EUR,,,,2025-10-12
Groceries,Aldi,Checking Account,10.57,USD,,,,2025-10-12
Groceries,Carrefour,Credit Card,8.85,EUR,,,,2025-10-12
,Transfer to Savings,Checking Account,842.21,USD,Cash Wallet,842.21,USD,2025-10-12
,Cash Withdrawal,Cash Wallet,395.10,USD,Savings Account,363.49,EUR,2025-10-12
,Cash Withdrawal,Travel Card,3487.55,GEL,Savings Account,1188.35,EUR,2025-10-12
,Transfer to Savings,Credit Card,1084.78,EUR,Cash Wallet,1179.11,USD,2025-10-12
Healthcare,Doctor Visit,Checking Account,18.64,USD,,,,2025-10-13
Coffee,Espresso Bar,Travel Card,5.64,GEL,,,,2025-10-13
Entertainment,Steam Game,Travel Card,23.25,GEL,,,,2025-10-13
Groceries,Whole Foods Market,Cash Wallet,9.73,USD,,,,2025-10-13
Groceries,Carrefour,Checking Account,9.56,USD,,,,2025-10-13
Healthcare,Gym Membership,Credit Card,6.19,EUR,,,,2025-10-13
Entertainment,Steam Game,Checking Account,6.16,USD,,,,2025-10-13
Healthcare,Gym Membership,Cash Wallet,12.75,USD,,,,2025-10-13
Healthcare,Pharmacy,Credit Card,4.50,EUR,,,,2025-10-13
Shopping,Clothing Store,Credit Card,20.04,EUR,,,,2025-10-13
Transport,Fuel Station,Checking Account,6.72,USD,,,,2025-10-13
Dining Out,Sushi Bar,Checking Account,13.45,USD,,,,2025-10-13
Utilities,Water Utility,Cash Wallet,32.34,USD,,,,2025-10-13
Transport,Taxi,Credit Card,5.69,EUR,,,,2025-10-13
Travel,Flight Booking,Cash Wallet,98.01,USD,,,,2025-10-13
Entertainment,Cinema Tickets,Travel Card,31.14,GEL,,,,2025-10-13
Transport,Train Ticket,Credit Card,3.70,EUR,,,,2025-10-13
Entertainment,Netflix Subscription,Checking Account,11.54,USD,,,,2025-10-13
,Transfer to Savings,Credit Card,1374.15,EUR,Savings Account,1374.15,EUR,2025-10-13
Coffee,Street Coffee,Cash Wallet,3.48,USD,,,,2025-10-14
Coffee,Morning Coffee,Cash Wallet,4.01,USD,,,,2025-10-14
Healthcare,Pharmacy,Checking Account,5.46,USD,,,,2025-10-14
Shopping,Clothing Store,Credit Card,16.01,EUR,,,,2025-10-14
Dining Out,Coffee Shop,Credit Card,10.95,EUR,,,,2025-10-14
Travel,Flight Booking,Cash Wallet,25.06,USD,,,,2025-10-14
Shopping,Clothing Store,Credit Card,7.94,EUR,,,,2025-10-14
Groceries,Lidl,Credit Card,6.29,EUR,,,,2025-10-14
Coffee,Espresso Bar,Credit Card,3.85,EUR,,,,2025-10-14
Coffee,Cafe Mocha,Savings Account,4.06,EUR,,,,2025-10-14
Entertainment,Book Store,Cash Wallet,10.60,USD,,,,2025-10-14
Transport,Train Ticket,Cash Wallet,7.53,USD,,,,2025-10-14
Coffee,Cafe Mocha,Checking Account,2.17,USD,,,,2025-10-14
Groceries,Trader Joe's,Checking Account,13.72,USD,,,,2025-10-14
Coffee,Latte To Go,Cash Wallet,2.16,USD,,,,2025-10-14
Healthcare,Doctor Visit,Travel Card,31.58,GEL,,,,2025-10-14
Coffee,Street Coffee,Credit Card,4.07,EUR,,,,2025-10-14
Transport,Taxi,Cash Wallet,5.79,USD,,,,2025-10-14
Groceries,Carrefour,Cash Wallet,11.24,USD,,,,2025-10-14
Coffee,Morning Coffee,Travel Card,7.89,GEL,,,,2025-10-14
,Savings Deposit,Checking Account,250.60,USD,Travel Card,676.61,GEL,2025-10-14
,Credit Card Payment,Savings Account,492.18,EUR,Travel Card,1444.45,GEL,2025-10-14
,Top-up Travel Card,Cash Wallet,1294.63,USD,Checking Account,1294.63,USD,2025-10-14
,Transfer to Savings,Travel Card,3436.85,GEL,Credit Card,1171.07,EUR,2025-10-14
Entertainment,Book Store,Checking Account,8.92,USD,,,,2025-10-15
Entertainment,Cinema Tickets,Cash Wallet,8.10,USD,,,,2025-10-15
Healthcare,Optician,Cash Wallet,5.73,USD,,,,2025-10-15
Coffee,Espresso Bar,Cash Wallet,3.73,USD,,,,2025-10-15
Transport,Metro Card Top-up,Credit Card,3.83,EUR,,,,2025-10-15
Travel,Airbnb Stay,Travel Card,208.77,GEL,,,,2025-10-15
Dining Out,Burger Joint,Checking Account,7.52,USD,,,,2025-10-15
Coffee,Street Coffee,Savings Account,3.86,EUR,,,,2025-10-15
Entertainment,Steam Game,Checking Account,3.82,USD,,,,2025-10-15
Entertainment,Book Store,Credit Card,7.25,EUR,,,,2025-10-15
Groceries,Aldi,Credit Card,7.10,EUR,,,,2025-10-15
Dining Out,Pizzeria Bella,Credit Card,3.99,EUR,,,,2025-10-15
Dining Out,Thai Takeaway,Cash Wallet,5.86,USD,,,,2025-10-15
,Savings Deposit,Checking Account,205.15,USD,Travel Card,553.90,GEL,2025-10-15
,Credit Card Payment,Checking Account,197.94,USD,Cash Wallet,197.94,USD,2025-10-15
Coffee,Espresso Bar,Travel Card,7.53,GEL,,,,2025-10-16
Dining Out,Coffee Shop,Cash Wallet,5.88,USD,,,,2025-10-16
Dining Out,Coffee Shop,Credit Card,4.36,EUR,,,,2025-10-16
Travel,Flight Booking,Cash Wallet,68.00,USD,,,,2025-10-16
Coffee,Espresso Bar,Cash Wallet,4.03,USD,,,,2025-10-16
Entertainment,Cinema Tickets,Savings Account,2.93,EUR,,,,2025-10-16
Groceries,Whole Foods Market,Credit Card,13.23,EUR,,,,2025-10-16
Groceries,Trader Joe's,Cash Wallet,5.87,USD,,,,2025-10-16
Transport,Train Ticket,Savings Account,4.27,EUR,,,,2025-10-16
Shopping,Furniture Store,Savings Account,7.62,EUR,,,,2025-10-16
Transport,Taxi,Cash Wallet,3.60,USD,,,,2025-10-16
Coffee,Cafe Mocha,Checking Account,4.44,USD,,,,2025-10-16
Coffee,Latte To Go,Credit Card,2.14,EUR,,,,2025-10-16
Dining Out,Burger Joint,Cash Wallet,8.07,USD,,,,2025-10-16
Entertainment,Cinema Tickets,Cash Wallet,8.41,USD,,,,2025-10-16
Coffee,Street Coffee,Checking Account,2.35,USD,,,,2025-10-16
Transport,Fuel Station,Cash Wallet,3.18,USD,,,,2025-10-16
Entertainment,Netflix Subscription,Travel Card,20.16,GEL,,,,2025-10-16
Transport,Metro Card Top-up,Checking Account,3.52,USD,,,,2025-10-16
,Savings Deposit,Cash Wallet,1447.33,USD,Credit Card,1331.54,EUR,2025-10-16
,Savings Deposit,Cash Wallet,742.30,USD,Checking Account,742.30,USD,2025-10-16
,Savings Deposit,Travel Card,1016.52,GEL,Cash Wallet,376.49,USD,2025-10-16
,Top-up Travel Card,Savings Account,902.98,EUR,Checking Account,981.50,USD,2025-10-16
Coffee,Latte To Go,Cash Wallet,2.19,USD,,,,2025-10-17
Entertainment,Cinema Tickets,Credit Card,2.74,EUR,,,,2025-10-17
Transport,Train Ticket,Checking Account,3.89,USD,,,,2025-10-17
Groceries,Lidl,Cash Wallet,14.02,USD,,,,2025-10-17
Groceries,Neighborhood Market,Cash Wallet,5.42,USD,,,,2025-10-17
Coffee,Morning Coffee,Cash Wallet,2.37,USD,,,,2025-10-17
Entertainment,Concert Tickets,Cash Wallet,3.23,USD,,,,2025-10-17
Entertainment,Spotify Subscription,Checking Account,10.14,USD,,,,2025-10-17
Shopping,Clothing Store,Cash Wallet,6.92,USD,,,,2025-10-17
Transport,Train Ticket,Cash Wallet,3.42,USD,,,,2025-10-17
Dining Out,Restaurant Le Petit,Credit Card,7.30,EUR,,,,2025-10-17
Utilities,Phone Bill,Travel Card,70.41,GEL,,,,2025-10-17
Healthcare,Gym Membership,Cash Wallet,13.07,USD,,,,2025-10-17
Groceries,Aldi,Cash Wallet,7.67,USD,,,,2025-10-17
,Cash Withdrawal,Cash Wallet,555.14,USD,Savings Account,510.73,EUR,2025-10-17
,Savings Deposit,Cash Wallet,1307.24,USD,Savings Account,1202.67,EUR,2025-10-17
Entertainment,Concert Tickets,Cash Wallet,4.67,USD,,,,2025-10-18
Coffee,Latte To Go,Checking Account,3.09,USD,,,,2025-10-18
Entertainment,Steam Game,Checking Account,6.69,USD,,,,2025-10-18
Groceries,Lidl,Checking Account,11.88,USD,,,,2025-10-18
Utilities,Phone Bill,Credit Card,26.72,EUR,,,,2025-10-18
Entertainment,Book Store,Cash Wallet,11.07,USD,,,,2025-10-18
Entertainment,Steam Game,Checking Account,3.51,USD,,,,2025-10-18
Coffee,Espresso Bar,Cash Wallet,2.79,USD,,,,2025-10-18
Transport,Bus Pass,Credit Card,4.14,EUR,,,,2025-10-18
Coffee,Morning Coffee,Credit Card,3.40,EUR,,,,2025-10-18
Groceries,Trader Joe's,Checking Account,11.61,USD,,,,2025-10-18
Entertainment,Steam Game,Cash Wallet,4.90,USD,,,,2025-10-18
Groceries,Neighborhood Market,Checking Account,7.35,USD,,,,2025-10-18
Coffee,Cafe Mocha,Checking Account,4.82,USD,,,,2025-10-18
Coffee,Street Coffee,Checking Account,4.29,USD,,,,2025-10-18
Dining Out,Thai Takeaway,Cash Wallet,11.04,USD,,,,2025-10-18
Dining Out,Coffee Shop,Savings Account,6.99,EUR,,,,2025-10-18
,Credit Card Payment,Checking Account,1239.05,USD,Credit Card,1139.93,EUR,2025-10-18
,Cash Withdrawal,Checking Account,640.42,USD,Travel Card,1729.14,GEL,2025-10-18
,Transfer to Savings,Savings Account,301.42,EUR,Travel Card,884.61,GEL,2025-10-18
,Cash Withdrawal,Travel Card,618.40,GEL,Savings Account,210.71,EUR,2025-10-18
,Credit Card Payment,Travel Card,3338.50,GEL,Checking Account,1236.48,USD,2025-10-18
,Top-up Travel Card,Savings Account,1088.53,EUR,Credit Card,1088.53,EUR,2025-10-18
Entertainment,Spotify Subscription,Travel Card,27.32,GEL,,,,2025-10-19
Groceries,Aldi,Cash Wallet,10.23,USD,,,,2025-10-19
Healthcare,Gym Membership,Travel Card,21.36,GEL,,,,2025-10-19
Transport,Metro Card Top-up,Credit Card,6.71,EUR,,,,2025-10-19
Dining Out,Sushi Bar,Checking Account,9.34,USD,,,,2025-10-19
Groceries,Trader Joe's,Checking Account,6.89,USD,,,,2025-10-19
Transport,Ride Share,Credit Card,7.69,EUR,,,,2025-10-19
Dining Out,Burger Joint,Savings Account,11.10,EUR,,,,2025-10-19
Transport,Metro Card Top-up,Checking Account,4.33,USD,,,,2025-10-19
Healthcare,Doctor Visit,Cash Wallet,10.61,USD,,,,2025-10-19
Transport,Metro Card Top-up,Checking Account,7.51,USD,,,,2025-10-19
Dining Out,Coffee Shop,Credit Card,6.48,EUR,,,,2025-10-19
Healthcare,Gym Membership,Checking Account,7.05,USD,,,,2025-10-19
Transport,Fuel Station,Credit Card,2.51,EUR,,,,2025-10-19
Groceries,Aldi,Checking Account,12.69,USD,,,,2025-10-19
Entertainment,Steam Game,Credit Card,3.02,EUR,,,,2025-10-19
Dining Out,Burger Joint,Checking Account,7.31,USD,,,,2025-10-19
Coffee,Cafe Mocha,Checking Account,4.68,USD,,,,2025-10-19
Utilities,Phone Bill,Credit Card,29.83,EUR,,,,2025-10-19
Dining Out,Restaurant Le Petit,Credit Card,5.02,EUR,,,,2025-10-19
Coffee,Cafe Mocha,Credit Card,2.11,EUR,,,,2025-10-19
Entertainment,Spotify Subscription,Checking Account,7.35,USD,,,,2025-10-19
Dining Out,Sushi Bar,Credit Card,3.90,EUR,,,,2025-10-19
Dining Out,Restaurant Le Petit,Savings Account,5.39,EUR,,,,2025-10-19
,Cash Withdrawal,Travel Card,2449.79,GEL,Cash Wallet,907.33,USD,2025-10-19
,Savings Deposit,Cash Wallet,1108.53,USD,Travel Card,2993.04,GEL,2025-10-19
Groceries,Neighborhood Market,Checking Account,9.46,USD,,,,2025-10-20
Dining Out,Bistro du Coin,Credit Card,6.88,EUR,,,,2025-10-20
Utilities,Phone Bill,Credit Card,29.28,EUR,,,,2025-10-20
Groceries,Lidl,Credit Card,13.15,EUR,,,,2025-10-20
Coffee,Street Coffee,Checking Account,4.33,USD,,,,2025-10-20
Coffee,Morning Coffee,Travel Card,5.55,GEL,,,,2025-10-20
Dining Out,Bistro du Coin,Cash Wallet,10.42,USD,,,,2025-10-20
Transport,Taxi,Credit Card,7.00,EUR,,,,2025-10-20
Entertainment,Cinema Tickets,Checking Account,6.16,USD,,,,2025-10-20
Coffee,Espresso Bar,Cash Wallet,3.33,USD,,,,2025-10-20
Coffee,Latte To Go,Cash Wallet,2.73,USD,,,,2025-10-20
Coffee,Morning Coffee,Credit Card,4.24,EUR,,,,2025-10-20
Coffee,Cafe Mocha,Credit Card,2.07,EUR,,,,2025-10-20
Shopping,Bookshop,Cash Wallet,6.08,USD,,,,2025-10-20
Coffee,Morning Coffee,Credit Card,3.40,EUR,,,,2025-10-20
Coffee,Cafe Mocha,Credit Card,2.01,EUR,,,,2025-10-20
Groceries,Neighborhood Market,Checking Account,11.43,USD,,,,2025-10-20
Dining Out,Sushi Bar,Cash Wallet,11.60,USD,,,,2025-10-20
,Top-up Travel Card,Credit Card,224.97,EUR,Travel Card,660.25,GEL,2025-10-20
,Savings Deposit,Cash Wallet,125.61,USD,Checking Account,125.61,USD,2025-10-20
,Credit Card Payment,Savings Account,1293.72,EUR,Travel Card,3796.79,GEL,2025-10-20
,Cash Withdrawal,Savings Account,1122.73,EUR,Checking Account,1220.35,USD,2025-10-20
Groceries,Trader Joe's,Credit Card,8.25,EUR,,,,2025-10-21
Shopping,Furniture Store,Cash Wallet,5.87,USD,,,,2025-10-21
Coffee,Latte To Go,Checking Account,2.96,USD,,,,2025-10-21
Groceries,Aldi,Credit Card,8.64,EUR,,,,2025-10-21
Coffee,Street Coffee,Credit Card,1.83,EUR,,,,2025-10-21
Dining Out,Bistro du Coin,Checking Account,8.88,USD,,,,2025-10-21
Groceries,Local Green Market,Cash Wallet,11.32,USD,,,,2025-10-21
Coffee,Cafe Mocha,Savings Account,3.35,EUR,,,,2025-10-21
Groceries,Aldi,Checking Account,10.50,USD,,,,2025-10-21
Transport,Fuel Station,Cash Wallet,8.40,USD,,,,2025-10-21
Transport,Ride Share,Cash Wallet,3.70,USD,,,,2025-10-21
Groceries,Aldi,Checking Account,7.53,USD,,,,2025-10-21
Groceries,Whole Foods Market,Checking Account,14.89,USD,,,,2025-10-21
Groceries,Carrefour,Cash Wallet,11.88,USD,,,,2025-10-21
Dining Out,Coffee Shop,Credit Card,10.16,EUR,,,,2025-10-21
Groceries,Carrefour,Travel Card,26.99,GEL,,,,2025-10-21
Entertainment,Spotify Subscription,Credit Card,5.75,EUR,,,,2025-10-21
Groceries,Carrefour,Credit Card,11.21,EUR,,,,2025-10-21
Coffee,Latte To Go,Credit Card,3.17,EUR,,,,2025-10-21
Groceries,Whole Foods Market,Credit Card,10.20,EUR,,,,2025-10-21
Groceries,Carrefour,Cash Wallet,8.26,USD,,,,2025-10-21
Transport,Bus Pass,Checking Account,6.24,USD,,,,2025-10-21
,Top-up Travel Card,Credit Card,488.09,EUR,Checking Account,530.53,USD,2025-10-21
,Cash Withdrawal,Checking Account,135.17,USD,Credit Card,124.36,EUR,2025-10-21
,Cash Withdrawal,Credit Card,512.43,EUR,Travel Card,1503.88,GEL,2025-10-21
,Credit Card Payment,Travel Card,1520.63,GEL,Credit Card,518.14,EUR,2025-10-21
,Cash Withdrawal,Cash Wallet,157.62,USD,Travel Card,425.58,GEL,2025-10-21
,Credit Card Payment,Savings Account,284.50,EUR,Cash Wallet,309.24,USD,2025-10-21
,Top-up Travel Card,Credit Card,639.43,EUR,Checking Account,695.03,USD,2025-10-21
Entertainment,Book Store,Cash Wallet,5.99,USD,,,,2025-10-22
Entertainment,Netflix Subscription,Travel Card,16.76,GEL,,,,2025-10-22
Coffee,Morning Coffee,Travel Card,9.66,GEL,,,,2025-10-22
Coffee,Morning Coffee,Cash Wallet,4.12,USD,,,,2025-10-22
Groceries,Local Green Market,Savings Account,9.06,EUR,,,,2025-10-22
Utilities,Electric Bill,Credit Card,20.02,EUR,,,,2025-10-22
Transport,Bus Pass,Cash Wallet,5.44,USD,,,,2025-10-22
Dining Out,Burger Joint,Cash Wallet,13.24,USD,,,,2025-10-22
Transport,Train Ticket,Checking Account,5.64,USD,,,,2025-10-22
Utilities,Water Utility,Checking Account,8.54,USD,,,,2025-10-22
Dining Out,Pizzeria Bella,Credit Card,10.10,EUR,,,,2025-10-22
Utilities,Water Utility,Checking Account,20.59,USD,,,,2025-10-22
Transport,Metro Card Top-up,Savings Account,1.93,EUR,,,,2025-10-22
Healthcare,Optician,Cash Wallet,5.94,USD,,,,2025-10-22
Groceries,Trader Joe's,Checking Account,13.35,USD,,,,2025-10-22
Groceries,Carrefour,Cash Wallet,5.31,USD,,,,2025-10-22
Coffee,Latte To Go,Checking Account,2.39,USD,,,,2025-10-22
,Savings Deposit,Checking Account,410.57,USD,Travel Card,1108.53,GEL,2025-10-22
,Top-up Travel Card,Travel Card,3230.38,GEL,Savings Account,1100.72,EUR,2025-10-22
Groceries,Neighborhood Market,Checking Account,15.47,USD,,,,2025-10-23
Dining Out,Sushi Bar,Credit Card,8.78,EUR,,,,2025-10-23
Coffee,Morning Coffee,Credit Card,3.78,EUR,,,,2025-10-23
Dining Out,Coffee Shop,Cash Wallet,10.53,USD,,,,2025-10-23
Transport,Train Ticket,Cash Wallet,5.92,USD,,,,2025-10-23
Travel,Airbnb Stay,Cash Wallet,37.83,USD,,,,2025-10-23
Groceries,Whole Foods Market,Checking Account,13.50,USD,,,,2025-10-23
Transport,Train Ticket,Checking Account,3.48,USD,,,,2025-10-23
Healthcare,Dental Clinic,Checking Account,17.80,USD,,,,2025-10-23
Transport,Bus Pass,Checking Account,5.72,USD,,,,2025-10-23
Dining Out,Restaurant Le Petit,Credit Card,9.21,EUR,,,,2025-10-23
Healthcare,Optician,Credit Card,10.16,EUR,,,,2025-10-23
Coffee,Espresso Bar,Checking Account,2.80,USD,,,,2025-10-23
Entertainment,Concert Tickets,Credit Card,4.89,EUR,,,,2025-10-24
Dining Out,Sushi Bar,Checking Account,5.99,USD,,,,2025-10-24
Entertainment,Cinema Tickets,Cash Wallet,4.54,USD,,,,2025-10-24
Groceries,Local Green Market,Credit Card,9.57,EUR,,,,2025-10-24
Coffee,Morning Coffee,Checking Account,3.04,USD,,,,2025-10-24
Coffee,Cafe Mocha,Cash Wallet,2.09,USD,,,,2025-10-24
Coffee,Latte To Go,Travel Card,6.60,GEL,,,,2025-10-24
Transport,Metro Card Top-up,Credit Card,4.17,EUR,,,,2025-10-24
Transport,Fuel Station,Travel Card,11.65,GEL,,,,2025-10-24
Shopping,Electronics Store,Checking Account,12.16,USD,,,,2025-10-24
Transport,Train Ticket,Travel Card,11.03,GEL,,,,2025-10-24
Groceries,Whole Foods Market,Checking Account,9.25,USD,,,,2025-10-24
,Transfer to Savings,Savings Account,987.36,EUR,Credit Card,987.36,EUR,2025-10-24
,Cash Withdrawal,Travel Card,2622.23,GEL,Checking Account,971.20,USD,2025-10-24
,Savings Deposit,Travel Card,3017.00,GEL,Checking Account,1117.41,USD,2025-10-24
,Top-up Travel Card,Travel Card,3946.63,GEL,Savings Account,1344.78,EUR,2025-10-24
Healthcare,Optician,Checking Account,16.01,USD,,,,2025-10-25
Coffee,Street Coffee,Credit Card,2.43,EUR,,,,2025-10-25
Dining Out,Bistro du Coin,Cash Wallet,5.60,USD,,,,2025-10-25
Shopping,Amazon Order,Cash Wallet,16.42,USD,,,,2025-10-25
Transport,Ride Share,Credit Card,7.53,EUR,,,,2025-10-25
Coffee,Street Coffee,Cash Wallet,3.81,USD,,,,2025-10-25
Dining Out,Bistro du Coin,Travel Card,13.70,GEL,,,,2025-10-25
Dining Out,Coffee Shop,Cash Wallet,5.38,USD,,,,2025-10-25
Transport,Bus Pass,Checking Account,6.24,USD,,,,2025-10-25
Coffee,Latte To Go,Credit Card,1.94,EUR,,,,2025-10-25
Coffee,Cafe Mocha,Credit Card,3.12,EUR,,,,2025-10-25
Transport,Fuel Station,Credit Card,6.68,EUR,,,,2025-10-25
Groceries,Carrefour,Checking Account,10.61,USD,,,,2025-10-25
Entertainment,Book Store,Checking Account,8.55,USD,,,,2025-10-25
Coffee,Cafe Mocha,Cash Wallet,3.40,USD,,,,2025-10-25
Coffee,Latte To Go,Cash Wallet,2.36,USD,,,,2025-10-25
Dining Out,Bistro du Coin,Cash Wallet,5.45,USD,,,,2025-10-25
Transport,Fuel Station,Credit Card,3.30,EUR,,,,2025-10-25
Dining Out,Burger Joint,Cash Wallet,6.07,USD,,,,2025-10-25
Groceries,Aldi,Checking Account,13.80,USD,,,,2025-10-26
Dining Out,Restaurant Le Petit,Credit Card,4.17,EUR,,,,2025-10-26
Dining Out,Restaurant Le Petit,Savings Account,11.70,EUR,,,,2025-10-26
Healthcare,Optician,Travel Card,49.78,GEL,,,,2025-10-26
Groceries,Carrefour,Cash Wallet,5.56,USD,,,,2025-10-26
Coffee,Street Coffee,Checking Account,3.26,USD,,,,2025-10-26
Healthcare,Optician,Credit Card,10.66,EUR,,,,2025-10-26
Coffee,Espresso Bar,Travel Card,5.87,GEL,,,,2025-10-26
Dining Out,Sushi Bar,Cash Wallet,12.64,USD,,,,2025-10-26
Transport,Fuel Station,Cash Wallet,2.95,USD,,,,2025-10-26
Dining Out,Pizzeria Bella,Cash Wallet,4.26,USD,,,,2025-10-26
Coffee,Cafe Mocha,Checking Account,4.69,USD,,,,2025-10-26
Dining Out,Thai Takeaway,Cash Wallet,5.04,USD,,,,2025-10-26
Entertainment,Cinema Tickets,Checking Account,10.64,USD,,,,2025-10-26
Travel,Flight Booking,Cash Wallet,94.15,USD,,,,2025-10-26
Groceries,Local Green Market,Cash Wallet,7.49,USD,,,,2025-10-26
Coffee,Cafe Mocha,Travel Card,11.19,GEL,,,,2025-10-26
Groceries,Trader Joe's,Cash Wallet,5.86,USD,,,,2025-10-26
Entertainment,Cinema Tickets,Travel Card,8.39,GEL,,,,2025-10-26
,Cash Withdrawal,Travel Card,4037.42,GEL,Savings Account,1375.71,EUR,2025-10-26
,Transfer to Savings,Savings Account,484.01,EUR,Credit Card,484.01,EUR,2025-10-26
,Top-up Travel Card,Savings Account,1205.67,EUR,Cash Wallet,1310.51,USD,2025-10-26
,Cash Withdrawal,Travel Card,1740.30,GEL,Credit Card,592.99,EUR,2025-10-26
Dining Out,Thai Takeaway,Cash Wallet,11.86,USD,,,,2025-10-27
Groceries,Carrefour,Checking Account,13.63,USD,,,,2025-10-27
Dining Out,Coffee Shop,Travel Card,17.41,GEL,,,,2025-10-27
Utilities,Phone Bill,Checking Account,24.59,USD,,,,2025-10-27
Coffee,Cafe Mocha,Travel Card,7.70,GEL,,,,2025-10-27
Coffee,Latte To Go,Travel Card,9.51,GEL,,,,2025-10-27
Transport,Train Ticket,Cash Wallet,5.52,USD,,,,2025-10-27
Groceries,Neighborhood Market,Travel Card,14.78,GEL,,,,2025-10-27
Utilities,Water Utility,Credit Card,20.07,EUR,,,,2025-10-27
Coffee,Street Coffee,Credit Card,3.24,EUR,,,,2025-10-27
Utilities,Internet Provider,Credit Card,23.31,EUR,,,,2025-10-27
Dining Out,Sushi Bar,Travel Card,17.19,GEL,,,,2025-10-27
Groceries,Carrefour,Credit Card,7.09,EUR,,,,2025-10-27
Dining Out,Bistro du Coin,Credit Card,7.42,EUR,,,,2025-10-27
Entertainment,Netflix Subscription,Checking Account,9.75,USD,,,,2025-10-27
Shopping,Clothing Store,Checking Account,9.04,USD,,,,2025-10-27
Shopping,Furniture Store,Cash Wallet,19.58,USD,,,,2025-10-27
Entertainment,Book Store,Checking Account,8.63,USD,,,,2025-10-27
Transport,Bus Pass,Checking Account,5.30,USD,,,,2025-10-27
,Transfer to Savings,Checking Account,1034.33,USD,Credit Card,951.59,EUR,2025-10-27
,Transfer to Savings,Checking Account,534.23,USD,Credit Card,491.49,EUR,2025-10-27
Entertainment,Spotify Subscription,Checking Account,4.59,USD,,,,2025-10-28
Healthcare,Gym Membership,Travel Card,25.66,GEL,,,,2025-10-28
Shopping,Amazon Order,Cash Wallet,9.47,USD,,,,2025-10-28
Dining Out,Burger Joint,Checking Account,12.65,USD,,,,2025-10-28
Groceries,Carrefour,Credit Card,9.56,EUR,,,,2025-10-28
Dining Out,Coffee Shop,Travel Card,33.00,GEL,,,,2025-10-28
Transport,Ride Share,Travel Card,16.82,GEL,,,,2025-10-28
Entertainment,Book Store,Credit Card,7.21,EUR,,,,2025-10-28
Groceries,Neighborhood Market,Checking Account,7.33,USD,,,,2025-10-28
Coffee,Morning Coffee,Checking Account,3.37,USD,,,,2025-10-28
Shopping,Furniture Store,Checking Account,11.16,USD,,,,2025-10-28
Utilities,Phone Bill,Travel Card,58.88,GEL,,,,2025-10-28
Groceries,Trader Joe's,Checking Account,7.64,USD,,,,2025-10-28
Groceries,Lidl,Checking Account,11.41,USD,,,,2025-10-28
Entertainment,Cinema Tickets,Credit Card,5.86,EUR,,,,2025-10-28
Transport,Taxi,Travel Card,15.08,GEL,,,,2025-10-29
Coffee,Latte To Go,Credit Card,1.81,EUR,,,,2025-10-29
Healthcare,Optician,Credit Card,5.89,EUR,,,,2025-10-29
Coffee,Espresso Bar,Cash Wallet,3.82,USD,,,,2025-10-29
Entertainment,Book Store,Cash Wallet,6.97,USD,,,,2025-10-29
Coffee,Cafe Mocha,Credit Card,2.75,EUR,,,,2025-10-29
Shopping,Electronics Store,Checking Account,6.60,USD,,,,2025-10-29
Dining Out,Sushi Bar,Cash Wallet,6.66,USD,,,,2025-10-29
Dining Out,Restaurant Le Petit,Travel Card,26.46,GEL,,,,2025-10-29
Dining Out,Burger Joint,Credit Card,3.86,EUR,,,,2025-10-29
Entertainment,Book Store,Credit Card,9.30,EUR,,,,2025-10-29
Healthcare,Dental Clinic,Credit Card,13.32,EUR,,,,2025-10-29
Shopping,Furniture Store,Checking Account,5.56,USD,,,,2025-10-29
Transport,Fuel Station,Cash Wallet,7.94,USD,,,,2025-10-29
Dining Out,Burger Joint,Credit Card,8.63,EUR,,,,2025-10-29
Utilities,Electric Bill,Cash Wallet,20.48,USD,,,,2025-10-30
Coffee,Cafe Mocha,Credit Card,2.61,EUR,,,,2025-10-30
Groceries,Carrefour,Credit Card,10.64,EUR,,,,2025-10-30
Transport,Ride Share,Credit Card,2.33,EUR,,,,2025-10-30
Coffee,Espresso Bar,Checking Account,2.99,USD,,,,2025-10-30
Transport,Train Ticket,Travel Card,19.06,GEL,,,,2025-10-30
Utilities,Internet Provider,Checking Account,10.41,USD,,,,2025-10-30
Utilities,Phone Bill,Savings Account,21.45,EUR,,,,2025-10-30
Coffee,Morning Coffee,Cash Wallet,3.46,USD,,,,2025-10-30
Dining Out,Coffee Shop,Cash Wallet,12.69,USD,,,,2025-10-30
Entertainment,Spotify Subscription,Checking Account,6.37,USD,,,,2025-10-30
Groceries,Carrefour,Checking Account,7.23,USD,,,,2025-10-30
Groceries,Carrefour,Credit Card,13.94,EUR,,,,2025-10-30
Coffee,Cafe Mocha,Travel Card,9.43,GEL,,,,2025-10-30
Groceries,Local Green Market,Credit Card,9.53,EUR,,,,2025-10-30
Entertainment,Cinema Tickets,Travel Card,13.99,GEL,,,,2025-10-30
Coffee,Espresso Bar,Travel Card,9.67,GEL,,,,2025-10-30
Transport,Metro Card Top-up,Cash Wallet,7.10,USD,,,,2025-10-30
Entertainment,Spotify Subscription,Travel Card,15.77,GEL,,,,2025-10-30
Utilities,Electric Bill,Cash Wallet,22.96,USD,,,,2025-10-30
,Transfer to Savings,Savings Account,440.79,EUR,Checking Account,479.12,USD,2025-10-30
,Cash Withdrawal,Cash Wallet,555.10,USD,Travel Card,1498.78,GEL,2025-10-30
Groceries,Whole Foods Market,Cash Wallet,8.13,USD,,,,2025-10-31
Healthcare,Gym Membership,Cash Wallet,7.40,USD,,,,2025-10-31
Groceries,Neighborhood Market,Checking Account,10.84,USD,,,,2025-10-31
Healthcare,Pharmacy,Checking Account,12.19,USD,,,,2025-10-31
Groceries,Neighborhood Market,Credit Card,12.77,EUR,,,,2025-10-31
Dining Out,Thai Takeaway,Cash Wallet,6.32,USD,,,,2025-10-31
Coffee,Cafe Mocha,Cash Wallet,4.47,USD,,,,2025-10-31
Coffee,Morning Coffee,Checking Account,2.30,USD,,,,2025-10-31
Groceries,Aldi,Credit Card,13.77,EUR,,,,2025-10-31
Dining Out,Bistro du Coin,Cash Wallet,8.57,USD,,,,2025-10-31
Healthcare,Dental Clinic,Credit Card,10.33,EUR,,,,2025-10-31
Entertainment,Concert Tickets,Checking Account,9.63,USD,,,,2025-10-31
,Top-up Travel Card,Travel Card,2543.62,GEL,Checking Account,942.08,USD,2025-10-31
,Credit Card Payment,Credit Card,718.15,EUR,Cash Wallet,780.60,USD,2025-10-31
Entertainment,Concert Tickets,Cash Wallet,9.01,USD,,,,2025-11-01
Entertainment,Concert Tickets,Travel Card,14.78,GEL,,,,2025-11-01
Coffee,Latte To Go,Travel Card,12.90,GEL,,,,2025-11-01
Coffee,Morning Coffee,Checking Account,2.44,USD,,,,2025-11-01
Transport,Fuel Station,Checking Account,5.64,USD,,,,2025-11-01
Entertainment,Steam Game,Checking Account,9.49,USD,,,,2025-11-01
Coffee,Morning Coffee,Cash Wallet,2.83,USD,,,,2025-11-01
Coffee,Espresso Bar,Cash Wallet,3.58,USD,,,,2025-11-01
Dining Out,Restaurant Le Petit,Credit Card,10.28,EUR,,,,2025-11-01
Groceries,Whole Foods Market,Cash Wallet,6.78,USD,,,,2025-11-01
Utilities,Phone Bill,Cash Wallet,32.14,USD,,,,2025-11-01
Dining Out,Bistro du Coin,Savings Account,8.96,EUR,,,,2025-11-01
Groceries,Trader Joe's,Checking Account,7.85,USD,,,,2025-11-01
Transport,Train Ticket,Cash Wallet,5.72,USD,,,,2025-11-01
Dining Out,Sushi Bar,Checking Account,7.07,USD,,,,2025-11-01
Groceries,Trader Joe's,Credit Card,5.34,EUR,,,,2025-11-01
,Credit Card Payment,Savings Account,1186.05,EUR,Cash Wallet,1289.18,USD,2025-11-01
Coffee,Espresso Bar,Checking Account,3.87,USD,,,,2025-11-02
Entertainment,Netflix Subscription,Cash Wallet,6.93,USD,,,,2025-11-02
Transport,Fuel Station,Cash Wallet,8.00,USD,,,,2025-11-02
Utilities,Internet Provider,Credit Card,16.88,EUR,,,,2025-11-02
Entertainment,Steam Game,Travel Card,19.07,GEL,,,,2025-11-02
Entertainment,Steam Game,Cash Wallet,9.95,USD,,,,2025-11-02
Coffee,Street Coffee,Credit Card,3.32,EUR,,,,2025-11-02
Groceries,Trader Joe's,Credit Card,5.77,EUR,,,,2025-11-02
Shopping,Electronics Store,Checking Account,12.95,USD,,,,2025-11-02
Groceries,Local Green Market,Cash Wallet,8.35,USD,,,,2025-11-02
Entertainment,Book Store,Credit Card,10.60,EUR,,,,2025-11-02
Transport,Fuel Station,Credit Card,1.99,EUR,,,,2025-11-02
Groceries,Trader Joe's,Credit Card,9.32,EUR,,,,2025-11-02
Groceries,Whole Foods Market,Cash Wallet,8.80,USD,,,,2025-11-02
Coffee,Latte To Go,Travel Card,9.49,GEL,,,,2025-11-02
Coffee,Cafe Mocha,Checking Account,2.87,USD,,,,2025-11-02
Transport,Metro Card Top-up,Checking Account,5.42,USD,,,,2025-11-02
Coffee,Street Coffee,Credit Card,2.08,EUR,,,,2025-11-02
,Top-up Travel Card,Travel Card,3251.06,GEL,Cash Wallet,1204.10,USD,2025-11-02
,Top-up Travel Card,Checking Account,1142.19,USD,Travel Card,3083.90,GEL,2025-11-02
,Credit Card Payment,Travel Card,2442.83,GEL,Cash Wallet,904.75,USD,2025-11-02
Shopping,Furniture Store,Checking Account,11.38,USD,,,,2025-11-03
Travel,Airbnb Stay,Cash Wallet,76.31,USD,,,,2025-11-03
Healthcare,Gym Membership,Credit Card,17.25,EUR,,,,2025-11-03
Groceries,Whole Foods Market,Savings Account,13.88,EUR,,,,2025-11-03
Entertainment,Concert Tickets,Cash Wallet,7.03,USD,,,,2025-11-03
Coffee,Cafe Mocha,Credit Card,2.72,EUR,,,,2025-11-03
Utilities,Water Utility,Travel Card,83.26,GEL,,,,2025-11-03
Transport,Taxi,Cash Wallet,6.24,USD,,,,2025-11-03
Transport,Fuel Station,Credit Card,3.54,EUR,,,,2025-11-03
Healthcare,Optician,Checking Account,16.59,USD,,,,2025-11-03
Entertainment,Spotify Subscription,Checking Account,7.82,USD,,,,2025-11-03
Transport,Metro Card Top-up,Cash Wallet,8.05,USD,,,,2025-11-03
Dining Out,Thai Takeaway,Checking Account,7.03,USD,,,,2025-11-03
,Top-up Travel Card,Cash Wallet,75.42,USD,Checking Account,75.42,USD,2025-11-03
Groceries,Trader Joe's,Cash Wallet,12.07,USD,,,,2025-11-04
Utilities,Gas Bill,Credit Card,25.72,EUR,,,,2025-11-04
Transport,Ride Share,Cash Wallet,3.16,USD,,,,2025-11-04
Groceries,Aldi,Checking Account,14.99,USD,,,,2025-11-04
Healthcare,Pharmacy,Credit Card,8.32,EUR,,,,2025-11-04
Utilities,Phone Bill,Credit Card,7.25,EUR,,,,2025-11-04
Groceries,Lidl,Travel Card,23.03,GEL,,,,2025-11-04
Coffee,Morning Coffee,Checking Account,1.97,USD,,,,2025-11-04
Entertainment,Netflix Subscription,Credit Card,2.94,EUR,,,,2025-11-04
Dining Out,Thai Takeaway,Cash Wallet,10.03,USD,,,,2025-11-04
Transport,Fuel Station,Travel Card,10.13,GEL,,,,2025-11-04
Coffee,Street Coffee,Cash Wallet,2.48,USD,,,,2025-11-04
Dining Out,Coffee Shop,Checking Account,7.27,USD,,,,2025-11-04
Utilities,Internet Provider,Cash Wallet,9.83,USD,,,,2025-11-04
Healthcare,Dental Clinic,Checking Account,15.01,USD,,,,2025-11-04
Transport,Bus Pass,Cash Wallet,3.60,USD,,,,2025-11-04
,Cash Withdrawal,Cash Wallet,319.80,USD,Credit Card,294.22,EUR,2025-11-04
,Transfer to Savings,Savings Account,951.34,EUR,Cash Wallet,1034.07,USD,2025-11-04
,Savings Deposit,Savings Account,646.37,EUR,Cash Wallet,702.58,USD,2025-11-04
,Transfer to Savings,Travel Card,1288.66,GEL,Cash Wallet,477.28,USD,2025-11-04
,Transfer to Savings,Credit Card,407.64,EUR,Savings Account,407.64,EUR,2025-11-04
Dining Out,Bistro du Coin,Credit Card,9.72,EUR,,,,2025-11-05
Dining Out,Bistro du Coin,Cash Wallet,12.56,USD,,,,2025-11-05
Transport,Ride Share,Cash Wallet,4.70,USD,,,,2025-11-05
Entertainment,Cinema Tickets,Travel Card,17.60,GEL,,,,2025-11-05
Groceries,Carrefour,Travel Card,27.29,GEL,,,,2025-11-05
Dining Out,Pizzeria Bella,Checking Account,10.25,USD,,,,2025-11-05
Dining Out,Pizzeria Bella,Travel Card,11.12,GEL,,,,2025-11-05
Transport,Metro Card Top-up,Cash Wallet,3.42,USD,,,,2025-11-05
Transport,Taxi,Credit Card,5.00,EUR,,,,2025-11-05
Healthcare,Doctor Visit,Credit Card,6.70,EUR,,,,2025-11-05
Transport,Train Ticket,Checking Account,4.65,USD,,,,2025-11-05
Groceries,Lidl,Cash Wallet,7.40,USD,,,,2025-11-05
Groceries,Trader Joe's,Credit Card,8.47,EUR,,,,2025-11-05
Dining Out,Coffee Shop,Travel Card,25.38,GEL,,,,2025-11-05
Coffee,Morning Coffee,Credit Card,2.30,EUR,,,,2025-11-05
Groceries,Whole Foods Market,Credit Card,11.52,EUR,,,,2025-11-05
Entertainment,Netflix Subscription,Cash Wallet,7.85,USD,,,,2025-11-05
Dining Out,Pizzeria Bella,Checking Account,8.01,USD,,,,2025-11-05
Coffee,Latte To Go,Savings Account,3.35,EUR,,,,2025-11-05
Groceries,Trader Joe's,Travel Card,38.95,GEL,,,,2025-11-05
Travel,Flight Booking,Cash Wallet,30.19,USD,,,,2025-11-05
Dining Out,Pizzeria Bella,Checking Account,7.37,USD,,,,2025-11-05
Utilities,Water Utility,Checking Account,9.60,USD,,,,2025-11-05
Groceries,Trader Joe's,Cash Wallet,5.61,USD,,,,2025-11-05
Transport,Ride Share,Cash Wallet,8.05,USD,,,,2025-11-05
,Cash Withdrawal,Cash Wallet,1074.93,USD,Credit Card,988.94,EUR,2025-11-05
,Cash Withdrawal,Savings Account,278.84,EUR,Cash Wallet,303.08,USD,2025-11-05
Groceries,Lidl,Checking Account,6.04,USD,,,,2025-11-06
Dining Out,Bistro du Coin,Savings Account,4.85,EUR,,,,2025-11-06
Shopping,Bookshop,Credit Card,13.12,EUR,,,,2025-11-06
Coffee,Espresso Bar,Credit Card,3.84,EUR,,,,2025-11-06
Groceries,Aldi,Cash Wallet,11.17,USD,,,,2025-11-06
Coffee,Cafe Mocha,Cash Wallet,4.38,USD,,,,2025-11-06
Shopping,Amazon Order,Credit Card,6.74,EUR,,,,2025-11-06
Dining Out,Coffee Shop,Savings Account,9.01,EUR,,,,2025-11-06
Dining Out,Burger Joint,Credit Card,12.16,EUR,,,,2025-11-06
Coffee,Espresso Bar,Cash Wallet,2.65,USD,,,,2025-11-06
Entertainment,Book Store,Travel Card,12.24,GEL,,,,2025-11-06
Healthcare,Pharmacy,Travel Card,21.24,GEL,,,,2025-11-06
Dining Out,Bistro du Coin,Credit Card,9.74,EUR,,,,2025-11-06
Dining Out,Pizzeria Bella,Travel Card,25.00,GEL,,,,2025-11-06
Coffee,Cafe Mocha,Cash Wallet,2.18,USD,,,,2025-11-06
Healthcare,Doctor Visit,Credit Card,5.64,EUR,,,,2025-11-06
Coffee,Cafe Mocha,Checking Account,2.06,USD,,,,2025-11-06
Transport,Ride Share,Travel Card,22.92,GEL,,,,2025-11-06
,Top-up Travel Card,Credit Card,240.47,EUR,Checking Account,261.38,USD,2025-11-06
,Transfer to Savings,Credit Card,133.99,EUR,Checking Account,145.64,USD,2025-11-06
,Top-up Travel Card,Cash Wallet,103.54,USD,Credit Card,95.25,EUR,2025-11-06
,Top-up Travel Card,Cash Wallet,485.68,USD,Checking Account,485.68,USD,2025-11-06
Groceries,Carrefour,Savings Account,8.15,EUR,,,,2025-11-07
Coffee,Morning Coffee,Cash Wallet,3.49,USD,,,,2025-11-07
Coffee,Latte To Go,Cash Wallet,4.62,USD,,,,2025-11-07
Transport,Metro Card Top-up,Credit Card,7.07,EUR,,,,2025-11-07
Groceries,Lidl,Credit Card,14.02,EUR,,,,2025-11-07
Entertainment,Cinema Tickets,Checking Account,8.61,USD,,,,2025-11-07
Groceries,Carrefour,Checking Account,5.62,USD,,,,2025-11-07
Coffee,Street Coffee,Credit Card,4.27,EUR,,,,2025-11-07
Utilities,Phone Bill,Cash Wallet,18.85,USD,,,,2025-11-07
Shopping,Amazon Order,Cash Wallet,6.96,USD,,,,2025-11-07
Groceries,Whole Foods Market,Credit Card,12.55,EUR,,,,2025-11-07
Transport,Metro Card Top-up,Cash Wallet,7.35,USD,,,,2025-11-07
Entertainment,Cinema Tickets,Cash Wallet,7.25,USD,,,,2025-11-08
Dining Out,Thai Takeaway,Checking Account,9.07,USD,,,,2025-11-08
Healthcare,Optician,Cash Wallet,10.79,USD,,,,2025-11-08
Entertainment,Netflix Subscription,Savings Account,6.55,EUR,,,,2025-11-08
Transport,Fuel Station,Cash Wallet,2.65,USD,,,,2025-11-08
Groceries,Carrefour,Checking Account,13.86,USD,,,,2025-11-08
Coffee,Street Coffee,Cash Wallet,4.68,USD,,,,2025-11-08
Transport,Fuel Station,Travel Card,20.88,GEL,,,,2025-11-08
Transport,Taxi,Checking Account,4.57,USD,,,,2025-11-08
Groceries,Trader Joe's,Travel Card,33.10,GEL,,,,2025-11-08
Groceries,Neighborhood Market,Credit Card,12.12,EUR,,,,2025-11-08
Transport,Bus Pass,Credit Card,7.03,EUR,,,,2025-11-08
Coffee,Latte To Go,Checking Account,3.44,USD,,,,2025-11-08
Coffee,Latte To Go,Travel Card,8.12,GEL,,,,2025-11-08
Shopping,Clothing Store,Checking Account,6.70,USD,,,,2025-11-08
,Top-up Travel Card,Credit Card,1260.88,EUR,Checking Account,1370.52,USD,2025-11-08
,Top-up Travel Card,Savings Account,279.08,EUR,Checking Account,303.35,USD,2025-11-08
Coffee,Morning Coffee,Checking Account,3.53,USD,,,,2025-11-09
Transport,Train Ticket,Cash Wallet,6.68,USD,,,,2025-11-09
Coffee,Morning Coffee,Checking Account,3.83,USD,,,,2025-11-09
Coffee,Street Coffee,Credit Card,3.57,EUR,,,,2025-11-09
Dining Out,Bistro du Coin,Cash Wallet,8.16,USD,,,,2025-11-09
Transport,Bus Pass,Cash Wallet,6.99,USD,,,,2025-11-09
Transport,Metro Card Top-up,Checking Account,4.36,USD,,,,2025-11-09
Transport,Taxi,Cash Wallet,4.06,USD,,,,2025-11-09
Entertainment,Spotify Subscription,Cash Wallet,10.46,USD,,,,2025-11-09
Shopping,Electronics Store,Cash Wallet,7.09,USD,,,,2025-11-09
Dining Out,Sushi Bar,Cash Wallet,9.33,USD,,,,2025-11-09
Transport,Taxi,Savings Account,4.92,EUR,,,,2025-11-09
,Savings Deposit,Savings Account,315.20,EUR,Checking Account,342.61,USD,2025-11-09
,Savings Deposit,Checking Account,882.62,USD,Savings Account,812.01,EUR,2025-11-09
Dining Out,Burger Joint,Cash Wallet,7.19,USD,,,,2025-11-10
Shopping,Clothing Store,Credit Card,5.64,EUR,,,,2025-11-10
Entertainment,Book Store,Checking Account,3.41,USD,,,,2025-11-10
Transport,Fuel Station,Credit Card,2.02,EUR,,,,2025-11-10
Dining Out,Restaurant Le Petit,Cash Wallet,10.84,USD,,,,2025-11-10
Transport,Metro Card Top-up,Checking Account,7.72,USD,,,,2025-11-10
Coffee,Cafe Mocha,Savings Account,2.51,EUR,,,,2025-11-10
Shopping,Bookshop,Checking Account,15.63,USD,,,,2025-11-10
Transport,Train Ticket,Checking Account,8.54,USD,,,,2025-11-10
Shopping,Clothing Store,Checking Account,7.19,USD,,,,2025-11-10
Shopping,Amazon Order,Travel Card,15.51,GEL,,,,2025-11-10
Dining Out,Burger Joint,Cash Wallet,6.65,USD,,,,2025-11-10
Groceries,Whole Foods Market,Checking Account,8.11,USD,,,,2025-11-10
Shopping,Bookshop,Cash Wallet,14.76,USD,,,,2025-11-10
Dining Out,Thai Takeaway,Cash Wallet,9.96,USD,,,,2025-11-10
Coffee,Latte To Go,Travel Card,12.46,GEL,,,,2025-11-10
Healthcare,Gym Membership,Checking Account,7.14,USD,,,,2025-11-10
Healthcare,Doctor Visit,Cash Wallet,5.76,USD,,,,2025-11-10
Healthcare,Optician,Cash Wallet,16.61,USD,,,,2025-11-10
Entertainment,Spotify Subscription,Credit Card,8.57,EUR,,,,2025-11-10
Salary,Salary Deposit,,,,Checking Account,1521.67,USD,2025-11-10
,Top-up Travel Card,Credit Card,304.01,EUR,Checking Account,330.44,USD,2025-11-10
,Cash Withdrawal,Travel Card,1647.98,GEL,Savings Account,561.54,EUR,2025-11-10
,Cash Withdrawal,Credit Card,1184.03,EUR,Checking Account,1286.99,USD,2025-11-10
,Savings Deposit,Savings Account,664.55,EUR,Travel Card,1950.32,GEL,2025-11-10
Coffee,Espresso Bar,Cash Wallet,2.60,USD,,,,2025-11-11
Groceries,Lidl,Checking Account,7.44,USD,,,,2025-11-11
Dining Out,Coffee Shop,Checking Account,9.42,USD,,,,2025-11-11
Coffee,Latte To Go,Travel Card,10.79,GEL,,,,2025-11-11
Groceries,Aldi,Credit Card,9.25,EUR,,,,2025-11-11
Utilities,Electric Bill,Cash Wallet,16.57,USD,,,,2025-11-11
Coffee,Espresso Bar,Cash Wallet,2.21,USD,,,,2025-11-11
Groceries,Neighborhood Market,Cash Wallet,9.53,USD,,,,2025-11-11
Coffee,Espresso Bar,Cash Wallet,3.55,USD,,,,2025-11-11
Healthcare,Doctor Visit,Cash Wallet,16.11,USD,,,,2025-11-11
Dining Out,Restaurant Le Petit,Credit Card,10.61,EUR,,,,2025-11-11
Healthcare,Gym Membership,Credit Card,11.37,EUR,,,,2025-11-11
Healthcare,Doctor Visit,Checking Account,16.15,USD,,,,2025-11-11
Coffee,Latte To Go,Cash Wallet,4.24,USD,,,,2025-11-11
Shopping,Amazon Order,Savings Account,20.43,EUR,,,,2025-11-11
Dining Out,Sushi Bar,Cash Wallet,4.71,USD,,,,2025-11-11
Coffee,Cafe Mocha,Cash Wallet,2.75,USD,,,,2025-11-11
Transport,Train Ticket,Cash Wallet,3.93,USD,,,,2025-11-11
Dining Out,Burger Joint,Cash Wallet,5.60,USD,,,,2025-11-11
Transport,Train Ticket,Savings Account,6.81,EUR,,,,2025-11-11
Shopping,Amazon Order,Savings Account,7.28,EUR,,,,2025-11-11
Groceries,Lidl,Travel Card,37.13,GEL,,,,2025-11-11
Shopping,Amazon Order,Cash Wallet,23.06,USD,,,,2025-11-11
Dining Out,Sushi Bar,Checking Account,7.79,USD,,,,2025-11-11
Transport,Metro Card Top-up,Cash Wallet,8.66,USD,,,,2025-11-11
Dining Out,Sushi Bar,Credit Card,4.89,EUR,,,,2025-11-11
,Credit Card Payment,Travel Card,2144.17,GEL,Credit Card,730.60,EUR,2025-11-11
,Transfer to Savings,Savings Account,273.34,EUR,Credit Card,273.34,EUR,2025-11-11
Groceries,Local Green Market,Credit Card,6.52,EUR,,,,2025-11-12
Groceries,Local Green Market,Checking Account,12.48,USD,,,,2025-11-12
Transport,Taxi,Cash Wallet,7.92,USD,,,,2025-11-12
Dining Out,Sushi Bar,Credit Card,12.11,EUR,,,,2025-11-12
Entertainment,Netflix Subscription,Travel Card,16.33,GEL,,,,2025-11-12
Transport,Metro Card Top-up,Checking Account,5.70,USD,,,,2025-11-12
Entertainment,Spotify Subscription,Credit Card,10.65,EUR,,,,2025-11-12
Groceries,Neighborhood Market,Travel Card,32.38,GEL,,,,2025-11-12
Coffee,Morning Coffee,Credit Card,2.54,EUR,,,,2025-11-12
Coffee,Street Coffee,Credit Card,2.83,EUR,,,,2025-11-12
Shopping,Electronics Store,Credit Card,11.75,EUR,,,,2025-11-12
Transport,Bus Pass,Cash Wallet,7.84,USD,,,,2025-11-12
Transport,Bus Pass,Cash Wallet,2.30,USD,,,,2025-11-12
Groceries,Neighborhood Market,Cash Wallet,14.20,USD,,,,2025-11-12
Entertainment,Netflix Subscription,Cash Wallet,6.91,USD,,,,2025-11-12
Utilities,Gas Bill,Checking Account,10.05,USD,,,,2025-11-12
Coffee,Cafe Mocha,Checking Account,4.55,USD,,,,2025-11-12
Transport,Bus Pass,Checking Account,8.39,USD,,,,2025-11-12
Shopping,Bookshop,Checking Account,5.86,USD,,,,2025-11-12
Dining Out,Thai Takeaway,Travel Card,35.82,GEL,,,,2025-11-12
Groceries,Aldi,Credit Card,7.88,EUR,,,,2025-11-12
Dining Out,Thai Takeaway,Checking Account,9.29,USD,,,,2025-11-12
Coffee,Street Coffee,Cash Wallet,2.51,USD,,,,2025-11-12
Healthcare,Pharmacy,Checking Account,17.24,USD,,,,2025-11-12
Groceries,Trader Joe's,Cash Wallet,9.96,USD,,,,2025-11-12
Coffee,Street Coffee,Cash Wallet,2.76,USD,,,,2025-11-12
Shopping,Clothing Store,Cash Wallet,11.10,USD,,,,2025-11-12
,Top-up Travel Card,Credit Card,1090.00,EUR,Savings Account,1090.00,EUR,2025-11-12
,Savings Deposit,Checking Account,521.31,USD,Cash Wallet,521.31,USD,2025-11-12
Groceries,Neighborhood Market,Checking Account,12.02,USD,,,,2025-11-13
Groceries,Lidl,Credit Card,8.62,EUR,,,,2025-11-13
Transport,Ride Share,Cash Wallet,5.32,USD,,,,2025-11-13
Coffee,Street Coffee,Cash Wallet,2.36,USD,,,,2025-11-13
Coffee,Espresso Bar,Credit Card,3.44,EUR,,,,2025-11-13
Transport,Metro Card Top-up,Credit Card,3.32,EUR,,,,2025-11-13
Groceries,Whole Foods Market,Credit Card,12.25,EUR,,,,2025-11-13
Dining Out,Burger Joint,Cash Wallet,6.69,USD,,,,2025-11-13
Dining Out,Thai Takeaway,Credit Card,6.42,EUR,,,,2025-11-13
Entertainment,Netflix Subscription,Travel Card,21.74,GEL,,,,2025-11-13
Travel,Hotel Stay,Credit Card,36.73,EUR,,,,2025-11-13
Groceries,Whole Foods Market,Cash Wallet,11.00,USD,,,,2025-11-13
Groceries,Trader Joe's,Cash Wallet,6.52,USD,,,,2025-11-13
,Transfer to Savings,Cash Wallet,748.67,USD,Checking Account,748.67,USD,2025-11-13
,Cash Withdrawal,Cash Wallet,1384.29,USD,Credit Card,1273.55,EUR,2025-11-13
Dining Out,Bistro du Coin,Credit Card,4.20,EUR,,,,2025-11-14
Groceries,Neighborhood Market,Savings Account,12.77,EUR,,,,2025-11-14
Transport,Fuel Station,Travel Card,19.22,GEL,,,,2025-11-14
Entertainment,Concert Tickets,Checking Account,11.16,USD,,,,2025-11-14
Travel,Flight Booking,Cash Wallet,73.88,USD,,,,2025-11-14
Transport,Metro Card Top-up,Checking Account,6.08,USD,,,,2025-11-14
Transport,Bus Pass,Checking Account,8.71,USD,,,,2025-11-14
Transport,Metro Card Top-up,Cash Wallet,3.95,USD,,,,2025-11-14
Entertainment,Concert Tickets,Cash Wallet,11.17,USD,,,,2025-11-14
Dining Out,Burger Joint,Credit Card,6.28,EUR,,,,2025-11-14
Transport,Metro Card Top-up,Credit Card,6.64,EUR,,,,2025-11-14
Dining Out,Restaurant Le Petit,Credit Card,5.02,EUR,,,,2025-11-14
Shopping,Furniture Store,Credit Card,8.69,EUR,,,,2025-11-14
Coffee,Latte To Go,Checking Account,2.18,USD,,,,2025-11-14
Groceries,Neighborhood Market,Checking Account,6.40,USD,,,,2025-11-14
Utilities,Internet Provider,Credit Card,11.29,EUR,,,,2025-11-14
,Credit Card Payment,Savings Account,166.91,EUR,Cash Wallet,181.42,USD,2025-11-14
Dining Out,Burger Joint,Cash Wallet,12.58,USD,,,,2025-11-15
Coffee,Street Coffee,Checking Account,4.80,USD,,,,2025-11-15
Coffee,Street Coffee,Travel Card,11.61,GEL,,,,2025-11-15
Shopping,Furniture Store,Credit Card,11.32,EUR,,,,2025-11-15
Dining Out,Restaurant Le Petit,Credit Card,7.98,EUR,,,,2025-11-15
Groceries,Carrefour,Cash Wallet,9.95,USD,,,,2025-11-15
Dining Out,Thai Takeaway,Savings Account,8.08,EUR,,,,2025-11-15
Groceries,Aldi,Credit Card,8.70,EUR,,,,2025-11-15
Dining Out,Coffee Shop,Checking Account,10.20,USD,,,,2025-11-15
Dining Out,Restaurant Le Petit,Checking Account,8.97,USD,,,,2025-11-15
Coffee,Street Coffee,Cash Wallet,3.17,USD,,,,2025-11-15
Coffee,Street Coffee,Cash Wallet,2.62,USD,,,,2025-11-15
Coffee,Latte To Go,Savings Account,2.78,EUR,,,,2025-11-15
,Savings Deposit,Savings Account,209.65,EUR,Credit Card,209.65,EUR,2025-11-15
,Credit Card Payment,Checking Account,1132.58,USD,Savings Account,1041.97,EUR,2025-11-15
,Top-up Travel Card,Travel Card,1825.37,GEL,Credit Card,621.98,EUR,2025-11-15
Entertainment,Spotify Subscription,Travel Card,8.77,GEL,,,,2025-11-16
Transport,Taxi,Credit Card,6.28,EUR,,,,2025-11-16
Transport,Fuel Station,Credit Card,2.41,EUR,,,,2025-11-16
Transport,Fuel Station,Savings Account,4.25,EUR,,,,2025-11-16
Shopping,Bookshop,Checking Account,6.45,USD,,,,2025-11-16
Coffee,Espresso Bar,Credit Card,2.90,EUR,,,,2025-11-16
Dining Out,Pizzeria Bella,Savings Account,11.44,EUR,,,,2025-11-16
Shopping,Bookshop,Credit Card,14.78,EUR,,,,2025-11-16
Groceries,Local Green Market,Checking Account,12.95,USD,,,,2025-11-16
Transport,Train Ticket,Credit Card,6.89,EUR,,,,2025-11-16
Groceries,Neighborhood Market,Checking Account,6.11,USD,,,,2025-11-16
Entertainment,Steam Game,Cash Wallet,9.42,USD,,,,2025-11-16
Coffee,Latte To Go,Credit Card,3.60,EUR,,,,2025-11-16
Coffee,Latte To Go,Checking Account,3.31,USD,,,,2025-11-16
,Cash Withdrawal,Savings Account,927.49,EUR,Checking Account,1008.14,USD,2025-11-16
,Transfer to Savings,Checking Account,1128.87,USD,Cash Wallet,1128.87,USD,2025-11-16
,Credit Card Payment,Credit Card,798.77,EUR,Savings Account,798.77,EUR,2025-11-16
Travel,Hotel Stay,Credit Card,74.75,EUR,,,,2025-11-17
Coffee,Espresso Bar,Credit Card,2.65,EUR,,,,2025-11-17
Transport,Metro Card Top-up,Credit Card,7.23,EUR,,,,2025-11-17
Entertainment,Concert Tickets,Cash Wallet,6.32,USD,,,,2025-11-17
Groceries,Aldi,Cash Wallet,8.21,USD,,,,2025-11-17
Transport,Ride Share,Travel Card,18.36,GEL,,,,2025-11-17
Groceries,Trader Joe's,Credit Card,12.53,EUR,,,,2025-11-17
Coffee,Morning Coffee,Cash Wallet,3.43,USD,,,,2025-11-17
Transport,Taxi,Credit Card,5.78,EUR,,,,2025-11-17
Entertainment,Cinema Tickets,Cash Wallet,3.18,USD,,,,2025-11-17
Coffee,Espresso Bar,Credit Card,3.61,EUR,,,,2025-11-17
Entertainment,Steam Game,Savings Account,6.78,EUR,,,,2025-11-18
Dining Out,Restaurant Le Petit,Cash Wallet,11.83,USD,,,,2025-11-18
Groceries,Local Green Market,Cash Wallet,15.30,USD,,,,2025-11-18
Transport,Ride Share,Savings Account,6.91,EUR,,,,2025-11-18
Groceries,Local Green Market,Checking Account,13.29,USD,,,,2025-11-18
Utilities,Electric Bill,Travel Card,34.15,GEL,,,,2025-11-18
Healthcare,Gym Membership,Savings Account,8.13,EUR,,,,2025-11-18
Coffee,Street Coffee,Savings Account,2.95,EUR,,,,2025-11-18
Healthcare,Pharmacy,Checking Account,17.79,USD,,,,2025-11-18
Transport,Ride Share,Checking Account,3.89,USD,,,,2025-11-18
Dining Out,Restaurant Le Petit,Cash Wallet,9.09,USD,,,,2025-11-18
,Top-up Travel Card,Cash Wallet,1163.82,USD,Credit Card,1070.72,EUR,2025-11-18
,Transfer to Savings,Credit Card,266.84,EUR,Cash Wallet,290.04,USD,2025-11-18
Dining Out,Burger Joint,Cash Wallet,7.20,USD,,,,2025-11-19
Entertainment,Cinema Tickets,Checking Account,5.94,USD,,,,2025-11-19
Coffee,Espresso Bar,Checking Account,3.94,USD,,,,2025-11-19
Dining Out,Coffee Shop,Savings Account,7.95,EUR,,,,2025-11-19
Groceries,Local Green Market,Cash Wallet,9.64,USD,,,,2025-11-19
Dining Out,Sushi Bar,Cash Wallet,4.27,USD,,,,2025-11-19
Transport,Fuel Station,Credit Card,6.88,EUR,,,,2025-11-19
Entertainment,Steam Game,Cash Wallet,3.55,USD,,,,2025-11-19
Dining Out,Sushi Bar,Credit Card,9.00,EUR,,,,2025-11-19
Transport,Taxi,Travel Card,18.39,GEL,,,,2025-11-19
Coffee,Cafe Mocha,Cash Wallet,3.80,USD,,,,2025-11-19
Transport,Train Ticket,Credit Card,3.99,EUR,,,,2025-11-19
Transport,Ride Share,Cash Wallet,6.48,USD,,,,2025-11-19
Entertainment,Steam Game,Checking Account,3.03,USD,,,,2025-11-19
Dining Out,Thai Takeaway,Checking Account,5.93,USD,,,,2025-11-19
,Top-up Travel Card,Travel Card,1412.18,GEL,Credit Card,481.19,EUR,2025-11-19
,Top-up Travel Card,Credit Card,975.73,EUR,Savings Account,975.73,EUR,2025-11-19
,Cash Withdrawal,Cash Wallet,65.23,USD,Savings Account,60.01,EUR,2025-11-19
,Credit Card Payment,Savings Account,789.02,EUR,Credit Card,789.02,EUR,2025-11-19
Shopping,Amazon Order,Credit Card,12.81,EUR,,,,2025-11-20
Coffee,Cafe Mocha,Cash Wallet,2.93,USD,,,,2025-11-20
Shopping,Bookshop,Checking Account,8.90,USD,,,,2025-11-20
Transport,Ride Share,Cash Wallet,7.93,USD,,,,2025-11-20
Coffee,Cafe Mocha,Credit Card,4.29,EUR,,,,2025-11-20
Travel,Travel Insurance,Cash Wallet,79.39,USD,,,,2025-11-20
Groceries,Aldi,Credit Card,13.20,EUR,,,,2025-11-20
Coffee,Morning Coffee,Credit Card,2.63,EUR,,,,2025-11-20
Utilities,Gas Bill,Checking Account,24.07,USD,,,,2025-11-20
Coffee,Espresso Bar,Checking Account,2.05,USD,,,,2025-11-20
Groceries,Aldi,Credit Card,6.29,EUR,,,,2025-11-20
Coffee,Street Coffee,Credit Card,4.24,EUR,,,,2025-11-20
Entertainment,Concert Tickets,Credit Card,6.36,EUR,,,,2025-11-20
Transport,Bus Pass,Travel Card,9.48,GEL,,,,2025-11-20
Dining Out,Restaurant Le Petit,Credit Card,6.88,EUR,,,,2025-11-20
Transport,Fuel Station,Cash Wallet,4.43,USD,,,,2025-11-20
Groceries,Neighborhood Market,Checking Account,7.73,USD,,,,2025-11-20
Groceries,Neighborhood Market,Cash Wallet,10.03,USD,,,,2025-11-20
Travel,Hotel Stay,Savings Account,36.41,EUR,,,,2025-11-20
Transport,Train Ticket,Credit Card,4.90,EUR,,,,2025-11-20
Transport,Taxi,Credit Card,6.78,EUR,,,,2025-11-20
,Savings Deposit,Checking Account,853.77,USD,Savings Account,785.47,EUR,2025-11-20
,Credit Card Payment,Cash Wallet,1476.50,USD,Credit Card,1358.38,EUR,2025-11-20
Dining Out,Burger Joint,Credit Card,10.99,EUR,,,,2025-11-21
Groceries,Carrefour,Credit Card,10.83,EUR,,,,2025-11-21
Groceries,Neighborhood Market,Travel Card,23.81,GEL,,,,2025-11-21
Groceries,Carrefour,Credit Card,14.10,EUR,,,,2025-11-21
Transport,Metro Card Top-up,Credit Card,3.85,EUR,,,,2025-11-21
Transport,Metro Card Top-up,Cash Wallet,2.52,USD,,,,2025-11-21
Shopping,Bookshop,Cash Wallet,19.45,USD,,,,2025-11-21
Travel,Airbnb Stay,Cash Wallet,43.65,USD,,,,2025-11-21
Healthcare,Dental Clinic,Cash Wallet,7.54,USD,,,,2025-11-21
Dining Out,Thai Takeaway,Checking Account,6.78,USD,,,,2025-11-21
Transport,Ride Share,Checking Account,7.51,USD,,,,2025-11-21
Dining Out,Burger Joint,Credit Card,8.48,EUR,,,,2025-11-21
Coffee,Cafe Mocha,Credit Card,3.05,EUR,,,,2025-11-21
Transport,Taxi,Travel Card,22.03,GEL,,,,2025-11-22
Coffee,Street Coffee,Credit Card,2.57,EUR,,,,2025-11-22
Shopping,Electronics Store,Cash Wallet,5.05,USD,,,,2025-11-22
Groceries,Neighborhood Market,Credit Card,6.39,EUR,,,,2025-11-22
Healthcare,Doctor Visit,Cash Wallet,12.46,USD,,,,2025-11-22
Shopping,Bookshop,Credit Card,11.53,EUR,,,,2025-11-22
Groceries,Lidl,Savings Account,10.19,EUR,,,,2025-11-22
Groceries,Aldi,Checking Account,10.15,USD,,,,2025-11-22
Dining Out,Coffee Shop,Travel Card,12.23,GEL,,,,2025-11-22
Transport,Ride Share,Checking Account,5.13,USD,,,,2025-11-22
Healthcare,Dental Clinic,Cash Wallet,18.37,USD,,,,2025-11-23
Coffee,Cafe Mocha,Travel Card,6.67,GEL,,,,2025-11-23
Dining Out,Restaurant Le Petit,Cash Wallet,6.03,USD,,,,2025-11-23
Groceries,Local Green Market,Credit Card,9.52,EUR,,,,2025-11-23
Dining Out,Coffee Shop,Credit Card,8.06,EUR,,,,2025-11-23
Shopping,Amazon Order,Cash Wallet,8.50,USD,,,,2025-11-23
Groceries,Lidl,Cash Wallet,13.28,USD,,,,2025-11-23
Coffee,Espresso Bar,Cash Wallet,2.71,USD,,,,2025-11-23
Utilities,Phone Bill,Cash Wallet,32.17,USD,,,,2025-11-23
Travel,Airbnb Stay,Cash Wallet,57.08,USD,,,,2025-11-23
,Transfer to Savings,Cash Wallet,563.93,USD,Travel Card,1522.62,GEL,2025-11-23
,Top-up Travel Card,Travel Card,2067.91,GEL,Checking Account,765.89,USD,2025-11-23
,Cash Withdrawal,Cash Wallet,957.87,USD,Credit Card,881.24,EUR,2025-11-23
,Top-up Travel Card,Cash Wallet,654.16,USD,Savings Account,601.82,EUR,2025-11-23
,Savings Deposit,Checking Account,1156.07,USD,Travel Card,3121.40,GEL,2025-11-23
Groceries,Whole Foods Market,Checking Account,7.10,USD,,,,2025-11-24
Coffee,Latte To Go,Checking Account,2.89,USD,,,,2025-11-24
Groceries,Trader Joe's,Checking Account,12.94,USD,,,,2025-11-24
Entertainment,Netflix Subscription,Checking Account,4.65,USD,,,,2025-11-24
Dining Out,Burger Joint,Checking Account,13.28,USD,,,,2025-11-24
Entertainment,Book Store,Cash Wallet,7.27,USD,,,,2025-11-24
Coffee,Street Coffee,Checking Account,2.22,USD,,,,2025-11-24
Coffee,Espresso Bar,Checking Account,3.74,USD,,,,2025-11-24
Entertainment,Concert Tickets,Savings Account,8.08,EUR,,,,2025-11-24
Transport,Taxi,Cash Wallet,6.06,USD,,,,2025-11-24
Shopping,Furniture Store,Checking Account,21.26,USD,,,,2025-11-24
Shopping,Clothing Store,Cash Wallet,21.57,USD,,,,2025-11-24
Travel,Car Rental,Credit Card,54.69,EUR,,,,2025-11-24
Coffee,Morning Coffee,Cash Wallet,4.71,USD,,,,2025-11-24
Healthcare,Pharmacy,Travel Card,23.77,GEL,,,,2025-11-24
Groceries,Lidl,Cash Wallet,6.43,USD,,,,2025-11-25
Coffee,Street Coffee,Cash Wallet,4.24,USD,,,,2025-11-25
Transport,Bus Pass,Checking Account,6.36,USD,,,,2025-11-25
Shopping,Bookshop,Checking Account,7.80,USD,,,,2025-11-25
Coffee,Morning Coffee,Cash Wallet,4.60,USD,,,,2025-11-25
Healthcare,Gym Membership,Checking Account,9.97,USD,,,,2025-11-25
Transport,Train Ticket,Credit Card,4.60,EUR,,,,2025-11-25
Coffee,Morning Coffee,Credit Card,2.51,EUR,,,,2025-11-25
Coffee,Espresso Bar,Cash Wallet,2.91,USD,,,,2025-11-25
Groceries,Neighborhood Market,Cash Wallet,14.36,USD,,,,2025-11-25
Groceries,Aldi,Credit Card,12.90,EUR,,,,2025-11-25
Shopping,Electronics Store,Credit Card,14.05,EUR,,,,2025-11-25
Shopping,Bookshop,Travel Card,63.55,GEL,,,,2025-11-25
Coffee,Espresso Bar,Cash Wallet,2.01,USD,,,,2025-11-25
Dining Out,Bistro du Coin,Cash Wallet,12.00,USD,,,,2025-11-25
,Credit Card Payment,Savings Account,250.40,EUR,Cash Wallet,272.17,USD,2025-11-25
Coffee,Morning Coffee,Cash Wallet,3.97,USD,,,,2025-11-26
Groceries,Lidl,Travel Card,41.59,GEL,,,,2025-11-26
Groceries,Neighborhood Market,Savings Account,10.50,EUR,,,,2025-11-26
Groceries,Carrefour,Checking Account,6.27,USD,,,,2025-11-26
Transport,Ride Share,Cash Wallet,8.53,USD,,,,2025-11-26
Groceries,Trader Joe's,Credit Card,5.87,EUR,,,,2025-11-26
Transport,Ride Share,Cash Wallet,8.47,USD,,,,2025-11-26
Coffee,Street Coffee,Cash Wallet,2.61,USD,,,,2025-11-26
Utilities,Gas Bill,Cash Wallet,33.47,USD,,,,2025-11-26
,Savings Deposit,Cash Wallet,405.01,USD,Travel Card,1093.53,GEL,2025-11-26
Entertainment,Concert Tickets,Credit Card,5.56,EUR,,,,2025-11-27
Dining Out,Thai Takeaway,Checking Account,8.58,USD,,,,2025-11-27
Coffee,Espresso Bar,Checking Account,2.72,USD,,,,2025-11-27
Coffee,Latte To Go,Checking Account,3.10,USD,,,,2025-11-27
Dining Out,Pizzeria Bella,Checking Account,9.35,USD,,,,2025-11-27
Groceries,Whole Foods Market,Checking Account,11.59,USD,,,,2025-11-27
Entertainment,Cinema Tickets,Cash Wallet,6.45,USD,,,,2025-11-27
Transport,Fuel Station,Cash Wallet,2.68,USD,,,,2025-11-27
Coffee,Street Coffee,Cash Wallet,4.03,USD,,,,2025-11-27
Coffee,Latte To Go,Credit Card,4.41,EUR,,,,2025-11-27
Dining Out,Burger Joint,Cash Wallet,7.07,USD,,,,2025-11-27
Entertainment,Cinema Tickets,Savings Account,5.32,EUR,,,,2025-11-27
Transport,Fuel Station,Credit Card,4.34,EUR,,,,2025-11-27
Shopping,Furniture Store,Travel Card,30.93,GEL,,,,2025-11-27
Groceries,Lidl,Checking Account,7.83,USD,,,,2025-11-27
Healthcare,Dental Clinic,Checking Account,5.89,USD,,,,2025-11-27
Utilities,Gas Bill,Cash Wallet,21.97,USD,,,,2025-11-27
Groceries,Aldi,Credit Card,11.23,EUR,,,,2025-11-27
Dining Out,Pizzeria Bella,Travel Card,23.31,GEL,,,,2025-11-27
Healthcare,Doctor Visit,Checking Account,14.37,USD,,,,2025-11-27
Groceries,Lidl,Checking Account,10.19,USD,,,,2025-11-27
Healthcare,Gym Membership,Checking Account,15.82,USD,,,,2025-11-27
,Top-up Travel Card,Checking Account,789.36,USD,Savings Account,726.21,EUR,2025-11-27
,Transfer to Savings,Savings Account,1366.67,EUR,Credit Card,1366.67,EUR,2025-11-27
,Credit Card Payment,Savings Account,342.66,EUR,Travel Card,1005.63,GEL,2025-11-27
,Credit Card Payment,Savings Account,1034.87,EUR,Travel Card,3037.12,GEL,2025-11-27
,Cash Withdrawal,Checking Account,1099.68,USD,Credit Card,1011.71,EUR,2025-11-27
,Savings Deposit,Savings Account,891.63,EUR,Checking Account,969.17,USD,2025-11-27
,Credit Card Payment,Credit Card,149.52,EUR,Cash Wallet,162.52,USD,2025-11-27
Dining Out,Bistro du Coin,Savings Account,9.35,EUR,,,,2025-11-28
Groceries,Whole Foods Market,Credit Card,8.33,EUR,,,,2025-11-28
Entertainment,Cinema Tickets,Cash Wallet,10.68,USD,,,,2025-11-28
Coffee,Cafe Mocha,Checking Account,2.01,USD,,,,2025-11-28
Entertainment,Book Store,Cash Wallet,9.97,USD,,,,2025-11-28
Travel,Car Rental,Savings Account,55.90,EUR,,,,2025-11-28
Groceries,Whole Foods Market,Credit Card,12.50,EUR,,,,2025-11-28
Transport,Ride Share,Checking Account,8.46,USD,,,,2025-11-28
Dining Out,Bistro du Coin,Cash Wallet,8.37,USD,,,,2025-11-28
Coffee,Cafe Mocha,Cash Wallet,3.23,USD,,,,2025-11-28
Dining Out,Thai Takeaway,Cash Wallet,6.14,USD,,,,2025-11-28
Groceries,Local Green Market,Travel Card,18.61,GEL,,,,2025-11-28
Transport,Bus Pass,Checking Account,5.97,USD,,,,2025-11-28
Transport,Bus Pass,Cash Wallet,2.24,USD,,,,2025-11-28
Groceries,Trader Joe's,Checking Account,12.28,USD,,,,2025-11-28
Coffee,Street Coffee,Checking Account,3.33,USD,,,,2025-11-29
Utilities,Gas Bill,Credit Card,18.41,EUR,,,,2025-11-29
Coffee,Morning Coffee,Cash Wallet,3.40,USD,,,,2025-11-29
Transport,Taxi,Cash Wallet,2.52,USD,,,,2025-11-29
Entertainment,Spotify Subscription,Credit Card,4.42,EUR,,,,2025-11-29
Transport,Train Ticket,Savings Account,5.54,EUR,,,,2025-11-29
Coffee,Street Coffee,Savings Account,3.41,EUR,,,,2025-11-29
Entertainment,Steam Game,Cash Wallet,10.24,USD,,,,2025-11-29
Transport,Taxi,Cash Wallet,4.10,USD,,,,2025-11-29
Transport,Ride Share,Cash Wallet,8.36,USD,,,,2025-11-29
Dining Out,Sushi Bar,Checking Account,9.30,USD,,,,2025-11-29
Utilities,Gas Bill,Cash Wallet,33.31,USD,,,,2025-11-29
Shopping,Clothing Store,Credit Card,12.77,EUR,,,,2025-11-29
Coffee,Latte To Go,Credit Card,3.59,EUR,,,,2025-11-29
Entertainment,Cinema Tickets,Credit Card,7.39,EUR,,,,2025-11-29
Coffee,Espresso Bar,Credit Card,2.76,EUR,,,,2025-11-29
Dining Out,Restaurant Le Petit,Checking Account,5.74,USD,,,,2025-11-29
,Savings Deposit,Credit Card,842.98,EUR,Cash Wallet,916.29,USD,2025-11-29
,Transfer to Savings,Credit Card,425.32,EUR,Savings Account,425.32,EUR,2025-11-29
,Cash Withdrawal,Cash Wallet,128.89,USD,Checking Account,128.89,USD,2025-11-29
,Cash Withdrawal,Checking Account,979.17,USD,Credit Card,900.83,EUR,2025-11-29
,Cash Withdrawal,Checking Account,839.53,USD,Travel Card,2266.72,GEL,2025-11-29
Transport,Ride Share,Checking Account,3.67,USD,,,,2025-11-30
Coffee,Street Coffee,Cash Wallet,3.73,USD,,,,2025-11-30
Dining Out,Thai Takeaway,Cash Wallet,7.60,USD,,,,2025-11-30
Coffee,Morning Coffee,Credit Card,1.98,EUR,,,,2025-11-30
Utilities,Electric Bill,Credit Card,21.98,EUR,,,,2025-11-30
Entertainment,Cinema Tickets,Credit Card,9.46,EUR,,,,2025-11-30
Entertainment,Steam Game,Travel Card,13.24,GEL,,,,2025-11-30
Coffee,Cafe Mocha,Travel Card,9.73,GEL,,,,2025-11-30
Groceries,Whole Foods Market,Cash Wallet,10.20,USD,,,,2025-11-30
Groceries,Aldi,Checking Account,6.61,USD,,,,2025-11-30
Entertainment,Spotify Subscription,Cash Wallet,7.41,USD,,,,2025-11-30
Groceries,Trader Joe's,Travel Card,35.00,GEL,,,,2025-11-30
Shopping,Furniture Store,Credit Card,8.33,EUR,,,,2025-11-30
Dining Out,Sushi Bar,Cash Wallet,5.17,USD,,,,2025-11-30
Entertainment,Cinema Tickets,Credit Card,3.62,EUR,,,,2025-11-30
Groceries,Neighborhood Market,Checking Account,14.11,USD,,,,2025-11-30
Groceries,Lidl,Travel Card,32.76,GEL,,,,2025-11-30
Groceries,Whole Foods Market,Checking Account,13.84,USD,,,,2025-11-30
,Transfer to Savings,Travel Card,1620.97,GEL,Cash Wallet,600.36,USD,2025-11-30
,Transfer to Savings,Credit Card,1148.58,EUR,Savings Account,1148.58,EUR,2025-11-30
Coffee,Morning Coffee,Checking Account,2.94,USD,,,,2025-12-01
Groceries,Neighborhood Market,Cash Wallet,8.61,USD,,,,2025-12-01
Transport,Train Ticket,Cash Wallet,3.41,USD,,,,2025-12-01
Dining Out,Sushi Bar,Cash Wallet,7.60,USD,,,,2025-12-01
Groceries,Aldi,Cash Wallet,12.64,USD,,,,2025-12-01
Coffee,Latte To Go,Travel Card,8.29,GEL,,,,2025-12-01
Coffee,Street Coffee,Travel Card,10.80,GEL,,,,2025-12-01
Coffee,Street Coffee,Cash Wallet,2.73,USD,,,,2025-12-01
Utilities,Gas Bill,Credit Card,10.24,EUR,,,,2025-12-01
Coffee,Cafe Mocha,Cash Wallet,3.35,USD,,,,2025-12-01
Entertainment,Book Store,Cash Wallet,6.39,USD,,,,2025-12-01
Dining Out,Pizzeria Bella,Travel Card,30.28,GEL,,,,2025-12-01
Transport,Ride Share,Travel Card,21.98,GEL,,,,2025-12-01
Shopping,Clothing Store,Travel Card,39.42,GEL,,,,2025-12-01
Dining Out,Bistro du Coin,Cash Wallet,7.98,USD,,,,2025-12-01
Groceries,Trader Joe's,Travel Card,28.87,GEL,,,,2025-12-01
Coffee,Street Coffee,Checking Account,3.46,USD,,,,2025-12-01
,Cash Withdrawal,Checking Account,374.49,USD,Credit Card,344.53,EUR,2025-12-01
,Credit Card Payment,Travel Card,333.54,GEL,Savings Account,113.65,EUR,2025-12-01
,Savings Deposit,Savings Account,374.54,EUR,Credit Card,374.54,EUR,2025-12-01
Transport,Ride Share,Checking Account,6.33,USD,,,,2025-12-02
Transport,Fuel Station,Cash Wallet,2.96,USD,,,,2025-12-02
Shopping,Electronics Store,Credit Card,14.23,EUR,,,,2025-12-02
Coffee,Cafe Mocha,Checking Account,2.19,USD,,,,2025-12-02
Groceries,Aldi,Credit Card,6.70,EUR,,,,2025-12-02
Transport,Train Ticket,Checking Account,4.81,USD,,,,2025-12-02
Shopping,Bookshop,Travel Card,15.39,GEL,,,,2025-12-02
Entertainment,Book Store,Travel Card,28.99,GEL,,,,2025-12-02
Utilities,Internet Provider,Credit Card,19.82,EUR,,,,2025-12-02
Transport,Fuel Station,Travel Card,11.92,GEL,,,,2025-12-02
Transport,Train Ticket,Checking Account,5.62,USD,,,,2025-12-02
Coffee,Street Coffee,Cash Wallet,2.46,USD,,,,2025-12-02
Utilities,Electric Bill,Credit Card,15.18,EUR,,,,2025-12-02
Coffee,Morning Coffee,Checking Account,3.07,USD,,,,2025-12-02
Coffee,Morning Coffee,Cash Wallet,2.70,USD,,,,2025-12-02
Groceries,Neighborhood Market,Checking Account,7.79,USD,,,,2025-12-02
Dining Out,Pizzeria Bella,Checking Account,8.58,USD,,,,2025-12-02
,Cash Withdrawal,Credit Card,1374.06,EUR,Cash Wallet,1493.54,USD,2025-12-02
,Top-up Travel Card,Travel Card,954.78,GEL,Credit Card,325.33,EUR,2025-12-02
Groceries,Local Green Market,Cash Wallet,9.46,USD,,,,2025-12-03
Groceries,Neighborhood Market,Credit Card,13.96,EUR,,,,2025-12-03
Groceries,Lidl,Savings Account,9.52,EUR,,,,2025-12-03
Groceries,Local Green Market,Savings Account,14.10,EUR,,,,2025-12-03
Entertainment,Concert Tickets,Travel Card,19.35,GEL,,,,2025-12-03
Transport,Metro Card Top-up,Credit Card,3.58,EUR,,,,2025-12-03
Dining Out,Bistro du Coin,Cash Wallet,13.23,USD,,,,2025-12-03
Dining Out,Sushi Bar,Travel Card,13.67,GEL,,,,2025-12-03
Coffee,Street Coffee,Checking Account,4.07,USD,,,,2025-12-03
Dining Out,Pizzeria Bella,Travel Card,19.25,GEL,,,,2025-12-03
Dining Out,Thai Takeaway,Cash Wallet,13.54,USD,,,,2025-12-03
Dining Out,Thai Takeaway,Credit Card,7.05,EUR,,,,2025-12-03
Groceries,Carrefour,Cash Wallet,7.48,USD,,,,2025-12-03
Transport,Ride Share,Credit Card,7.43,EUR,,,,2025-12-03
Coffee,Street Coffee,Travel Card,11.49,GEL,,,,2025-12-03
,Cash Withdrawal,Cash Wallet,797.46,USD,Checking Account,797.46,USD,2025-12-03
,Credit Card Payment,Travel Card,1107.67,GEL,Savings Account,377.43,EUR,2025-12-03
,Savings Deposit,Travel Card,933.71,GEL,Checking Account,345.82,USD,2025-12-03
,Credit Card Payment,Travel Card,2459.81,GEL,Credit Card,838.16,EUR,2025-12-03
Shopping,Amazon Order,Checking Account,21.27,USD,,,,2025-12-04
Groceries,Local Green Market,Travel Card,35.96,GEL,,,,2025-12-04
Entertainment,Book Store,Travel Card,16.25,GEL,,,,2025-12-04
Dining Out,Sushi Bar,Credit Card,3.95,EUR,,,,2025-12-04
Coffee,Morning Coffee,Checking Account,2.86,USD,,,,2025-12-04
Groceries,Carrefour,Cash Wallet,7.01,USD,,,,2025-12-04
Utilities,Internet Provider,Credit Card,28.92,EUR,,,,2025-12-04
Utilities,Electric Bill,Checking Account,20.12,USD,,,,2025-12-04
Entertainment,Spotify Subscription,Credit Card,9.81,EUR,,,,2025-12-04
Entertainment,Concert Tickets,Cash Wallet,5.28,USD,,,,2025-12-04
Coffee,Espresso Bar,Checking Account,2.92,USD,,,,2025-12-04
Entertainment,Cinema Tickets,Cash Wallet,6.89,USD,,,,2025-12-04
Dining Out,Sushi Bar,Credit Card,4.95,EUR,,,,2025-12-04
Dining Out,Restaurant Le Petit,Travel Card,27.81,GEL,,,,2025-12-04
Dining Out,Restaurant Le Petit,Cash Wallet,4.74,USD,,,,2025-12-04
Travel,Car Rental,Cash Wallet,63.84,USD,,,,2025-12-04
Entertainment,Concert Tickets,Cash Wallet,10.59,USD,,,,2025-12-04
Dining Out,Pizzeria Bella,Checking Account,8.48,USD,,,,2025-12-04
Dining Out,Sushi Bar,Travel Card,31.39,GEL,,,,2025-12-04
Transport,Metro Card Top-up,Savings Account,2.64,EUR,,,,2025-12-04
Travel,Airbnb Stay,Checking Account,97.44,USD,,,,2025-12-05
Utilities,Internet Provider,Cash Wallet,33.12,USD,,,,2025-12-05
Coffee,Cafe Mocha,Credit Card,2.65,EUR,,,,2025-12-05
Coffee,Street Coffee,Cash Wallet,3.41,USD,,,,2025-12-05
Entertainment,Book Store,Credit Card,10.60,EUR,,,,2025-12-05
Coffee,Street Coffee,Credit Card,3.12,EUR,,,,2025-12-05
Entertainment,Book Store,Credit Card,10.40,EUR,,,,2025-12-05
Groceries,Carrefour,Checking Account,8.58,USD,,,,2025-12-05
Entertainment,Cinema Tickets,Savings Account,5.97,EUR,,,,2025-12-05
Transport,Metro Card Top-up,Checking Account,4.82,USD,,,,2025-12-05
Utilities,Internet Provider,Checking Account,23.66,USD,,,,2025-12-05
Entertainment,Book Store,Checking Account,6.26,USD,,,,2025-12-05
,Cash Withdrawal,Credit Card,1213.73,EUR,Checking Account,1319.27,USD,2025-12-05
Coffee,Espresso Bar,Credit Card,2.67,EUR,,,,2025-12-06
Transport,Train Ticket,Cash Wallet,6.05,USD,,,,2025-12-06
Utilities,Electric Bill,Travel Card,57.43,GEL,,,,2025-12-06
Groceries,Trader Joe's,Credit Card,10.72,EUR,,,,2025-12-06
Transport,Metro Card Top-up,Cash Wallet,7.66,USD,,,,2025-12-06
Groceries,Whole Foods Market,Cash Wallet,6.82,USD,,,,2025-12-06
Transport,Bus Pass,Credit Card,6.71,EUR,,,,2025-12-06
Shopping,Clothing Store,Travel Card,61.25,GEL,,,,2025-12-06
Groceries,Aldi,Cash Wallet,6.65,USD,,,,2025-12-06
Entertainment,Steam Game,Checking Account,3.46,USD,,,,2025-12-06
Entertainment,Spotify Subscription,Checking Account,7.74,USD,,,,2025-12-06
Entertainment,Steam Game,Cash Wallet,3.32,USD,,,,2025-12-06
Transport,Metro Card Top-up,Checking Account,7.71,USD,,,,2025-12-06
Coffee,Street Coffee,Checking Account,2.71,USD,,,,2025-12-06
Transport,Taxi,Credit Card,4.49,EUR,,,,2025-12-06
Shopping,Furniture Store,Travel Card,35.19,GEL,,,,2025-12-06
Coffee,Street Coffee,Checking Account,3.16,USD,,,,2025-12-06
Dining Out,Burger Joint,Checking Account,7.19,USD,,,,2025-12-06
,Credit Card Payment,Travel Card,824.58,GEL,Checking Account,305.40,USD,2025-12-06
,Top-up Travel Card,Savings Account,1169.61,EUR,Travel Card,3432.54,GEL,2025-12-06
Dining Out,Bistro du Coin,Checking Account,6.18,USD,,,,2025-12-07
Coffee,Street Coffee,Checking Account,4.47,USD,,,,2025-12-07
Entertainment,Steam Game,Credit Card,7.97,EUR,,,,2025-12-07
Coffee,Latte To Go,Savings Account,2.14,EUR,,,,2025-12-07
Dining Out,Sushi Bar,Checking Account,10.47,USD,,,,2025-12-07
Shopping,Electronics Store,Credit Card,19.53,EUR,,,,2025-12-07
Coffee,Latte To Go,Checking Account,4.03,USD,,,,2025-12-07
Groceries,Whole Foods Market,Checking Account,6.78,USD,,,,2025-12-07
Healthcare,Optician,Credit Card,16.52,EUR,,,,2025-12-07
Dining Out,Bistro du Coin,Cash Wallet,9.94,USD,,,,2025-12-07
Entertainment,Cinema Tickets,Checking Account,10.05,USD,,,,2025-12-07
Healthcare,Gym Membership,Cash Wallet,19.19,USD,,,,2025-12-07
Coffee,Latte To Go,Savings Account,3.33,EUR,,,,2025-12-07
Dining Out,Thai Takeaway,Checking Account,7.99,USD,,,,2025-12-07
Entertainment,Netflix Subscription,Cash Wallet,5.77,USD,,,,2025-12-07
Entertainment,Steam Game,Cash Wallet,8.33,USD,,,,2025-12-07
Entertainment,Spotify Subscription,Cash Wallet,9.01,USD,,,,2025-12-07
Transport,Ride Share,Checking Account,4.19,USD,,,,2025-12-07
Coffee,Espresso Bar,Checking Account,3.97,USD,,,,2025-12-07
,Transfer to Savings,Checking Account,1418.11,USD,Cash Wallet,1418.11,USD,2025-12-07
Coffee,Street Coffee,Cash Wallet,4.63,USD,,,,2025-12-08
Entertainment,Steam Game,Credit Card,5.75,EUR,,,,2025-12-08
Entertainment,Spotify Subscription,Credit Card,5.86,EUR,,,,2025-12-08
Coffee,Espresso Bar,Cash Wallet,4.40,USD,,,,2025-12-08
Travel,Travel Insurance,Checking Account,40.82,USD,,,,2025-12-08
Entertainment,Spotify Subscription,Cash Wallet,8.13,USD,,,,2025-12-08
Shopping,Clothing Store,Travel Card,15.68,GEL,,,,2025-12-08
Entertainment,Netflix Subscription,Savings Account,6.59,EUR,,,,2025-12-08
Groceries,Whole Foods Market,Checking Account,8.50,USD,,,,2025-12-08
Transport,Bus Pass,Checking Account,5.65,USD,,,,2025-12-08
Coffee,Morning Coffee,Checking Account,1.96,USD,,,,2025-12-08
Groceries,Neighborhood Market,Credit Card,7.47,EUR,,,,2025-12-08
Dining Out,Pizzeria Bella,Cash Wallet,9.10,USD,,,,2025-12-08
Coffee,Espresso Bar,Credit Card,3.30,EUR,,,,2025-12-08
Dining Out,Restaurant Le Petit,Checking Account,7.73,USD,,,,2025-12-08
Entertainment,Cinema Tickets,Checking Account,9.03,USD,,,,2025-12-08
Coffee,Morning Coffee,Checking Account,3.82,USD,,,,2025-12-08
,Savings Deposit,Savings Account,1147.94,EUR,Cash Wallet,1247.76,USD,2025-12-08
,Credit Card Payment,Cash Wallet,797.36,USD,Credit Card,733.57,EUR,2025-12-08
,Transfer to Savings,Travel Card,2270.67,GEL,Checking Account,840.99,USD,2025-12-08
,Top-up Travel Card,Credit Card,1205.88,EUR,Cash Wallet,1310.74,USD,2025-12-08
Coffee,Street Coffee,Checking Account,3.79,USD,,,,2025-12-09
Groceries,Local Green Market,Credit Card,4.54,EUR,,,,2025-12-09
Groceries,Aldi,Credit Card,4.58,EUR,,,,2025-12-09
Coffee,Street Coffee,Cash Wallet,4.03,USD,,,,2025-12-09
Dining Out,Burger Joint,Credit Card,6.78,EUR,,,,2025-12-09
Coffee,Latte To Go,Travel Card,10.57,GEL,,,,2025-12-09
Transport,Train Ticket,Cash Wallet,4.76,USD,,,,2025-12-09
Groceries,Local Green Market,Checking Account,5.42,USD,,,,2025-12-09
Transport,Ride Share,Checking Account,3.51,USD,,,,2025-12-09
Groceries,Lidl,Credit Card,6.41,EUR,,,,2025-12-09
Coffee,Latte To Go,Cash Wallet,2.75,USD,,,,2025-12-09
Transport,Taxi,Credit Card,4.97,EUR,,,,2025-12-09
Groceries,Carrefour,Checking Account,15.32,USD,,,,2025-12-09
Coffee,Espresso Bar,Checking Account,3.44,USD,,,,2025-12-09
Healthcare,Gym Membership,Cash Wallet,9.79,USD,,,,2025-12-09
Dining Out,Burger Joint,Cash Wallet,6.93,USD,,,,2025-12-09
Coffee,Morning Coffee,Cash Wallet,3.59,USD,,,,2025-12-09
Dining Out,Pizzeria Bella,Checking Account,4.91,USD,,,,2025-12-09
Groceries,Lidl,Credit Card,6.61,EUR,,,,2025-12-09
Groceries,Whole Foods Market,Cash Wallet,9.94,USD,,,,2025-12-09
Entertainment,Netflix Subscription,Credit Card,6.56,EUR,,,,2025-12-09
Coffee,Cafe Mocha,Credit Card,4.07,EUR,,,,2025-12-09
Dining Out,Thai Takeaway,Credit Card,6.19,EUR,,,,2025-12-09
Coffee,Cafe Mocha,Travel Card,10.58,GEL,,,,2025-12-09
,Credit Card Payment,Travel Card,2418.18,GEL,Cash Wallet,895.62,USD,2025-12-09
,Top-up Travel Card,Credit Card,446.70,EUR,Savings Account,446.70,EUR,2025-12-09
Coffee,Morning Coffee,Cash Wallet,3.12,USD,,,,2025-12-10
Transport,Bus Pass,Checking Account,7.26,USD,,,,2025-12-10
Transport,Metro Card Top-up,Travel Card,9.90,GEL,,,,2025-12-10
Dining Out,Sushi Bar,Cash Wallet,11.37,USD,,,,2025-12-10
Utilities,Gas Bill,Travel Card,81.76,GEL,,,,2025-12-10
Coffee,Espresso Bar,Cash Wallet,4.13,USD,,,,2025-12-10
Entertainment,Cinema Tickets,Checking Account,4.39,USD,,,,2025-12-10
Entertainment,Netflix Subscription,Travel Card,22.33,GEL,,,,2025-12-10
Coffee,Latte To Go,Travel Card,10.72,GEL,,,,2025-12-10
Entertainment,Concert Tickets,Checking Account,3.29,USD,,,,2025-12-10
Coffee,Street Coffee,Checking Account,4.77,USD,,,,2025-12-10
Dining Out,Pizzeria Bella,Cash Wallet,7.78,USD,,,,2025-12-10
Utilities,Phone Bill,Credit Card,20.98,EUR,,,,2025-12-10
Salary,Salary Deposit,,,,Checking Account,1521.67,USD,2025-12-10
,Credit Card Payment,Checking Account,669.28,USD,Credit Card,615.74,EUR,2025-12-10
,Cash Withdrawal,Travel Card,513.59,GEL,Checking Account,190.22,USD,2025-12-10
,Cash Withdrawal,Credit Card,819.80,EUR,Savings Account,819.80,EUR,2025-12-10
,Top-up Travel Card,Savings Account,705.42,EUR,Travel Card,2070.25,GEL,2025-12-10
Transport,Ride Share,Travel Card,13.05,GEL,,,,2025-12-11
Healthcare,Pharmacy,Checking Account,8.39,USD,,,,2025-12-11
Groceries,Trader Joe's,Cash Wallet,5.12,USD,,,,2025-12-11
Transport,Metro Card Top-up,Checking Account,7.92,USD,,,,2025-12-11
Healthcare,Dental Clinic,Cash Wallet,9.75,USD,,,,2025-12-11
Entertainment,Spotify Subscription,Checking Account,5.43,USD,,,,2025-12-11
Coffee,Morning Coffee,Checking Account,4.33,USD,,,,2025-12-11
Coffee,Latte To Go,Checking Account,1.99,USD,,,,2025-12-11
Shopping,Furniture Store,Cash Wallet,17.19,USD,,,,2025-12-11
Coffee,Cafe Mocha,Cash Wallet,2.37,USD,,,,2025-12-11
Transport,Bus Pass,Credit Card,7.29,EUR,,,,2025-12-11
Coffee,Street Coffee,Cash Wallet,3.84,USD,,,,2025-12-11
Entertainment,Concert Tickets,Travel Card,27.12,GEL,,,,2025-12-11
Healthcare,Gym Membership,Cash Wallet,7.09,USD,,,,2025-12-11
Utilities,Internet Provider,Cash Wallet,20.77,USD,,,,2025-12-11
,Credit Card Payment,Travel Card,3572.20,GEL,Savings Account,1217.19,EUR,2025-12-11
Dining Out,Pizzeria Bella,Checking Account,12.86,USD,,,,2025-12-12
Groceries,Carrefour,Checking Account,12.93,USD,,,,2025-12-12
Dining Out,Coffee Shop,Checking Account,9.18,USD,,,,2025-12-12
Dining Out,Thai Takeaway,Credit Card,6.17,EUR,,,,2025-12-12
Shopping,Electronics Store,Credit Card,7.52,EUR,,,,2025-12-12
Coffee,Street Coffee,Checking Account,2.28,USD,,,,2025-12-12
Dining Out,Thai Takeaway,Cash Wallet,12.43,USD,,,,2025-12-12
Transport,Metro Card Top-up,Checking Account,2.01,USD,,,,2025-12-12
Groceries,Aldi,Credit Card,12.49,EUR,,,,2025-12-12
Dining Out,Sushi Bar,Checking Account,9.19,USD,,,,2025-12-12
Entertainment,Spotify Subscription,Credit Card,3.84,EUR,,,,2025-12-12
Entertainment,Steam Game,Cash Wallet,6.03,USD,,,,2025-12-12
Shopping,Bookshop,Travel Card,48.55,GEL,,,,2025-12-12
Groceries,Whole Foods Market,Credit Card,7.79,EUR,,,,2025-12-12
Healthcare,Dental Clinic,Credit Card,12.19,EUR,,,,2025-12-12
Transport,Train Ticket,Cash Wallet,2.71,USD,,,,2025-12-12
Groceries,Neighborhood Market,Credit Card,10.01,EUR,,,,2025-12-12
Groceries,Neighborhood Market,Cash Wallet,4.91,USD,,,,2025-12-13
Shopping,Furniture Store,Checking Account,20.30,USD,,,,2025-12-13
Dining Out,Sushi Bar,Checking Account,7.36,USD,,,,2025-12-13
Entertainment,Cinema Tickets,Checking Account,7.18,USD,,,,2025-12-13
Entertainment,Concert Tickets,Checking Account,8.37,USD,,,,2025-12-13
Transport,Ride Share,Travel Card,8.81,GEL,,,,2025-12-13
Coffee,Street Coffee,Credit Card,2.61,EUR,,,,2025-12-13
Shopping,Amazon Order,Checking Account,13.04,USD,,,,2025-12-13
Entertainment,Concert Tickets,Cash Wallet,7.23,USD,,,,2025-12-13
Coffee,Cafe Mocha,Credit Card,4.23,EUR,,,,2025-12-13
Dining Out,Burger Joint,Credit Card,6.76,EUR,,,,2025-12-13
Groceries,Local Green Market,Travel Card,30.52,GEL,,,,2025-12-13
Dining Out,Pizzeria Bella,Checking Account,11.15,USD,,,,2025-12-13
Dining Out,Coffee Shop,Cash Wallet,8.91,USD,,,,2025-12-13
Coffee,Street Coffee,Cash Wallet,4.44,USD,,,,2025-12-13
Dining Out,Coffee Shop,Credit Card,10.28,EUR,,,,2025-12-13
Coffee,Latte To Go,Cash Wallet,4.71,USD,,,,2025-12-13
Coffee,Cafe Mocha,Cash Wallet,3.58,USD,,,,2025-12-13
Utilities,Electric Bill,Credit Card,8.52,EUR,,,,2025-12-13
Dining Out,Thai Takeaway,Credit Card,10.52,EUR,,,,2025-12-13
,Credit Card Payment,Checking Account,1088.56,USD,Savings Account,1001.48,EUR,2025-12-13
Groceries,Lidl,Credit Card,11.06,EUR,,,,2025-12-14
Transport,Train Ticket,Checking Account,4.01,USD,,,,2025-12-14
Shopping,Clothing Store,Cash Wallet,10.78,USD,,,,2025-12-14
Travel,Airbnb Stay,Checking Account,109.63,USD,,,,2025-12-14
Shopping,Amazon Order,Credit Card,17.06,EUR,,,,2025-12-14
Coffee,Cafe Mocha,Checking Account,4.05,USD,,,,2025-12-14
Groceries,Trader Joe's,Cash Wallet,6.85,USD,,,,2025-12-14
Coffee,Espresso Bar,Checking Account,3.32,USD,,,,2025-12-14
Transport,Metro Card Top-up,Travel Card,12.09,GEL,,,,2025-12-14
Groceries,Neighborhood Market,Checking Account,15.39,USD,,,,2025-12-14
Transport,Bus Pass,Credit Card,7.80,EUR,,,,2025-12-14
Coffee,Latte To Go,Checking Account,4.38,USD,,,,2025-12-14
Transport,Taxi,Cash Wallet,3.41,USD,,,,2025-12-14
Dining Out,Burger Joint,Cash Wallet,8.63,USD,,,,2025-12-14
Groceries,Trader Joe's,Cash Wallet,14.62,USD,,,,2025-12-14
Coffee,Latte To Go,Checking Account,4.14,USD,,,,2025-12-14
Entertainment,Cinema Tickets,Cash Wallet,10.12,USD,,,,2025-12-14
,Transfer to Savings,Travel Card,1177.27,GEL,Savings Account,401.14,EUR,2025-12-14
,Top-up Travel Card,Savings Account,1098.19,EUR,Cash Wallet,1193.69,USD,2025-12-14
Dining Out,Burger Joint,Credit Card,10.75,EUR,,,,2025-12-15
Dining Out,Pizzeria Bella,Checking Account,5.54,USD,,,,2025-12-15
Transport,Ride Share,Cash Wallet,6.51,USD,,,,2025-12-15
Dining Out,Restaurant Le Petit,Checking Account,11.78,USD,,,,2025-12-15
Coffee,Latte To Go,Checking Account,4.55,USD,,,,2025-12-15
Dining Out,Thai Takeaway,Checking Account,4.38,USD,,,,2025-12-15
Coffee,Cafe Mocha,Savings Account,2.67,EUR,,,,2025-12-15
Shopping,Clothing Store,Cash Wallet,13.35,USD,,,,2025-12-15
Groceries,Trader Joe's,Cash Wallet,5.05,USD,,,,2025-12-15
Entertainment,Book Store,Credit Card,4.78,EUR,,,,2025-12-15
Coffee,Morning Coffee,Credit Card,3.40,EUR,,,,2025-12-15
Groceries,Local Green Market,Checking Account,11.50,USD,,,,2025-12-15
Transport,Bus Pass,Credit Card,6.15,EUR,,,,2025-12-15
,Credit Card Payment,Savings Account,770.95,EUR,Checking Account,837.99,USD,2025-12-15
,Savings Deposit,Credit Card,1191.74,EUR,Travel Card,3497.49,GEL,2025-12-15
Entertainment,Cinema Tickets,Checking Account,9.37,USD,,,,2025-12-16
Dining Out,Sushi Bar,Cash Wallet,11.64,USD,,,,2025-12-16
Entertainment,Steam Game,Checking Account,8.41,USD,,,,2025-12-16
Transport,Taxi,Cash Wallet,3.22,USD,,,,2025-12-16
Shopping,Electronics Store,Credit Card,5.79,EUR,,,,2025-12-16
Coffee,Street Coffee,Cash Wallet,2.80,USD,,,,2025-12-16
Coffee,Espresso Bar,Checking Account,3.26,USD,,,,2025-12-16
Groceries,Neighborhood Market,Travel Card,19.80,GEL,,,,2025-12-16
Transport,Ride Share,Cash Wallet,3.25,USD,,,,2025-12-16
Transport,Bus Pass,Credit Card,3.63,EUR,,,,2025-12-16
Coffee,Latte To Go,Cash Wallet,2.62,USD,,,,2025-12-16
Coffee,Cafe Mocha,Cash Wallet,3.38,USD,,,,2025-12-16
Coffee,Morning Coffee,Cash Wallet,3.30,USD,,,,2025-12-16
Shopping,Amazon Order,Travel Card,47.73,GEL,,,,2025-12-16
Entertainment,Cinema Tickets,Cash Wallet,6.45,USD,,,,2025-12-16
Groceries,Whole Foods Market,Checking Account,13.42,USD,,,,2025-12-16
Groceries,Carrefour,Checking Account,9.31,USD,,,,2025-12-16
Groceries,Lidl,Travel Card,20.72,GEL,,,,2025-12-16
,Savings Deposit,Checking Account,1173.46,USD,Cash Wallet,1173.46,USD,2025-12-16
Healthcare,Gym Membership,Travel Card,41.75,GEL,,,,2025-12-17
Dining Out,Pizzeria Bella,Checking Account,4.29,USD,,,,2025-12-17
Dining Out,Bistro du Coin,Travel Card,22.12,GEL,,,,2025-12-17
Shopping,Furniture Store,Credit Card,6.53,EUR,,,,2025-12-17
Dining Out,Burger Joint,Checking Account,4.48,USD,,,,2025-12-17
Entertainment,Steam Game,Checking Account,10.84,USD,,,,2025-12-17
Coffee,Morning Coffee,Checking Account,4.44,USD,,,,2025-12-17
Dining Out,Coffee Shop,Checking Account,5.25,USD,,,,2025-12-17
Entertainment,Spotify Subscription,Credit Card,4.06,EUR,,,,2025-12-17
Healthcare,Pharmacy,Savings Account,8.24,EUR,,,,2025-12-17
Entertainment,Netflix Subscription,Travel Card,17.36,GEL,,,,2025-12-17
Shopping,Electronics Store,Checking Account,5.28,USD,,,,2025-12-17
Shopping,Furniture Store,Checking Account,17.48,USD,,,,2025-12-17
Transport,Ride Share,Cash Wallet,4.82,USD,,,,2025-12-17
Groceries,Aldi,Cash Wallet,7.80,USD,,,,2025-12-17
Coffee,Latte To Go,Savings Account,2.96,EUR,,,,2025-12-17
Groceries,Local Green Market,Credit Card,8.43,EUR,,,,2025-12-17
Shopping,Electronics Store,Cash Wallet,21.40,USD,,,,2025-12-17
Dining Out,Restaurant Le Petit,Cash Wallet,5.38,USD,,,,2025-12-17
Utilities,Internet Provider,Credit Card,22.54,EUR,,,,2025-12-17
Groceries,Aldi,Credit Card,5.85,EUR,,,,2025-12-17
Entertainment,Book Store,Credit Card,10.26,EUR,,,,2025-12-18
Dining Out,Burger Joint,Cash Wallet,8.68,USD,,,,2025-12-18
Entertainment,Cinema Tickets,Savings Account,5.79,EUR,,,,2025-12-18
Dining Out,Restaurant Le Petit,Checking Account,9.58,USD,,,,2025-12-18
Dining Out,Coffee Shop,Savings Account,5.13,EUR,,,,2025-12-18
Dining Out,Pizzeria Bella,Cash Wallet,5.12,USD,,,,2025-12-18
Dining Out,Pizzeria Bella,Checking Account,5.76,USD,,,,2025-12-18
Groceries,Trader Joe's,Credit Card,6.01,EUR,,,,2025-12-18
Transport,Train Ticket,Checking Account,8.02,USD,,,,2025-12-18
Dining Out,Coffee Shop,Cash Wallet,8.31,USD,,,,2025-12-18
Transport,Ride Share,Cash Wallet,3.90,USD,,,,2025-12-18
Coffee,Espresso Bar,Cash Wallet,2.60,USD,,,,2025-12-18
Groceries,Carrefour,Cash Wallet,8.28,USD,,,,2025-12-18
Transport,Train Ticket,Travel Card,18.09,GEL,,,,2025-12-18
Dining Out,Coffee Shop,Credit Card,9.87,EUR,,,,2025-12-18
Shopping,Clothing Store,Credit Card,5.17,EUR,,,,2025-12-18
Transport,Taxi,Travel Card,9.92,GEL,,,,2025-12-18
Coffee,Morning Coffee,Checking Account,3.19,USD,,,,2025-12-18
Entertainment,Steam Game,Checking Account,7.76,USD,,,,2025-12-18
Dining Out,Burger Joint,Cash Wallet,7.37,USD,,,,2025-12-18
Coffee,Street Coffee,Checking Account,2.88,USD,,,,2025-12-18
Dining Out,Pizzeria Bella,Credit Card,5.22,EUR,,,,2025-12-18
Entertainment,Cinema Tickets,Checking Account,7.04,USD,,,,2025-12-18
,Savings Deposit,Cash Wallet,56.41,USD,Travel Card,152.32,GEL,2025-12-18
,Credit Card Payment,Cash Wallet,61.27,USD,Credit Card,56.37,EUR,2025-12-18
,Transfer to Savings,Savings Account,556.04,EUR,Cash Wallet,604.39,USD,2025-12-18
,Credit Card Payment,Cash Wallet,618.75,USD,Checking Account,618.75,USD,2025-12-18
Coffee,Cafe Mocha,Cash Wallet,4.39,USD,,,,2025-12-19
Entertainment,Netflix Subscription,Cash Wallet,4.76,USD,,,,2025-12-19
Coffee,Morning Coffee,Cash Wallet,2.74,USD,,,,2025-12-19
Transport,Metro Card Top-up,Cash Wallet,5.38,USD,,,,2025-12-19
Transport,Taxi,Travel Card,19.59,GEL,,,,2025-12-19
Dining Out,Thai Takeaway,Travel Card,15.78,GEL,,,,2025-12-19
Groceries,Whole Foods Market,Credit Card,7.23,EUR,,,,2025-12-19
Groceries,Whole Foods Market,Travel Card,22.45,GEL,,,,2025-12-19
Coffee,Street Coffee,Credit Card,2.27,EUR,,,,2025-12-19
Dining Out,Restaurant Le Petit,Cash Wallet,8.03,USD,,,,2025-12-19
Entertainment,Book Store,Credit Card,3.92,EUR,,,,2025-12-19
Groceries,Lidl,Credit Card,7.61,EUR,,,,2025-12-19
Dining Out,Burger Joint,Travel Card,18.78,GEL,,,,2025-12-19
Shopping,Bookshop,Checking Account,21.81,USD,,,,2025-12-19
Shopping,Amazon Order,Checking Account,14.30,USD,,,,2025-12-19
Entertainment,Concert Tickets,Credit Card,6.42,EUR,,,,2025-12-19
Coffee,Street Coffee,Checking Account,2.57,USD,,,,2025-12-19
,Transfer to Savings,Checking Account,1350.72,USD,Cash Wallet,1350.72,USD,2025-12-19
,Top-up Travel Card,Checking Account,412.81,USD,Cash Wallet,412.81,USD,2025-12-19
Groceries,Aldi,Cash Wallet,9.65,USD,,,,2025-12-20
Coffee,Latte To Go,Checking Account,2.98,USD,,,,2025-12-20
Groceries,Whole Foods Market,Checking Account,8.91,USD,,,,2025-12-20
Groceries,Carrefour,Cash Wallet,12.66,USD,,,,2025-12-20
Dining Out,Bistro du Coin,Credit Card,5.21,EUR,,,,2025-12-20
Transport,Fuel Station,Credit Card,7.09,EUR,,,,2025-12-20
Entertainment,Spotify Subscription,Travel Card,14.98,GEL,,,,2025-12-20
Coffee,Latte To Go,Travel Card,8.89,GEL,,,,2025-12-20
Groceries,Local Green Market,Credit Card,13.25,EUR,,,,2025-12-20
Coffee,Street Coffee,Checking Account,4.13,USD,,,,2025-12-20
Transport,Fuel Station,Cash Wallet,6.38,USD,,,,2025-12-20
Dining Out,Pizzeria Bella,Credit Card,11.81,EUR,,,,2025-12-20
Healthcare,Optician,Checking Account,15.81,USD,,,,2025-12-20
Groceries,Neighborhood Market,Cash Wallet,12.41,USD,,,,2025-12-20
Dining Out,Bistro du Coin,Checking Account,6.59,USD,,,,2025-12-20
Dining Out,Restaurant Le Petit,Checking Account,8.14,USD,,,,2025-12-20
Travel,Hotel Stay,Credit Card,49.94,EUR,,,,2025-12-20
,Transfer to Savings,Travel Card,2277.29,GEL,Cash Wallet,843.44,USD,2025-12-20
,Transfer to Savings,Cash Wallet,1462.66,USD,Credit Card,1345.65,EUR,2025-12-20
Shopping,Bookshop,Credit Card,18.29,EUR,,,,2025-12-21
Coffee,Espresso Bar,Credit Card,2.39,EUR,,,,2025-12-21
Shopping,Amazon Order,Credit Card,15.43,EUR,,,,2025-12-21
Coffee,Street Coffee,Cash Wallet,4.20,USD,,,,2025-12-21
Travel,Airbnb Stay,Checking Account,62.64,USD,,,,2025-12-21
Dining Out,Bistro du Coin,Credit Card,4.43,EUR,,,,2025-12-21
Coffee,Cafe Mocha,Cash Wallet,3.20,USD,,,,2025-12-21
Coffee,Espresso Bar,Travel Card,7.84,GEL,,,,2025-12-21
Entertainment,Concert Tickets,Checking Account,6.41,USD,,,,2025-12-21
Coffee,Morning Coffee,Savings Account,2.49,EUR,,,,2025-12-21
Coffee,Street Coffee,Checking Account,2.83,USD,,,,2025-12-21
Entertainment,Spotify Subscription,Cash Wallet,10.57,USD,,,,2025-12-21
Dining Out,Bistro du Coin,Cash Wallet,5.56,USD,,,,2025-12-21
Dining Out,Restaurant Le Petit,Credit Card,6.20,EUR,,,,2025-12-21
Dining Out,Pizzeria Bella,Checking Account,12.99,USD,,,,2025-12-21
Transport,Fuel Station,Checking Account,5.75,USD,,,,2025-12-21
Groceries,Neighborhood Market,Checking Account,14.64,USD,,,,2025-12-21
Dining Out,Burger Joint,Credit Card,3.64,EUR,,,,2025-12-21
Transport,Ride Share,Cash Wallet,5.14,USD,,,,2025-12-21
Transport,Bus Pass,Checking Account,5.51,USD,,,,2025-12-21
Groceries,Trader Joe's,Cash Wallet,7.89,USD,,,,2025-12-21
Utilities,Water Utility,Checking Account,13.11,USD,,,,2025-12-21
Transport,Taxi,Cash Wallet,8.07,USD,,,,2025-12-21
,Credit Card Payment,Cash Wallet,171.02,USD,Checking Account,171.02,USD,2025-12-21
,Cash Withdrawal,Cash Wallet,921.29,USD,Credit Card,847.59,EUR,2025-12-21
,Savings Deposit,Travel Card,1660.11,GEL,Credit Card,565.67,EUR,2025-12-21
,Savings Deposit,Cash Wallet,735.12,USD,Checking Account,735.12,USD,2025-12-21
,Top-up Travel Card,Travel Card,3307.36,GEL,Savings Account,1126.95,EUR,2025-12-21
,Top-up Travel Card,Credit Card,343.27,EUR,Checking Account,373.12,USD,2025-12-21
,Credit Card Payment,Cash Wallet,1428.22,USD,Savings Account,1313.96,EUR,2025-12-21
,Transfer to Savings,Travel Card,1516.60,GEL,Credit Card,516.77,EUR,2025-12-21
Groceries,Carrefour,Credit Card,5.26,EUR,,,,2025-12-22
Utilities,Internet Provider,Travel Card,90.37,GEL,,,,2025-12-22
Transport,Fuel Station,Cash Wallet,6.66,USD,,,,2025-12-22
Transport,Train Ticket,Travel Card,11.03,GEL,,,,2025-12-22
Entertainment,Spotify Subscription,Cash Wallet,8.99,USD,,,,2025-12-22
Groceries,Carrefour,Checking Account,11.81,USD,,,,2025-12-22
Groceries,Carrefour,Cash Wallet,6.05,USD,,,,2025-12-22
Dining Out,Burger Joint,Credit Card,9.30,EUR,,,,2025-12-22
Shopping,Amazon Order,Cash Wallet,22.71,USD,,,,2025-12-22
Coffee,Street Coffee,Cash Wallet,2.08,USD,,,,2025-12-22
Dining Out,Pizzeria Bella,Cash Wallet,13.14,USD,,,,2025-12-22
Healthcare,Doctor Visit,Credit Card,5.48,EUR,,,,2025-12-22
Entertainment,Steam Game,Cash Wallet,7.82,USD,,,,2025-12-22
Coffee,Espresso Bar,Cash Wallet,3.52,USD,,,,2025-12-22
Entertainment,Cinema Tickets,Credit Card,6.10,EUR,,,,2025-12-22
Shopping,Furniture Store,Credit Card,16.87,EUR,,,,2025-12-22
,Cash Withdrawal,Checking Account,210.54,USD,Credit Card,193.70,EUR,2025-12-22
,Credit Card Payment,Checking Account,1421.28,USD,Savings Account,1307.58,EUR,2025-12-22
Coffee,Espresso Bar,Cash Wallet,3.83,USD,,,,2025-12-23
Dining Out,Coffee Shop,Checking Account,6.80,USD,,,,2025-12-23
Transport,Train Ticket,Checking Account,6.58,USD,,,,2025-12-23
Transport,Ride Share,Cash Wallet,3.83,USD,,,,2025-12-23
Coffee,Latte To Go,Checking Account,3.22,USD,,,,2025-12-23
Dining Out,Restaurant Le Petit,Credit Card,11.45,EUR,,,,2025-12-23
Entertainment,Concert Tickets,Cash Wallet,4.83,USD,,,,2025-12-23
Groceries,Trader Joe's,Cash Wallet,5.60,USD,,,,2025-12-23
Groceries,Neighborhood Market,Cash Wallet,6.76,USD,,,,2025-12-23
Groceries,Lidl,Checking Account,14.07,USD,,,,2025-12-23
,Transfer to Savings,Checking Account,1164.31,USD,Cash Wallet,1164.31,USD,2025-12-23
,Credit Card Payment,Savings Account,1235.11,EUR,Checking Account,1342.52,USD,2025-12-23
,Savings Deposit,Travel Card,818.29,GEL,Savings Account,278.82,EUR,2025-12-23
,Cash Withdrawal,Cash Wallet,522.12,USD,Credit Card,480.35,EUR,2025-12-23
Dining Out,Sushi Bar,Checking Account,7.23,USD,,,,2025-12-24
Dining Out,Pizzeria Bella,Cash Wallet,5.95,USD,,,,2025-12-24
Dining Out,Coffee Shop,Checking Account,9.83,USD,,,,2025-12-24
Groceries,Aldi,Savings Account,6.04,EUR,,,,2025-12-24
Groceries,Local Green Market,Cash Wallet,10.92,USD,,,,2025-12-24
Coffee,Street Coffee,Cash Wallet,3.55,USD,,,,2025-12-24
Groceries,Neighborhood Market,Checking Account,6.41,USD,,,,2025-12-24
Entertainment,Book Store,Checking Account,2.91,USD,,,,2025-12-24
Entertainment,Book Store,Credit Card,4.07,EUR,,,,2025-12-24
Coffee,Morning Coffee,Travel Card,12.00,GEL,,,,2025-12-24
Coffee,Espresso Bar,Credit Card,2.64,EUR,,,,2025-12-24
Transport,Ride Share,Cash Wallet,6.79,USD,,,,2025-12-24
,Savings Deposit,Cash Wallet,333.13,USD,Credit Card,306.48,EUR,2025-12-24
,Cash Withdrawal,Credit Card,1300.96,EUR,Savings Account,1300.96,EUR,2025-12-24
,Credit Card Payment,Savings Account,1090.84,EUR,Credit Card,1090.84,EUR,2025-12-24
,Transfer to Savings,Travel Card,3066.39,GEL,Checking Account,1135.70,USD,2025-12-24
Shopping,Bookshop,Travel Card,20.39,GEL,,,,2025-12-25
Transport,Ride Share,Checking Account,5.71,USD,,,,2025-12-25
Transport,Taxi,Checking Account,5.39,USD,,,,2025-12-25
Groceries,Whole Foods Market,Credit Card,13.67,EUR,,,,2025-12-25
Groceries,Carrefour,Savings Account,8.50,EUR,,,,2025-12-25
Coffee,Morning Coffee,Credit Card,2.58,EUR,,,,2025-12-25
Transport,Ride Share,Cash Wallet,5.47,USD,,,,2025-12-25
Groceries,Aldi,Checking Account,8.34,USD,,,,2025-12-25
Dining Out,Restaurant Le Petit,Checking Account,5.11,USD,,,,2025-12-25
Travel,Travel Insurance,Checking Account,108.32,USD,,,,2025-12-25
Travel,Car Rental,Checking Account,78.92,USD,,,,2025-12-25
Dining Out,Thai Takeaway,Travel Card,26.07,GEL,,,,2025-12-25
Utilities,Internet Provider,Cash Wallet,19.27,USD,,,,2025-12-25
Groceries,Lidl,Cash Wallet,9.41,USD,,,,2025-12-25
,Credit Card Payment,Savings Account,298.08,EUR,Travel Card,874.81,GEL,2025-12-25
,Transfer to Savings,Travel Card,308.38,GEL,Checking Account,114.21,USD,2025-12-25
,Credit Card Payment,Savings Account,1326.30,EUR,Travel Card,3892.41,GEL,2025-12-25
,Transfer to Savings,Checking Account,1425.31,USD,Credit Card,1311.29,EUR,2025-12-25
,Savings Deposit,Checking Account,526.52,USD,Credit Card,484.40,EUR,2025-12-25
Shopping,Furniture Store,Credit Card,14.35,EUR,,,,2025-12-26
Groceries,Local Green Market,Checking Account,13.92,USD,,,,2025-12-26
Groceries,Carrefour,Checking Account,12.75,USD,,,,2025-12-26
Groceries,Whole Foods Market,Checking Account,5.99,USD,,,,2025-12-26
Groceries,Local Green Market,Savings Account,8.51,EUR,,,,2025-12-26
Dining Out,Burger Joint,Credit Card,5.26,EUR,,,,2025-12-26
Shopping,Bookshop,Checking Account,5.49,USD,,,,2025-12-26
Dining Out,Burger Joint,Cash Wallet,12.04,USD,,,,2025-12-26
Entertainment,Steam Game,Cash Wallet,5.02,USD,,,,2025-12-26
Groceries,Carrefour,Checking Account,8.14,USD,,,,2025-12-26
Groceries,Aldi,Cash Wallet,8.90,USD,,,,2025-12-26
Entertainment,Cinema Tickets,Cash Wallet,4.34,USD,,,,2025-12-26
Utilities,Gas Bill,Travel Card,65.71,GEL,,,,2025-12-26
Coffee,Latte To Go,Savings Account,1.92,EUR,,,,2025-12-26
Transport,Metro Card Top-up,Travel Card,12.43,GEL,,,,2025-12-26
Groceries,Carrefour,Cash Wallet,8.76,USD,,,,2025-12-26
Entertainment,Book Store,Travel Card,29.99,GEL,,,,2025-12-26
Coffee,Street Coffee,Checking Account,2.75,USD,,,,2025-12-26
Dining Out,Thai Takeaway,Credit Card,8.72,EUR,,,,2025-12-26
Healthcare,Dental Clinic,Cash Wallet,6.53,USD,,,,2025-12-26
Transport,Fuel Station,Checking Account,8.06,USD,,,,2025-12-26
,Top-up Travel Card,Cash Wallet,972.17,USD,Credit Card,894.39,EUR,2025-12-26
,Credit Card Payment,Credit Card,1126.40,EUR,Cash Wallet,1224.35,USD,2025-12-26
Groceries,Aldi,Credit Card,10.49,EUR,,,,2025-12-27
Groceries,Whole Foods Market,Checking Account,11.21,USD,,,,2025-12-27
Transport,Ride Share,Credit Card,7.60,EUR,,,,2025-12-27
Coffee,Latte To Go,Credit Card,3.97,EUR,,,,2025-12-27
Groceries,Neighborhood Market,Checking Account,11.44,USD,,,,2025-12-27
Coffee,Morning Coffee,Checking Account,2.46,USD,,,,2025-12-27
Coffee,Morning Coffee,Travel Card,7.24,GEL,,,,2025-12-27
Transport,Metro Card Top-up,Checking Account,5.29,USD,,,,2025-12-27
Groceries,Aldi,Cash Wallet,10.62,USD,,,,2025-12-27
Entertainment,Cinema Tickets,Checking Account,5.36,USD,,,,2025-12-27
Transport,Train Ticket,Credit Card,7.18,EUR,,,,2025-12-27
Entertainment,Steam Game,Travel Card,19.64,GEL,,,,2025-12-27
Transport,Metro Card Top-up,Credit Card,4.77,EUR,,,,2025-12-27
Transport,Metro Card Top-up,Checking Account,5.28,USD,,,,2025-12-27
Transport,Ride Share,Travel Card,21.81,GEL,,,,2025-12-27
Groceries,Aldi,Cash Wallet,9.96,USD,,,,2025-12-27
Coffee,Street Coffee,Cash Wallet,2.25,USD,,,,2025-12-27
Utilities,Phone Bill,Checking Account,29.78,USD,,,,2025-12-27
Dining Out,Restaurant Le Petit,Credit Card,4.41,EUR,,,,2025-12-27
Groceries,Carrefour,Checking Account,8.38,USD,,,,2025-12-27
Transport,Taxi,Checking Account,3.72,USD,,,,2025-12-27
Dining Out,Thai Takeaway,Credit Card,9.16,EUR,,,,2025-12-27
Dining Out,Pizzeria Bella,Savings Account,5.75,EUR,,,,2025-12-27
Dining Out,Burger Joint,Credit Card,6.15,EUR,,,,2025-12-27
,Cash Withdrawal,Cash Wallet,351.82,USD,Travel Card,949.92,GEL,2025-12-27
,Top-up Travel Card,Savings Account,1333.06,EUR,Credit Card,1333.06,EUR,2025-12-27
Shopping,Amazon Order,Travel Card,36.05,GEL,,,,2025-12-28
Healthcare,Pharmacy,Checking Account,13.90,USD,,,,2025-12-28
Coffee,Latte To Go,Credit Card,3.82,EUR,,,,2025-12-28
Dining Out,Restaurant Le Petit,Checking Account,5.55,USD,,,,2025-12-28
Transport,Metro Card Top-up,Checking Account,6.50,USD,,,,2025-12-28
Coffee,Cafe Mocha,Credit Card,3.38,EUR,,,,2025-12-28
Shopping,Clothing Store,Credit Card,20.56,EUR,,,,2025-12-28
Groceries,Neighborhood Market,Cash Wallet,11.11,USD,,,,2025-12-28
Groceries,Carrefour,Cash Wallet,13.97,USD,,,,2025-12-28
Dining Out,Bistro du Coin,Credit Card,5.11,EUR,,,,2025-12-28
Coffee,Cafe Mocha,Checking Account,2.42,USD,,,,2025-12-28
Groceries,Local Green Market,Credit Card,12.58,EUR,,,,2025-12-28
Dining Out,Sushi Bar,Cash Wallet,8.63,USD,,,,2025-12-28
Transport,Bus Pass,Credit Card,5.60,EUR,,,,2025-12-28
Entertainment,Spotify Subscription,Cash Wallet,11.42,USD,,,,2025-12-28
Entertainment,Netflix Subscription,Checking Account,8.06,USD,,,,2025-12-28
Dining Out,Thai Takeaway,Cash Wallet,9.32,USD,,,,2025-12-28
Coffee,Morning Coffee,Cash Wallet,3.05,USD,,,,2025-12-28
Coffee,Latte To Go,Cash Wallet,3.67,USD,,,,2025-12-28
Transport,Taxi,Checking Account,5.73,USD,,,,2025-12-28
Groceries,Trader Joe's,Checking Account,12.62,USD,,,,2025-12-28
Coffee,Street Coffee,Cash Wallet,2.06,USD,,,,2025-12-28
Coffee,Morning Coffee,Cash Wallet,2.06,USD,,,,2025-12-28
Shopping,Furniture Store,Travel Card,63.51,GEL,,,,2025-12-28
Coffee,Morning Coffee,Checking Account,4.65,USD,,,,2025-12-28
,Transfer to Savings,Credit Card,1309.89,EUR,Cash Wallet,1423.79,USD,2025-12-28
,Savings Deposit,Checking Account,821.95,USD,Travel Card,2219.25,GEL,2025-12-28
Groceries,Aldi,Credit Card,5.07,EUR,,,,2025-12-29
Coffee,Espresso Bar,Cash Wallet,3.73,USD,,,,2025-12-29
Transport,Metro Card Top-up,Travel Card,22.39,GEL,,,,2025-12-29
Groceries,Neighborhood Market,Checking Account,10.53,USD,,,,2025-12-29
Dining Out,Bistro du Coin,Travel Card,20.14,GEL,,,,2025-12-29
Coffee,Espresso Bar,Credit Card,3.68,EUR,,,,2025-12-29
Coffee,Latte To Go,Checking Account,2.40,USD,,,,2025-12-29
Coffee,Cafe Mocha,Cash Wallet,4.74,USD,,,,2025-12-29
Utilities,Phone Bill,Cash Wallet,33.42,USD,,,,2025-12-29
Coffee,Street Coffee,Credit Card,4.25,EUR,,,,2025-12-29
Transport,Metro Card Top-up,Credit Card,4.77,EUR,,,,2025-12-29
Transport,Train Ticket,Checking Account,2.93,USD,,,,2025-12-29
Entertainment,Concert Tickets,Checking Account,6.97,USD,,,,2025-12-29
Coffee,Latte To Go,Credit Card,4.27,EUR,,,,2025-12-29
Groceries,Trader Joe's,Credit Card,10.19,EUR,,,,2025-12-29
Entertainment,Netflix Subscription,Checking Account,8.32,USD,,,,2025-12-29
,Credit Card Payment,Credit Card,1252.74,EUR,Savings Account,1252.74,EUR,2025-12-29
,Cash Withdrawal,Travel Card,191.02,GEL,Checking Account,70.75,USD,2025-12-29
Transport,Fuel Station,Credit Card,4.82,EUR,,,,2025-12-30
Shopping,Furniture Store,Checking Account,12.67,USD,,,,2025-12-30
Coffee,Street Coffee,Checking Account,4.80,USD,,,,2025-12-30
Coffee,Espresso Bar,Credit Card,4.10,EUR,,,,2025-12-30
Groceries,Lidl,Credit Card,8.71,EUR,,,,2025-12-30
Healthcare,Pharmacy,Checking Account,10.92,USD,,,,2025-12-30
Utilities,Phone Bill,Checking Account,17.79,USD,,,,2025-12-30
Transport,Taxi,Cash Wallet,6.85,USD,,,,2025-12-30
Entertainment,Steam Game,Checking Account,6.69,USD,,,,2025-12-30
Dining Out,Restaurant Le Petit,Cash Wallet,4.35,USD,,,,2025-12-30
Coffee,Cafe Mocha,Credit Card,3.31,EUR,,,,2025-12-30
Entertainment,Book Store,Cash Wallet,8.74,USD,,,,2025-12-30
Healthcare,Pharmacy,Checking Account,11.38,USD,,,,2025-12-30
Groceries,Lidl,Travel Card,13.91,GEL,,,,2025-12-30
Transport,Taxi,Cash Wallet,6.44,USD,,,,2025-12-30
Groceries,Whole Foods Market,Cash Wallet,9.64,USD,,,,2025-12-30
,Transfer to Savings,Credit Card,337.37,EUR,Travel Card,990.09,GEL,2025-12-30
,Credit Card Payment,Credit Card,165.58,EUR,Savings Account,165.58,EUR,2025-12-30
,Cash Withdrawal,Cash Wallet,852.06,USD,Credit Card,783.89,EUR,2025-12-30
,Transfer to Savings,Cash Wallet,686.42,USD,Credit Card,631.51,EUR,2025-12-30
Dining Out,Coffee Shop,Checking Account,12.49,USD,,,,2025-12-31
Coffee,Cafe Mocha,Checking Account,3.87,USD,,,,2025-12-31
Transport,Train Ticket,Savings Account,5.21,EUR,,,,2025-12-31
Coffee,Espresso Bar,Checking Account,2.62,USD,,,,2025-12-31
Entertainment,Book Store,Credit Card,6.63,EUR,,,,2025-12-31
Coffee,Latte To Go,Cash Wallet,2.45,USD,,,,2025-12-31
Shopping,Clothing Store,Credit Card,17.93,EUR,,,,2025-12-31
Coffee,Morning Coffee,Cash Wallet,2.36,USD,,,,2025-12-31
Entertainment,Cinema Tickets,Cash Wallet,8.32,USD,,,,2025-12-31
Coffee,Morning Coffee,Credit Card,1.99,EUR,,,,2025-12-31
Utilities,Phone Bill,Cash Wallet,31.46,USD,,,,2025-12-31
Groceries,Carrefour,Credit Card,13.82,EUR,,,,2025-12-31
Coffee,Cafe Mocha,Cash Wallet,3.29,USD,,,,2025-12-31
Groceries,Whole Foods Market,Cash Wallet,14.12,USD,,,,2025-12-31
,Transfer to Savings,Cash Wallet,1185.11,USD,Credit Card,1090.30,EUR,2025-12-31
,Transfer to Savings,Travel Card,1811.58,GEL,Savings Account,617.28,EUR,2025-12-31
Healthcare,Pharmacy,Checking Account,9.39,USD,,,,2026-01-01
Transport,Taxi,Credit Card,4.13,EUR,,,,2026-01-01
Healthcare,Dental Clinic,Cash Wallet,7.50,USD,,,,2026-01-01
Transport,Fuel Station,Travel Card,8.92,GEL,,,,2026-01-01
Shopping,Clothing Store,Cash Wallet,23.99,USD,,,,2026-01-01
Entertainment,Spotify Subscription,Cash Wallet,11.28,USD,,,,2026-01-01
Dining Out,Restaurant Le Petit,Checking Account,9.41,USD,,,,2026-01-01
Dining Out,Pizzeria Bella,Credit Card,7.50,EUR,,,,2026-01-01
Groceries,Neighborhood Market,Checking Account,6.24,USD,,,,2026-01-01
Healthcare,Optician,Checking Account,6.36,USD,,,,2026-01-01
Coffee,Cafe Mocha,Cash Wallet,3.54,USD,,,,2026-01-01
Dining Out,Thai Takeaway,Checking Account,5.39,USD,,,,2026-01-01
Groceries,Lidl,Checking Account,10.71,USD,,,,2026-01-01
Dining Out,Bistro du Coin,Credit Card,7.68,EUR,,,,2026-01-01
Transport,Fuel Station,Cash Wallet,3.29,USD,,,,2026-01-01
Transport,Ride Share,Checking Account,3.08,USD,,,,2026-01-01
Utilities,Phone Bill,Cash Wallet,10.08,USD,,,,2026-01-01
,Transfer to Savings,Credit Card,873.74,EUR,Checking Account,949.72,USD,2026-01-01
,Top-up Travel Card,Travel Card,3819.92,GEL,Savings Account,1301.60,EUR,2026-01-01
Healthcare,Doctor Visit,Checking Account,16.11,USD,,,,2026-01-02
Dining Out,Thai Takeaway,Checking Account,10.74,USD,,,,2026-01-02
Healthcare,Pharmacy,Savings Account,9.49,EUR,,,,2026-01-02
Entertainment,Book Store,Credit Card,5.23,EUR,,,,2026-01-02
Utilities,Phone Bill,Cash Wallet,11.44,USD,,,,2026-01-02
Transport,Ride Share,Checking Account,3.42,USD,,,,2026-01-02
Groceries,Carrefour,Travel Card,14.99,GEL,,,,2026-01-02
Transport,Fuel Station,Cash Wallet,2.68,USD,,,,2026-01-02
Dining Out,Restaurant Le Petit,Checking Account,8.94,USD,,,,2026-01-02
Coffee,Espresso Bar,Cash Wallet,4.60,USD,,,,2026-01-02
Shopping,Electronics Store,Savings Account,12.77,EUR,,,,2026-01-02
Healthcare,Optician,Checking Account,17.02,USD,,,,2026-01-02
Coffee,Cafe Mocha,Checking Account,4.47,USD,,,,2026-01-02
Groceries,Lidl,Credit Card,12.16,EUR,,,,2026-01-02
Entertainment,Book Store,Cash Wallet,3.30,USD,,,,2026-01-02
Groceries,Trader Joe's,Checking Account,12.46,USD,,,,2026-01-02
,Transfer to Savings,Savings Account,607.05,EUR,Credit Card,607.05,EUR,2026-01-02
,Credit Card Payment,Travel Card,1383.40,GEL,Cash Wallet,512.37,USD,2026-01-02
,Cash Withdrawal,Savings Account,580.09,EUR,Checking Account,630.53,USD,2026-01-02
Shopping,Clothing Store,Cash Wallet,7.07,USD,,,,2026-01-03
Coffee,Cafe Mocha,Credit Card,2.67,EUR,,,,2026-01-03
Groceries,Carrefour,Checking Account,15.28,USD,,,,2026-01-03
Dining Out,Bistro du Coin,Cash Wallet,4.99,USD,,,,2026-01-03
Groceries,Whole Foods Market,Checking Account,5.02,USD,,,,2026-01-03
Shopping,Amazon Order,Checking Account,9.83,USD,,,,2026-01-03
Coffee,Morning Coffee,Checking Account,3.30,USD,,,,2026-01-03
Shopping,Furniture Store,Credit Card,15.09,EUR,,,,2026-01-03
Transport,Metro Card Top-up,Travel Card,8.64,GEL,,,,2026-01-03
Utilities,Phone Bill,Cash Wallet,24.77,USD,,,,2026-01-03
Coffee,Latte To Go,Checking Account,3.23,USD,,,,2026-01-03
Coffee,Morning Coffee,Cash Wallet,4.55,USD,,,,2026-01-03
Dining Out,Pizzeria Bella,Credit Card,5.45,EUR,,,,2026-01-03
Utilities,Electric Bill,Checking Account,21.42,USD,,,,2026-01-03
,Cash Withdrawal,Credit Card,588.25,EUR,Savings Account,588.25,EUR,2026-01-03
Transport,Train Ticket,Checking Account,6.37,USD,,,,2026-01-04
Transport,Taxi,Cash Wallet,8.66,USD,,,,2026-01-04
Transport,Train Ticket,Credit Card,7.66,EUR,,,,2026-01-04
Utilities,Electric Bill,Cash Wallet,13.80,USD,,,,2026-01-04
Shopping,Electronics Store,Travel Card,52.19,GEL,,,,2026-01-04
Coffee,Street Coffee,Cash Wallet,2.38,USD,,,,2026-01-04
Transport,Taxi,Checking Account,5.48,USD,,,,2026-01-04
Coffee,Morning Coffee,Checking Account,4.52,USD,,,,2026-01-04
Dining Out,Bistro du Coin,Savings Account,9.06,EUR,,,,2026-01-04
Coffee,Cafe Mocha,Credit Card,2.48,EUR,,,,2026-01-04
Transport,Fuel Station,Cash Wallet,2.34,USD,,,,2026-01-04
Coffee,Street Coffee,Checking Account,4.74,USD,,,,2026-01-04
Transport,Taxi,Credit Card,2.83,EUR,,,,2026-01-04
Utilities,Water Utility,Credit Card,30.19,EUR,,,,2026-01-04
Groceries,Neighborhood Market,Checking Account,4.90,USD,,,,2026-01-04
,Transfer to Savings,Credit Card,108.24,EUR,Cash Wallet,117.65,USD,2026-01-04
,Credit Card Payment,Savings Account,1040.06,EUR,Travel Card,3052.35,GEL,2026-01-04
,Savings Deposit,Travel Card,3821.77,GEL,Savings Account,1302.23,EUR,2026-01-04
Dining Out,Restaurant Le Petit,Checking Account,8.25,USD,,,,2026-01-05
Transport,Metro Card Top-up,Credit Card,4.02,EUR,,,,2026-01-05
Coffee,Morning Coffee,Cash Wallet,2.86,USD,,,,2026-01-05
Shopping,Bookshop,Cash Wallet,20.06,USD,,,,2026-01-05
Dining Out,Sushi Bar,Savings Account,5.40,EUR,,,,2026-01-05
Groceries,Carrefour,Cash Wallet,4.90,USD,,,,2026-01-05
Entertainment,Netflix Subscription,Checking Account,6.89,USD,,,,2026-01-05
Dining Out,Pizzeria Bella,Credit Card,7.77,EUR,,,,2026-01-05
Transport,Metro Card Top-up,Credit Card,7.42,EUR,,,,2026-01-05
Groceries,Local Green Market,Cash Wallet,9.33,USD,,,,2026-01-05
Healthcare,Dental Clinic,Credit Card,15.82,EUR,,,,2026-01-05
Coffee,Espresso Bar,Checking Account,4.21,USD,,,,2026-01-05
Healthcare,Doctor Visit,Cash Wallet,15.94,USD,,,,2026-01-05
Transport,Fuel Station,Travel Card,7.17,GEL,,,,2026-01-05
Coffee,Morning Coffee,Cash Wallet,2.99,USD,,,,2026-01-05
,Savings Deposit,Travel Card,2970.89,GEL,Credit Card,1012.30,EUR,2026-01-05
,Top-up Travel Card,Travel Card,511.47,GEL,Savings Account,174.28,EUR,2026-01-05
,Credit Card Payment,Cash Wallet,517.25,USD,Credit Card,475.87,EUR,2026-01-05
Transport,Ride Share,Travel Card,20.77,GEL,,,,2026-01-06
Dining Out,Coffee Shop,Checking Account,12.39,USD,,,,2026-01-06
Entertainment,Steam Game,Cash Wallet,3.49,USD,,,,2026-01-06
Coffee,Espresso Bar,Credit Card,2.09,EUR,,,,2026-01-06
Travel,Flight Booking,Travel Card,237.16,GEL,,,,2026-01-06
Coffee,Latte To Go,Cash Wallet,4.23,USD,,,,2026-01-06
Dining Out,Burger Joint,Cash Wallet,4.94,USD,,,,2026-01-06
Groceries,Local Green Market,Cash Wallet,6.92,USD,,,,2026-01-06
Coffee,Cafe Mocha,Cash Wallet,2.34,USD,,,,2026-01-06
Shopping,Furniture Store,Credit Card,8.03,EUR,,,,2026-01-06
Groceries,Neighborhood Market,Credit Card,8.29,EUR,,,,2026-01-06
Utilities,Internet Provider,Cash Wallet,29.79,USD,,,,2026-01-06
,Credit Card Payment,Savings Account,636.00,EUR,Checking Account,691.30,USD,2026-01-06
Dining Out,Bistro du Coin,Checking Account,9.51,USD,,,,2026-01-07
Groceries,Lidl,Cash Wallet,13.72,USD,,,,2026-01-07
Coffee,Street Coffee,Checking Account,2.66,USD,,,,2026-01-07
Coffee,Street Coffee,Checking Account,4.56,USD,,,,2026-01-07
Coffee,Street Coffee,Credit Card,1.86,EUR,,,,2026-01-07
Shopping,Amazon Order,Checking Account,18.20,USD,,,,2026-01-07
Groceries,Neighborhood Market,Cash Wallet,8.12,USD,,,,2026-01-07
Healthcare,Pharmacy,Checking Account,11.14,USD,,,,2026-01-07
Coffee,Morning Coffee,Savings Account,2.01,EUR,,,,2026-01-07
Coffee,Latte To Go,Savings Account,3.07,EUR,,,,2026-01-07
Groceries,Aldi,Credit Card,10.65,EUR,,,,2026-01-07
Entertainment,Steam Game,Travel Card,27.04,GEL,,,,2026-01-07
Coffee,Street Coffee,Credit Card,2.20,EUR,,,,2026-01-07
Entertainment,Book Store,Credit Card,4.33,EUR,,,,2026-01-07
,Transfer to Savings,Credit Card,102.29,EUR,Travel Card,300.20,GEL,2026-01-07
Transport,Ride Share,Credit Card,7.40,EUR,,,,2026-01-08
Dining Out,Pizzeria Bella,Checking Account,10.11,USD,,,,2026-01-08
Dining Out,Thai Takeaway,Cash Wallet,5.37,USD,,,,2026-01-08
Healthcare,Doctor Visit,Credit Card,4.76,EUR,,,,2026-01-08
Entertainment,Spotify Subscription,Cash Wallet,3.46,USD,,,,2026-01-08
Groceries,Aldi,Savings Account,9.22,EUR,,,,2026-01-08
Transport,Train Ticket,Cash Wallet,8.31,USD,,,,2026-01-08
Dining Out,Pizzeria Bella,Checking Account,10.99,USD,,,,2026-01-08
Healthcare,Doctor Visit,Cash Wallet,8.15,USD,,,,2026-01-08
Shopping,Bookshop,Cash Wallet,15.13,USD,,,,2026-01-08
Groceries,Trader Joe's,Cash Wallet,5.46,USD,,,,2026-01-08
Entertainment,Cinema Tickets,Cash Wallet,9.70,USD,,,,2026-01-08
Transport,Fuel Station,Travel Card,20.46,GEL,,,,2026-01-08
Coffee,Cafe Mocha,Credit Card,2.19,EUR,,,,2026-01-08
,Transfer to Savings,Cash Wallet,1493.55,USD,Savings Account,1374.06,EUR,2026-01-08
,Savings Deposit,Credit Card,189.20,EUR,Checking Account,205.66,USD,2026-01-08
,Savings Deposit,Savings Account,1018.90,EUR,Cash Wallet,1107.50,USD,2026-01-08
Dining Out,Thai Takeaway,Cash Wallet,7.19,USD,,,,2026-01-09
Groceries,Lidl,Checking Account,5.82,USD,,,,2026-01-09
Coffee,Cafe Mocha,Cash Wallet,3.96,USD,,,,2026-01-09
Groceries,Trader Joe's,Savings Account,6.93,EUR,,,,2026-01-09
Utilities,Electric Bill,Checking Account,8.01,USD,,,,2026-01-09
Groceries,Carrefour,Cash Wallet,12.41,USD,,,,2026-01-09
Groceries,Trader Joe's,Cash Wallet,10.12,USD,,,,2026-01-09
Entertainment,Spotify Subscription,Savings Account,9.80,EUR,,,,2026-01-09
Coffee,Espresso Bar,Travel Card,6.54,GEL,,,,2026-01-09
Entertainment,Steam Game,Credit Card,5.13,EUR,,,,2026-01-09
Shopping,Bookshop,Checking Account,7.73,USD,,,,2026-01-09
Entertainment,Spotify Subscription,Credit Card,8.80,EUR,,,,2026-01-09
Coffee,Latte To Go,Credit Card,3.27,EUR,,,,2026-01-09
Groceries,Lidl,Cash Wallet,12.36,USD,,,,2026-01-09
Dining Out,Burger Joint,Travel Card,34.37,GEL,,,,2026-01-09
Dining Out,Bistro du Coin,Cash Wallet,5.01,USD,,,,2026-01-09
Dining Out,Thai Takeaway,Cash Wallet,4.98,USD,,,,2026-01-09
Dining Out,Restaurant Le Petit,Checking Account,5.73,USD,,,,2026-01-09
Coffee,Morning Coffee,Checking Account,2.23,USD,,,,2026-01-09
,Credit Card Payment,Checking Account,182.18,USD,Savings Account,167.60,EUR,2026-01-09
,Savings Deposit,Cash Wallet,606.20,USD,Checking Account,606.20,USD,2026-01-09
,Top-up Travel Card,Checking Account,1113.48,USD,Savings Account,1024.40,EUR,2026-01-09
Coffee,Morning Coffee,Cash Wallet,4.29,USD,,,,2026-01-10
Shopping,Electronics Store,Cash Wallet,11.42,USD,,,,2026-01-10
Transport,Taxi,Checking Account,2.84,USD,,,,2026-01-10
Coffee,Latte To Go,Checking Account,4.02,USD,,,,2026-01-10
Entertainment,Steam Game,Cash Wallet,9.06,USD,,,,2026-01-10
Shopping,Electronics Store,Checking Account,23.46,USD,,,,2026-01-10
Travel,Car Rental,Credit Card,44.96,EUR,,,,2026-01-10
Groceries,Whole Foods Market,Credit Card,8.54,EUR,,,,2026-01-10
Entertainment,Book Store,Checking Account,10.71,USD,,,,2026-01-10
Entertainment,Steam Game,Cash Wallet,7.14,USD,,,,2026-01-10
Dining Out,Coffee Shop,Checking Account,5.91,USD,,,,2026-01-10
Groceries,Trader Joe's,Cash Wallet,8.35,USD,,,,2026-01-10
Groceries,Whole Foods Market,Cash Wallet,15.01,USD,,,,2026-01-10
Utilities,Electric Bill,Savings Account,23.90,EUR,,,,2026-01-10
Coffee,Morning Coffee,Checking Account,2.04,USD,,,,2026-01-10
Salary,Payroll Deposit,,,,Checking Account,1521.67,USD,2026-01-10
,Savings Deposit,Cash Wallet,1176.29,USD,Travel Card,3175.98,GEL,2026-01-10
Groceries,Carrefour,Cash Wallet,5.59,USD,,,,2026-01-11
Groceries,Neighborhood Market,Credit Card,5.42,EUR,,,,2026-01-11
Entertainment,Netflix Subscription,Cash Wallet,10.52,USD,,,,2026-01-11
Transport,Train Ticket,Cash Wallet,2.82,USD,,,,2026-01-11
Dining Out,Pizzeria Bella,Travel Card,27.75,GEL,,,,2026-01-11
Coffee,Morning Coffee,Credit Card,1.94,EUR,,,,2026-01-11
Dining Out,Bistro du Coin,Travel Card,13.78,GEL,,,,2026-01-11
Dining Out,Bistro du Coin,Checking Account,12.16,USD,,,,2026-01-11
Transport,Ride Share,Cash Wallet,6.64,USD,,,,2026-01-11
Shopping,Amazon Order,Travel Card,22.64,GEL,,,,2026-01-11
Transport,Ride Share,Cash Wallet,8.35,USD,,,,2026-01-11
Transport,Bus Pass,Cash Wallet,6.03,USD,,,,2026-01-11
Coffee,Cafe Mocha,Checking Account,3.06,USD,,,,2026-01-11
Groceries,Neighborhood Market,Cash Wallet,8.47,USD,,,,2026-01-11
Dining Out,Bistro du Coin,Checking Account,5.99,USD,,,,2026-01-11
Coffee,Street Coffee,Checking Account,4.26,USD,,,,2026-01-11
Shopping,Furniture Store,Cash Wallet,6.20,USD,,,,2026-01-11
Coffee,Latte To Go,Travel Card,5.33,GEL,,,,2026-01-11
Groceries,Whole Foods Market,Cash Wallet,7.08,USD,,,,2026-01-11
Dining Out,Coffee Shop,Checking Account,7.64,USD,,,,2026-01-11
,Savings Deposit,Travel Card,1866.07,GEL,Checking Account,691.14,USD,2026-01-11
Coffee,Morning Coffee,Cash Wallet,4.46,USD,,,,2026-01-12
Dining Out,Sushi Bar,Cash Wallet,4.55,USD,,,,2026-01-12
Groceries,Trader Joe's,Cash Wallet,7.81,USD,,,,2026-01-12
Coffee,Latte To Go,Cash Wallet,3.62,USD,,,,2026-01-12
Entertainment,Netflix Subscription,Credit Card,5.76,EUR,,,,2026-01-12
Groceries,Trader Joe's,Cash Wallet,11.19,USD,,,,2026-01-12
Transport,Metro Card Top-up,Checking Account,7.69,USD,,,,2026-01-12
Shopping,Furniture Store,Credit Card,4.55,EUR,,,,2026-01-12
Coffee,Morning Coffee,Checking Account,3.02,USD,,,,2026-01-12
Groceries,Local Green Market,Travel Card,37.44,GEL,,,,2026-01-12
Coffee,Espresso Bar,Checking Account,2.73,USD,,,,2026-01-12
Entertainment,Concert Tickets,Cash Wallet,8.22,USD,,,,2026-01-12
,Credit Card Payment,Checking Account,588.48,USD,Cash Wallet,588.48,USD,2026-01-12
,Cash Withdrawal,Checking Account,355.43,USD,Savings Account,327.00,EUR,2026-01-12
,Savings Deposit,Cash Wallet,1379.44,USD,Travel Card,3724.49,GEL,2026-01-12
,Cash Withdrawal,Credit Card,1314.46,EUR,Checking Account,1428.76,USD,2026-01-12
Transport,Ride Share,Travel Card,22.31,GEL,,,,2026-01-13
Coffee,Street Coffee,Cash Wallet,4.66,USD,,,,2026-01-13
Coffee,Morning Coffee,Savings Account,2.93,EUR,,,,2026-01-13
Entertainment,Book Store,Checking Account,5.54,USD,,,,2026-01-13
Coffee,Morning Coffee,Checking Account,2.07,USD,,,,2026-01-13
Groceries,Neighborhood Market,Checking Account,7.66,USD,,,,2026-01-13
Coffee,Morning Coffee,Checking Account,2.50,USD,,,,2026-01-13
Entertainment,Spotify Subscription,Cash Wallet,7.13,USD,,,,2026-01-13
Coffee,Street Coffee,Credit Card,2.31,EUR,,,,2026-01-13
Coffee,Street Coffee,Checking Account,3.38,USD,,,,2026-01-13
,Savings Deposit,Travel Card,1624.70,GEL,Savings Account,553.60,EUR,2026-01-13
,Savings Deposit,Savings Account,69.97,EUR,Cash Wallet,76.06,USD,2026-01-13
,Credit Card Payment,Cash Wallet,762.68,USD,Checking Account,762.68,USD,2026-01-13
,Credit Card Payment,Cash Wallet,623.20,USD,Savings Account,573.35,EUR,2026-01-13
,Savings Deposit,Cash Wallet,814.51,USD,Travel Card,2199.17,GEL,2026-01-13
Entertainment,Concert Tickets,Cash Wallet,9.42,USD,,,,2026-01-14
Entertainment,Spotify Subscription,Checking Account,5.11,USD,,,,2026-01-14
Groceries,Neighborhood Market,Checking Account,14.03,USD,,,,2026-01-14
Coffee,Cafe Mocha,Checking Account,2.87,USD,,,,2026-01-14
Entertainment,Netflix Subscription,Cash Wallet,6.60,USD,,,,2026-01-14
Dining Out,Sushi Bar,Checking Account,13.36,USD,,,,2026-01-14
Utilities,Water Utility,Cash Wallet,24.57,USD,,,,2026-01-14
Shopping,Electronics Store,Credit Card,8.17,EUR,,,,2026-01-14
Transport,Taxi,Credit Card,4.18,EUR,,,,2026-01-14
Dining Out,Restaurant Le Petit,Credit Card,10.49,EUR,,,,2026-01-14
Healthcare,Doctor Visit,Savings Account,17.24,EUR,,,,2026-01-15
Transport,Bus Pass,Checking Account,6.63,USD,,,,2026-01-15
Healthcare,Dental Clinic,Checking Account,13.42,USD,,,,2026-01-15
Coffee,Street Coffee,Travel Card,6.52,GEL,,,,2026-01-15
Transport,Bus Pass,Savings Account,7.36,EUR,,,,2026-01-15
Coffee,Street Coffee,Travel Card,8.47,GEL,,,,2026-01-15
Coffee,Street Coffee,Checking Account,2.68,USD,,,,2026-01-15
Groceries,Aldi,Cash Wallet,10.58,USD,,,,2026-01-15
Transport,Ride Share,Credit Card,6.84,EUR,,,,2026-01-15
Transport,Bus Pass,Credit Card,4.28,EUR,,,,2026-01-15
Groceries,Neighborhood Market,Cash Wallet,12.30,USD,,,,2026-01-15
Dining Out,Bistro du Coin,Checking Account,10.28,USD,,,,2026-01-15
Coffee,Latte To Go,Credit Card,2.38,EUR,,,,2026-01-15
Groceries,Lidl,Credit Card,6.10,EUR,,,,2026-01-15
Groceries,Aldi,Checking Account,11.25,USD,,,,2026-01-15
Dining Out,Bistro du Coin,Credit Card,11.10,EUR,,,,2026-01-15
Utilities,Gas Bill,Credit Card,29.47,EUR,,,,2026-01-15
Dining Out,Pizzeria Bella,Checking Account,8.88,USD,,,,2026-01-15
,Transfer to Savings,Cash Wallet,896.01,USD,Savings Account,824.33,EUR,2026-01-15
Transport,Train Ticket,Checking Account,2.75,USD,,,,2026-01-16
Groceries,Neighborhood Market,Credit Card,11.33,EUR,,,,2026-01-16
Coffee,Morning Coffee,Cash Wallet,2.16,USD,,,,2026-01-16
Dining Out,Thai Takeaway,Credit Card,6.77,EUR,,,,2026-01-16
Groceries,Lidl,Credit Card,4.82,EUR,,,,2026-01-16
Coffee,Latte To Go,Travel Card,6.96,GEL,,,,2026-01-16
Shopping,Clothing Store,Credit Card,21.10,EUR,,,,2026-01-16
Shopping,Clothing Store,Credit Card,15.26,EUR,,,,2026-01-16
Entertainment,Spotify Subscription,Credit Card,3.02,EUR,,,,2026-01-16
Coffee,Street Coffee,Credit Card,2.08,EUR,,,,2026-01-16
,Top-up Travel Card,Credit Card,791.92,EUR,Checking Account,860.78,USD,2026-01-16
Groceries,Neighborhood Market,Credit Card,12.40,EUR,,,,2026-01-17
Coffee,Street Coffee,Cash Wallet,3.45,USD,,,,2026-01-17
Dining Out,Restaurant Le Petit,Cash Wallet,5.90,USD,,,,2026-01-17
Groceries,Neighborhood Market,Credit Card,9.99,EUR,,,,2026-01-17
Coffee,Street Coffee,Credit Card,3.47,EUR,,,,2026-01-17
Coffee,Latte To Go,Credit Card,2.41,EUR,,,,2026-01-17
Entertainment,Steam Game,Travel Card,20.73,GEL,,,,2026-01-17
Transport,Ride Share,Checking Account,1.96,USD,,,,2026-01-17
Coffee,Espresso Bar,Cash Wallet,3.81,USD,,,,2026-01-17
Groceries,Local Green Market,Checking Account,6.14,USD,,,,2026-01-17
Transport,Bus Pass,Cash Wallet,2.71,USD,,,,2026-01-17
Dining Out,Sushi Bar,Checking Account,5.05,USD,,,,2026-01-17
Entertainment,Book Store,Cash Wallet,9.36,USD,,,,2026-01-17
Coffee,Latte To Go,Checking Account,4.62,USD,,,,2026-01-17
Coffee,Street Coffee,Cash Wallet,4.39,USD,,,,2026-01-17
Entertainment,Netflix Subscription,Cash Wallet,6.76,USD,,,,2026-01-17
Dining Out,Restaurant Le Petit,Checking Account,5.46,USD,,,,2026-01-17
,Cash Withdrawal,Travel Card,2076.52,GEL,Savings Account,707.55,EUR,2026-01-17
,Transfer to Savings,Travel Card,3752.59,GEL,Checking Account,1389.85,USD,2026-01-17
Groceries,Lidl,Cash Wallet,10.50,USD,,,,2026-01-18
Groceries,Whole Foods Market,Credit Card,12.13,EUR,,,,2026-01-18
Shopping,Amazon Order,Cash Wallet,9.84,USD,,,,2026-01-18
Groceries,Local Green Market,Cash Wallet,5.78,USD,,,,2026-01-18
Healthcare,Optician,Cash Wallet,5.28,USD,,,,2026-01-18
Transport,Metro Card Top-up,Travel Card,6.31,GEL,,,,2026-01-18
Dining Out,Bistro du Coin,Cash Wallet,4.23,USD,,,,2026-01-18
Groceries,Neighborhood Market,Cash Wallet,9.85,USD,,,,2026-01-18
Entertainment,Spotify Subscription,Cash Wallet,4.67,USD,,,,2026-01-18
Entertainment,Concert Tickets,Credit Card,2.84,EUR,,,,2026-01-18
Dining Out,Thai Takeaway,Travel Card,27.18,GEL,,,,2026-01-18
Dining Out,Coffee Shop,Checking Account,7.51,USD,,,,2026-01-18
Entertainment,Netflix Subscription,Checking Account,10.37,USD,,,,2026-01-18
Dining Out,Thai Takeaway,Checking Account,13.25,USD,,,,2026-01-18
Dining Out,Bistro du Coin,Checking Account,9.93,USD,,,,2026-01-18
Groceries,Lidl,Credit Card,4.86,EUR,,,,2026-01-18
Shopping,Furniture Store,Cash Wallet,19.48,USD,,,,2026-01-18
Coffee,Espresso Bar,Checking Account,3.99,USD,,,,2026-01-18
,Savings Deposit,Credit Card,479.38,EUR,Cash Wallet,521.06,USD,2026-01-18
,Transfer to Savings,Credit Card,583.04,EUR,Cash Wallet,633.74,USD,2026-01-18
,Transfer to Savings,Checking Account,1463.24,USD,Cash Wallet,1463.24,USD,2026-01-18
,Cash Withdrawal,Credit Card,304.45,EUR,Travel Card,893.49,GEL,2026-01-18
Healthcare,Dental Clinic,Travel Card,19.07,GEL,,,,2026-01-19
Entertainment,Concert Tickets,Credit Card,8.13,EUR,,,,2026-01-19
Healthcare,Doctor Visit,Savings Account,5.65,EUR,,,,2026-01-19
Groceries,Carrefour,Savings Account,5.98,EUR,,,,2026-01-19
Coffee,Morning Coffee,Travel Card,6.20,GEL,,,,2026-01-19
Transport,Bus Pass,Cash Wallet,3.23,USD,,,,2026-01-19
Groceries,Aldi,Credit Card,10.01,EUR,,,,2026-01-19
Transport,Fuel Station,Cash Wallet,5.66,USD,,,,2026-01-19
Entertainment,Book Store,Credit Card,8.58,EUR,,,,2026-01-19
Coffee,Latte To Go,Cash Wallet,4.02,USD,,,,2026-01-19
Groceries,Lidl,Credit Card,6.17,EUR,,,,2026-01-19
Travel,Hotel Stay,Checking Account,87.22,USD,,,,2026-01-19
Dining Out,Thai Takeaway,Checking Account,12.60,USD,,,,2026-01-19
Entertainment,Book Store,Credit Card,3.12,EUR,,,,2026-01-19
Coffee,Espresso Bar,Travel Card,8.00,GEL,,,,2026-01-19
Coffee,Latte To Go,Cash Wallet,3.51,USD,,,,2026-01-19
,Top-up Travel Card,Credit Card,1062.23,EUR,Checking Account,1154.60,USD,2026-01-19
,Credit Card Payment,Travel Card,3554.73,GEL,Checking Account,1316.57,USD,2026-01-19
,Savings Deposit,Savings Account,657.86,EUR,Cash Wallet,715.06,USD,2026-01-19
Transport,Train Ticket,Cash Wallet,8.60,USD,,,,2026-01-20
Transport,Bus Pass,Cash Wallet,5.43,USD,,,,2026-01-20
Transport,Train Ticket,Checking Account,8.39,USD,,,,2026-01-20
Entertainment,Spotify Subscription,Credit Card,5.74,EUR,,,,2026-01-20
Healthcare,Doctor Visit,Checking Account,17.04,USD,,,,2026-01-20
Coffee,Morning Coffee,Checking Account,3.27,USD,,,,2026-01-20
Dining Out,Thai Takeaway,Cash Wallet,8.07,USD,,,,2026-01-20
Entertainment,Steam Game,Credit Card,10.04,EUR,,,,2026-01-20
Entertainment,Steam Game,Checking Account,11.39,USD,,,,2026-01-20
Transport,Taxi,Checking Account,5.27,USD,,,,2026-01-20
Entertainment,Steam Game,Checking Account,3.87,USD,,,,2026-01-20
Shopping,Clothing Store,Checking Account,13.53,USD,,,,2026-01-20
Transport,Metro Card Top-up,Credit Card,7.67,EUR,,,,2026-01-20
Dining Out,Thai Takeaway,Credit Card,8.44,EUR,,,,2026-01-20
Dining Out,Sushi Bar,Cash Wallet,13.08,USD,,,,2026-01-20
Groceries,Carrefour,Credit Card,4.94,EUR,,,,2026-01-20
Shopping,Amazon Order,Savings Account,16.55,EUR,,,,2026-01-20
,Credit Card Payment,Travel Card,1815.53,GEL,Checking Account,672.42,USD,2026-01-20
,Credit Card Payment,Cash Wallet,796.98,USD,Travel Card,2151.84,GEL,2026-01-20
Entertainment,Book Store,Travel Card,29.19,GEL,,,,2026-01-21
Coffee,Espresso Bar,Credit Card,3.91,EUR,,,,2026-01-21
Transport,Fuel Station,Checking Account,5.61,USD,,,,2026-01-21
Shopping,Bookshop,Checking Account,14.54,USD,,,,2026-01-21
Dining Out,Pizzeria Bella,Cash Wallet,10.90,USD,,,,2026-01-21
Groceries,Local Green Market,Credit Card,12.20,EUR,,,,2026-01-21
Transport,Metro Card Top-up,Cash Wallet,3.37,USD,,,,2026-01-21
Shopping,Amazon Order,Credit Card,10.14,EUR,,,,2026-01-21
Groceries,Local Green Market,Cash Wallet,11.59,USD,,,,2026-01-21
Utilities,Electric Bill,Cash Wallet,9.17,USD,,,,2026-01-21
Coffee,Street Coffee,Savings Account,3.89,EUR,,,,2026-01-21
Entertainment,Steam Game,Cash Wallet,5.41,USD,,,,2026-01-21
Groceries,Whole Foods Market,Cash Wallet,11.01,USD,,,,2026-01-21
Transport,Metro Card Top-up,Cash Wallet,7.50,USD,,,,2026-01-21
Groceries,Local Green Market,Credit Card,9.11,EUR,,,,2026-01-21
Transport,Ride Share,Credit Card,4.78,EUR,,,,2026-01-21
,Transfer to Savings,Credit Card,1093.27,EUR,Travel Card,3208.51,GEL,2026-01-21
,Cash Withdrawal,Credit Card,674.02,EUR,Checking Account,732.63,USD,2026-01-21
Utilities,Gas Bill,Checking Account,13.52,USD,,,,2026-01-22
Dining Out,Pizzeria Bella,Checking Account,11.47,USD,,,,2026-01-22
Coffee,Cafe Mocha,Checking Account,4.54,USD,,,,2026-01-22
Coffee,Latte To Go,Checking Account,4.72,USD,,,,2026-01-22
Coffee,Espresso Bar,Travel Card,6.56,GEL,,,,2026-01-22
Healthcare,Dental Clinic,Cash Wallet,12.30,USD,,,,2026-01-22
Healthcare,Optician,Checking Account,16.65,USD,,,,2026-01-22
Coffee,Cafe Mocha,Checking Account,2.06,USD,,,,2026-01-22
Dining Out,Coffee Shop,Checking Account,4.76,USD,,,,2026-01-22
Entertainment,Book Store,Credit Card,8.11,EUR,,,,2026-01-22
Transport,Bus Pass,Checking Account,8.28,USD,,,,2026-01-22
Coffee,Latte To Go,Credit Card,3.48,EUR,,,,2026-01-22
Entertainment,Netflix Subscription,Credit Card,6.27,EUR,,,,2026-01-22
Dining Out,Restaurant Le Petit,Credit Card,9.25,EUR,,,,2026-01-22
Groceries,Carrefour,Checking Account,11.14,USD,,,,2026-01-22
Transport,Bus Pass,Cash Wallet,6.25,USD,,,,2026-01-22
Healthcare,Doctor Visit,Cash Wallet,13.73,USD,,,,2026-01-22
Healthcare,Gym Membership,Cash Wallet,15.00,USD,,,,2026-01-22
Groceries,Whole Foods Market,Cash Wallet,10.23,USD,,,,2026-01-22
Dining Out,Coffee Shop,Checking Account,11.98,USD,,,,2026-01-22
Groceries,Carrefour,Cash Wallet,14.23,USD,,,,2026-01-22
Transport,Train Ticket,Travel Card,20.30,GEL,,,,2026-01-22
Groceries,Local Green Market,Checking Account,13.72,USD,,,,2026-01-22
Transport,Taxi,Travel Card,22.45,GEL,,,,2026-01-22
,Savings Deposit,Credit Card,859.80,EUR,Cash Wallet,934.57,USD,2026-01-22
,Savings Deposit,Checking Account,1313.70,USD,Savings Account,1208.61,EUR,2026-01-22
,Transfer to Savings,Cash Wallet,684.97,USD,Savings Account,630.17,EUR,2026-01-22
,Credit Card Payment,Travel Card,2224.29,GEL,Cash Wallet,823.81,USD,2026-01-22
Shopping,Electronics Store,Credit Card,19.93,EUR,,,,2026-01-23
Transport,Bus Pass,Credit Card,7.47,EUR,,,,2026-01-23
Coffee,Cafe Mocha,Credit Card,4.10,EUR,,,,2026-01-23
Coffee,Espresso Bar,Cash Wallet,3.89,USD,,,,2026-01-23
Groceries,Whole Foods Market,Cash Wallet,12.89,USD,,,,2026-01-23
Transport,Ride Share,Cash Wallet,5.38,USD,,,,2026-01-23
Entertainment,Netflix Subscription,Savings Account,6.01,EUR,,,,2026-01-23
Dining Out,Coffee Shop,Checking Account,7.07,USD,,,,2026-01-23
Transport,Taxi,Credit Card,6.52,EUR,,,,2026-01-23
Groceries,Neighborhood Market,Cash Wallet,13.06,USD,,,,2026-01-23
Coffee,Street Coffee,Credit Card,3.93,EUR,,,,2026-01-23
Dining Out,Bistro du Coin,Cash Wallet,8.36,USD,,,,2026-01-23
Transport,Train Ticket,Cash Wallet,7.16,USD,,,,2026-01-23
Healthcare,Dental Clinic,Cash Wallet,18.15,USD,,,,2026-01-23
Coffee,Espresso Bar,Checking Account,2.35,USD,,,,2026-01-23
Dining Out,Burger Joint,Travel Card,28.88,GEL,,,,2026-01-23
Coffee,Espresso Bar,Cash Wallet,2.43,USD,,,,2026-01-23
Groceries,Carrefour,Credit Card,13.23,EUR,,,,2026-01-23
Coffee,Street Coffee,Credit Card,2.02,EUR,,,,2026-01-23
,Transfer to Savings,Savings Account,393.32,EUR,Travel Card,1154.30,GEL,2026-01-23
Entertainment,Concert Tickets,Checking Account,9.88,USD,,,,2026-01-24
Coffee,Cafe Mocha,Cash Wallet,3.38,USD,,,,2026-01-24
Transport,Fuel Station,Travel Card,15.87,GEL,,,,2026-01-24
Groceries,Carrefour,Cash Wallet,11.84,USD,,,,2026-01-24
Dining Out,Restaurant Le Petit,Credit Card,4.72,EUR,,,,2026-01-24
Shopping,Amazon Order,Travel Card,56.46,GEL,,,,2026-01-24
Transport,Metro Card Top-up,Travel Card,9.44,GEL,,,,2026-01-24
Entertainment,Cinema Tickets,Checking Account,10.55,USD,,,,2026-01-24
Dining Out,Pizzeria Bella,Cash Wallet,12.29,USD,,,,2026-01-24
Coffee,Latte To Go,Checking Account,4.55,USD,,,,2026-01-24
Transport,Fuel Station,Checking Account,8.23,USD,,,,2026-01-24
Healthcare,Gym Membership,Credit Card,16.91,EUR,,,,2026-01-24
Coffee,Espresso Bar,Checking Account,4.29,USD,,,,2026-01-24
Entertainment,Concert Tickets,Checking Account,10.51,USD,,,,2026-01-24
Transport,Train Ticket,Cash Wallet,5.41,USD,,,,2026-01-24
Dining Out,Coffee Shop,Checking Account,4.53,USD,,,,2026-01-24
Groceries,Aldi,Checking Account,10.21,USD,,,,2026-01-24
Groceries,Neighborhood Market,Credit Card,4.72,EUR,,,,2026-01-24
Entertainment,Steam Game,Cash Wallet,4.50,USD,,,,2026-01-24
Shopping,Electronics Store,Credit Card,18.01,EUR,,,,2026-01-24
Dining Out,Thai Takeaway,Credit Card,6.62,EUR,,,,2026-01-24
Transport,Ride Share,Checking Account,2.81,USD,,,,2026-01-24
Groceries,Local Green Market,Credit Card,5.89,EUR,,,,2026-01-24
Travel,Car Rental,Travel Card,290.42,GEL,,,,2026-01-24
,Credit Card Payment,Checking Account,742.31,USD,Savings Account,682.92,EUR,2026-01-24
,Cash Withdrawal,Checking Account,679.75,USD,Savings Account,625.37,EUR,2026-01-24
,Transfer to Savings,Cash Wallet,494.98,USD,Savings Account,455.38,EUR,2026-01-24
,Top-up Travel Card,Credit Card,296.36,EUR,Checking Account,322.14,USD,2026-01-24
Groceries,Whole Foods Market,Checking Account,8.65,USD,,,,2026-01-25
Shopping,Electronics Store,Checking Account,8.33,USD,,,,2026-01-25
Groceries,Neighborhood Market,Cash Wallet,7.97,USD,,,,2026-01-25
Shopping,Clothing Store,Credit Card,19.14,EUR,,,,2026-01-25
Utilities,Electric Bill,Checking Account,15.17,USD,,,,2026-01-25
Coffee,Latte To Go,Credit Card,4.03,EUR,,,,2026-01-25
Coffee,Street Coffee,Checking Account,2.52,USD,,,,2026-01-25
Coffee,Cafe Mocha,Savings Account,3.21,EUR,,,,2026-01-25
Dining Out,Coffee Shop,Checking Account,4.48,USD,,,,2026-01-25
Entertainment,Cinema Tickets,Savings Account,6.65,EUR,,,,2026-01-25
Groceries,Lidl,Credit Card,12.75,EUR,,,,2026-01-25
Dining Out,Thai Takeaway,Travel Card,20.41,GEL,,,,2026-01-25
Entertainment,Steam Game,Checking Account,5.96,USD,,,,2026-01-25
,Top-up Travel Card,Checking Account,1255.80,USD,Cash Wallet,1255.80,USD,2026-01-25
Healthcare,Doctor Visit,Cash Wallet,16.48,USD,,,,2026-01-26
Coffee,Morning Coffee,Cash Wallet,4.07,USD,,,,2026-01-26
Dining Out,Thai Takeaway,Checking Account,11.01,USD,,,,2026-01-26
Coffee,Espresso Bar,Cash Wallet,2.82,USD,,,,2026-01-26
Coffee,Espresso Bar,Credit Card,1.89,EUR,,,,2026-01-26
Shopping,Bookshop,Credit Card,9.08,EUR,,,,2026-01-26
Entertainment,Book Store,Checking Account,10.12,USD,,,,2026-01-26
Coffee,Cafe Mocha,Checking Account,4.42,USD,,,,2026-01-26
Groceries,Lidl,Credit Card,8.86,EUR,,,,2026-01-26
Groceries,Carrefour,Travel Card,41.59,GEL,,,,2026-01-26
Dining Out,Pizzeria Bella,Checking Account,6.80,USD,,,,2026-01-26
Groceries,Aldi,Credit Card,5.07,EUR,,,,2026-01-26
Dining Out,Bistro du Coin,Cash Wallet,7.94,USD,,,,2026-01-26
Groceries,Carrefour,Credit Card,14.23,EUR,,,,2026-01-26
Groceries,Neighborhood Market,Checking Account,8.88,USD,,,,2026-01-26
,Cash Withdrawal,Savings Account,708.90,EUR,Checking Account,770.54,USD,2026-01-26
,Top-up Travel Card,Savings Account,599.58,EUR,Checking Account,651.72,USD,2026-01-26
Transport,Ride Share,Cash Wallet,7.02,USD,,,,2026-01-27
Utilities,Gas Bill,Credit Card,19.59,EUR,,,,2026-01-27
Entertainment,Netflix Subscription,Checking Account,9.84,USD,,,,2026-01-27
Utilities,Water Utility,Savings Account,20.40,EUR,,,,2026-01-27
Dining Out,Sushi Bar,Cash Wallet,10.72,USD,,,,2026-01-27
Transport,Bus Pass,Savings Account,6.68,EUR,,,,2026-01-27
Coffee,Cafe Mocha,Credit Card,2.99,EUR,,,,2026-01-27
Transport,Metro Card Top-up,Checking Account,7.29,USD,,,,2026-01-27
Coffee,Morning Coffee,Cash Wallet,3.25,USD,,,,2026-01-27
Utilities,Water Utility,Travel Card,31.41,GEL,,,,2026-01-27
Groceries,Whole Foods Market,Checking Account,9.00,USD,,,,2026-01-27
Groceries,Whole Foods Market,Checking Account,8.79,USD,,,,2026-01-27
Dining Out,Thai Takeaway,Cash Wallet,7.62,USD,,,,2026-01-27
Coffee,Espresso Bar,Checking Account,4.39,USD,,,,2026-01-27
Transport,Fuel Station,Savings Account,7.60,EUR,,,,2026-01-27
,Transfer to Savings,Cash Wallet,600.97,USD,Travel Card,1622.62,GEL,2026-01-27
,Transfer to Savings,Checking Account,431.36,USD,Travel Card,1164.68,GEL,2026-01-27
,Transfer to Savings,Travel Card,1504.11,GEL,Cash Wallet,557.08,USD,2026-01-27
,Top-up Travel Card,Credit Card,351.66,EUR,Savings Account,351.66,EUR,2026-01-27
Coffee,Cafe Mocha,Savings Account,1.97,EUR,,,,2026-01-28
Coffee,Street Coffee,Checking Account,3.10,USD,,,,2026-01-28
Dining Out,Sushi Bar,Checking Account,12.21,USD,,,,2026-01-28
Coffee,Street Coffee,Checking Account,2.54,USD,,,,2026-01-28
Coffee,Morning Coffee,Credit Card,4.00,EUR,,,,2026-01-28
Entertainment,Concert Tickets,Travel Card,19.08,GEL,,,,2026-01-28
Healthcare,Optician,Checking Account,7.36,USD,,,,2026-01-28
Coffee,Espresso Bar,Credit Card,2.70,EUR,,,,2026-01-28
Transport,Metro Card Top-up,Credit Card,6.63,EUR,,,,2026-01-28
Coffee,Street Coffee,Checking Account,4.38,USD,,,,2026-01-28
Coffee,Cafe Mocha,Checking Account,3.87,USD,,,,2026-01-28
Transport,Taxi,Checking Account,5.87,USD,,,,2026-01-28
Transport,Ride Share,Credit Card,6.47,EUR,,,,2026-01-28
Entertainment,Steam Game,Cash Wallet,8.48,USD,,,,2026-01-28
,Transfer to Savings,Cash Wallet,886.15,USD,Savings Account,815.26,EUR,2026-01-28
,Credit Card Payment,Checking Account,143.53,USD,Savings Account,132.05,EUR,2026-01-28
Entertainment,Steam Game,Credit Card,4.40,EUR,,,,2026-01-29
Coffee,Latte To Go,Credit Card,4.09,EUR,,,,2026-01-29
Healthcare,Optician,Cash Wallet,16.07,USD,,,,2026-01-29
Dining Out,Bistro du Coin,Travel Card,21.18,GEL,,,,2026-01-29
Shopping,Clothing Store,Checking Account,10.86,USD,,,,2026-01-29
Shopping,Furniture Store,Cash Wallet,15.83,USD,,,,2026-01-29
Groceries,Carrefour,Checking Account,14.51,USD,,,,2026-01-29
Transport,Train Ticket,Cash Wallet,4.76,USD,,,,2026-01-29
Dining Out,Thai Takeaway,Credit Card,11.02,EUR,,,,2026-01-29
Groceries,Carrefour,Travel Card,13.42,GEL,,,,2026-01-29
Shopping,Electronics Store,Cash Wallet,12.56,USD,,,,2026-01-29
Groceries,Carrefour,Cash Wallet,6.94,USD,,,,2026-01-29
Healthcare,Pharmacy,Credit Card,14.89,EUR,,,,2026-01-29
Groceries,Aldi,Cash Wallet,5.28,USD,,,,2026-01-29
Utilities,Water Utility,Savings Account,7.61,EUR,,,,2026-01-29
Entertainment,Cinema Tickets,Travel Card,31.37,GEL,,,,2026-01-29
Utilities,Phone Bill,Travel Card,49.13,GEL,,,,2026-01-29
Shopping,Electronics Store,Checking Account,5.72,USD,,,,2026-01-29
Coffee,Morning Coffee,Savings Account,2.61,EUR,,,,2026-01-29
Coffee,Latte To Go,Travel Card,8.85,GEL,,,,2026-01-29
Groceries,Aldi,Credit Card,13.10,EUR,,,,2026-01-29
Dining Out,Thai Takeaway,Checking Account,13.41,USD,,,,2026-01-29
Shopping,Electronics Store,Checking Account,12.96,USD,,,,2026-01-29
Transport,Bus Pass,Credit Card,6.97,EUR,,,,2026-01-29
Dining Out,Pizzeria Bella,Checking Account,10.17,USD,,,,2026-01-29
Transport,Metro Card Top-up,Savings Account,7.07,EUR,,,,2026-01-29
,Cash Withdrawal,Checking Account,769.79,USD,Cash Wallet,769.79,USD,2026-01-29
,Cash Withdrawal,Cash Wallet,389.39,USD,Credit Card,358.24,EUR,2026-01-29
,Savings Deposit,Credit Card,943.29,EUR,Travel Card,2768.36,GEL,2026-01-29
Transport,Taxi,Credit Card,3.81,EUR,,,,2026-01-30
Shopping,Amazon Order,Checking Account,10.98,USD,,,,2026-01-30
Shopping,Amazon Order,Checking Account,18.13,USD,,,,2026-01-30
Coffee,Espresso Bar,Travel Card,10.36,GEL,,,,2026-01-30
Dining Out,Coffee Shop,Credit Card,3.71,EUR,,,,2026-01-30
Dining Out,Coffee Shop,Checking Account,10.71,USD,,,,2026-01-30
Groceries,Whole Foods Market,Checking Account,7.68,USD,,,,2026-01-30
Entertainment,Book Store,Credit Card,8.49,EUR,,,,2026-01-30
Dining Out,Coffee Shop,Credit Card,3.96,EUR,,,,2026-01-30
Groceries,Local Green Market,Checking Account,5.07,USD,,,,2026-01-30
Entertainment,Netflix Subscription,Travel Card,24.84,GEL,,,,2026-01-30
Transport,Metro Card Top-up,Checking Account,4.50,USD,,,,2026-01-30
Utilities,Internet Provider,Checking Account,15.16,USD,,,,2026-01-30
Transport,Train Ticket,Cash Wallet,4.69,USD,,,,2026-01-30
Dining Out,Burger Joint,Checking Account,13.26,USD,,,,2026-01-30
Dining Out,Bistro du Coin,Cash Wallet,7.41,USD,,,,2026-01-30
,Savings Deposit,Travel Card,640.18,GEL,Credit Card,218.14,EUR,2026-01-30
,Credit Card Payment,Credit Card,729.09,EUR,Savings Account,729.09,EUR,2026-01-30
,Savings Deposit,Checking Account,267.96,USD,Savings Account,246.52,EUR,2026-01-30
Transport,Metro Card Top-up,Checking Account,3.38,USD,,,,2026-01-31
Shopping,Amazon Order,Checking Account,7.40,USD,,,,2026-01-31
Coffee,Latte To Go,Cash Wallet,2.11,USD,,,,2026-01-31
Entertainment,Spotify Subscription,Checking Account,11.43,USD,,,,2026-01-31
Groceries,Trader Joe's,Checking Account,7.65,USD,,,,2026-01-31
Groceries,Lidl,Checking Account,9.01,USD,,,,2026-01-31
Dining Out,Pizzeria Bella,Credit Card,4.12,EUR,,,,2026-01-31
Groceries,Whole Foods Market,Checking Account,13.13,USD,,,,2026-01-31
Entertainment,Steam Game,Credit Card,4.90,EUR,,,,2026-01-31
Shopping,Electronics Store,Checking Account,19.29,USD,,,,2026-01-31
Coffee,Cafe Mocha,Credit Card,4.30,EUR,,,,2026-01-31
,Top-up Travel Card,Travel Card,3300.96,GEL,Cash Wallet,1222.58,USD,2026-01-31
,Cash Withdrawal,Cash Wallet,674.41,USD,Savings Account,620.46,EUR,2026-01-31
Transport,Ride Share,Checking Account,8.40,USD,,,,2026-02-01
Shopping,Clothing Store,Cash Wallet,6.69,USD,,,,2026-02-01
Shopping,Clothing Store,Cash Wallet,15.61,USD,,,,2026-02-01
Entertainment,Spotify Subscription,Cash Wallet,7.33,USD,,,,2026-02-01
Groceries,Whole Foods Market,Checking Account,15.13,USD,,,,2026-02-01
Dining Out,Restaurant Le Petit,Cash Wallet,8.11,USD,,,,2026-02-01
Dining Out,Burger Joint,Checking Account,7.63,USD,,,,2026-02-01
Transport,Taxi,Cash Wallet,1.98,USD,,,,2026-02-01
Dining Out,Restaurant Le Petit,Credit Card,6.79,EUR,,,,2026-02-01
Groceries,Lidl,Cash Wallet,8.22,USD,,,,2026-02-01
Coffee,Espresso Bar,Checking Account,3.78,USD,,,,2026-02-01
Shopping,Clothing Store,Savings Account,16.38,EUR,,,,2026-02-01
Shopping,Clothing Store,Credit Card,7.05,EUR,,,,2026-02-01
Groceries,Local Green Market,Credit Card,5.64,EUR,,,,2026-02-01
,Cash Withdrawal,Savings Account,203.50,EUR,Credit Card,203.50,EUR,2026-02-01
,Savings Deposit,Cash Wallet,1239.90,USD,Checking Account,1239.90,USD,2026-02-01
,Transfer to Savings,Travel Card,285.82,GEL,Savings Account,97.39,EUR,2026-02-01
,Transfer to Savings,Credit Card,1138.67,EUR,Checking Account,1237.68,USD,2026-02-01
Transport,Taxi,Checking Account,4.53,USD,,,,2026-02-02
Entertainment,Concert Tickets,Travel Card,25.29,GEL,,,,2026-02-02
Healthcare,Doctor Visit,Cash Wallet,14.88,USD,,,,2026-02-02
Groceries,Local Green Market,Credit Card,9.87,EUR,,,,2026-02-02
Coffee,Latte To Go,Checking Account,3.50,USD,,,,2026-02-02
Coffee,Street Coffee,Checking Account,4.01,USD,,,,2026-02-02
Coffee,Morning Coffee,Travel Card,12.44,GEL,,,,2026-02-02
Groceries,Local Green Market,Cash Wallet,8.89,USD,,,,2026-02-02
Groceries,Aldi,Credit Card,10.45,EUR,,,,2026-02-02
Coffee,Espresso Bar,Checking Account,3.60,USD,,,,2026-02-02
Groceries,Carrefour,Cash Wallet,6.62,USD,,,,2026-02-02
Dining Out,Thai Takeaway,Credit Card,6.50,EUR,,,,2026-02-02
Healthcare,Dental Clinic,Credit Card,13.11,EUR,,,,2026-02-02
Coffee,Espresso Bar,Cash Wallet,4.12,USD,,,,2026-02-02
Entertainment,Netflix Subscription,Travel Card,11.70,GEL,,,,2026-02-02
Transport,Ride Share,Credit Card,6.04,EUR,,,,2026-02-02
Coffee,Morning Coffee,Travel Card,10.63,GEL,,,,2026-02-02
Groceries,Neighborhood Market,Credit Card,7.93,EUR,,,,2026-02-02
Healthcare,Optician,Credit Card,14.06,EUR,,,,2026-02-02
,Credit Card Payment,Travel Card,3170.37,GEL,Savings Account,1080.27,EUR,2026-02-02
,Cash Withdrawal,Savings Account,358.80,EUR,Checking Account,390.00,USD,2026-02-02
Coffee,Cafe Mocha,Credit Card,3.43,EUR,,,,2026-02-03
Shopping,Furniture Store,Savings Account,15.28,EUR,,,,2026-02-03
Entertainment,Netflix Subscription,Credit Card,3.41,EUR,,,,2026-02-03
Coffee,Latte To Go,Checking Account,4.58,USD,,,,2026-02-03
Groceries,Local Green Market,Cash Wallet,12.72,USD,,,,2026-02-03
Entertainment,Netflix Subscription,Savings Account,6.11,EUR,,,,2026-02-03
Groceries,Carrefour,Cash Wallet,5.51,USD,,,,2026-02-03
Healthcare,Gym Membership,Checking Account,14.35,USD,,,,2026-02-03
Coffee,Espresso Bar,Checking Account,4.36,USD,,,,2026-02-03
Transport,Taxi,Credit Card,7.52,EUR,,,,2026-02-03
Shopping,Amazon Order,Checking Account,19.98,USD,,,,2026-02-03
Coffee,Street Coffee,Checking Account,3.81,USD,,,,2026-02-03
Entertainment,Spotify Subscription,Checking Account,7.08,USD,,,,2026-02-03
Shopping,Furniture Store,Savings Account,7.26,EUR,,,,2026-02-03
Transport,Ride Share,Credit Card,3.02,EUR,,,,2026-02-03
Transport,Bus Pass,Checking Account,2.12,USD,,,,2026-02-03
Coffee,Street Coffee,Credit Card,3.15,EUR,,,,2026-02-04
Coffee,Latte To Go,Cash Wallet,2.00,USD,,,,2026-02-04
Coffee,Latte To Go,Credit Card,3.16,EUR,,,,2026-02-04
Groceries,Neighborhood Market,Savings Account,4.62,EUR,,,,2026-02-04
Shopping,Electronics Store,Checking Account,14.65,USD,,,,2026-02-04
Coffee,Latte To Go,Credit Card,2.00,EUR,,,,2026-02-04
Transport,Bus Pass,Checking Account,2.38,USD,,,,2026-02-04
Healthcare,Optician,Credit Card,14.64,EUR,,,,2026-02-04
Groceries,Carrefour,Checking Account,14.25,USD,,,,2026-02-04
Groceries,Trader Joe's,Credit Card,7.96,EUR,,,,2026-02-04
Utilities,Water Utility,Cash Wallet,13.88,USD,,,,2026-02-04
Coffee,Latte To Go,Checking Account,2.51,USD,,,,2026-02-04
Utilities,Electric Bill,Savings Account,12.79,EUR,,,,2026-02-04
Healthcare,Optician,Checking Account,17.38,USD,,,,2026-02-04
Entertainment,Cinema Tickets,Travel Card,13.19,GEL,,,,2026-02-04
Groceries,Aldi,Cash Wallet,11.01,USD,,,,2026-02-04
Groceries,Local Green Market,Travel Card,23.82,GEL,,,,2026-02-04
,Transfer to Savings,Travel Card,1258.37,GEL,Credit Card,428.78,EUR,2026-02-04
,Top-up Travel Card,Checking Account,1319.64,USD,Credit Card,1214.07,EUR,2026-02-04
,Credit Card Payment,Savings Account,112.92,EUR,Travel Card,331.40,GEL,2026-02-04
,Top-up Travel Card,Credit Card,261.80,EUR,Checking Account,284.56,USD,2026-02-04
Groceries,Local Green Market,Checking Account,6.43,USD,,,,2026-02-05
Utilities,Water Utility,Checking Account,8.43,USD,,,,2026-02-05
Coffee,Espresso Bar,Travel Card,6.94,GEL,,,,2026-02-05
Shopping,Clothing Store,Credit Card,11.13,EUR,,,,2026-02-05
Dining Out,Burger Joint,Credit Card,11.21,EUR,,,,2026-02-05
Coffee,Latte To Go,Travel Card,12.98,GEL,,,,2026-02-05
Coffee,Street Coffee,Credit Card,4.44,EUR,,,,2026-02-05
Coffee,Cafe Mocha,Credit Card,2.54,EUR,,,,2026-02-05
Groceries,Whole Foods Market,Checking Account,14.75,USD,,,,2026-02-05
Coffee,Espresso Bar,Credit Card,4.38,EUR,,,,2026-02-05
Coffee,Espresso Bar,Cash Wallet,4.08,USD,,,,2026-02-05
Dining Out,Pizzeria Bella,Checking Account,11.29,USD,,,,2026-02-05
Groceries,Aldi,Checking Account,6.88,USD,,,,2026-02-05
Healthcare,Doctor Visit,Checking Account,11.12,USD,,,,2026-02-05
Transport,Metro Card Top-up,Credit Card,3.26,EUR,,,,2026-02-05
Dining Out,Restaurant Le Petit,Credit Card,11.76,EUR,,,,2026-02-05
Transport,Ride Share,Travel Card,19.85,GEL,,,,2026-02-05
Coffee,Morning Coffee,Cash Wallet,2.32,USD,,,,2026-02-05
Coffee,Morning Coffee,Credit Card,3.95,EUR,,,,2026-02-05
,Savings Deposit,Checking Account,314.48,USD,Cash Wallet,314.48,USD,2026-02-05
,Savings Deposit,Cash Wallet,95.56,USD,Credit Card,87.92,EUR,2026-02-05
,Savings Deposit,Checking Account,637.49,USD,Cash Wallet,637.49,USD,2026-02-05
Entertainment,Book Store,Cash Wallet,7.63,USD,,,,2026-02-06
Transport,Bus Pass,Credit Card,3.06,EUR,,,,2026-02-06
Coffee,Morning Coffee,Checking Account,2.61,USD,,,,2026-02-06
Dining Out,Thai Takeaway,Credit Card,9.61,EUR,,,,2026-02-06
Dining Out,Coffee Shop,Checking Account,8.64,USD,,,,2026-02-06
Dining Out,Sushi Bar,Credit Card,3.96,EUR,,,,2026-02-06
Coffee,Street Coffee,Credit Card,2.96,EUR,,,,2026-02-06
Entertainment,Steam Game,Cash Wallet,5.78,USD,,,,2026-02-06
Groceries,Whole Foods Market,Checking Account,8.19,USD,,,,2026-02-06
Transport,Fuel Station,Travel Card,15.36,GEL,,,,2026-02-06
Travel,Hotel Stay,Checking Account,73.41,USD,,,,2026-02-06
Coffee,Morning Coffee,Cash Wallet,2.70,USD,,,,2026-02-06
Healthcare,Pharmacy,Credit Card,11.36,EUR,,,,2026-02-06
Dining Out,Pizzeria Bella,Checking Account,4.50,USD,,,,2026-02-06
Groceries,Carrefour,Checking Account,13.08,USD,,,,2026-02-06
Transport,Fuel Station,Checking Account,5.29,USD,,,,2026-02-06
,Top-up Travel Card,Credit Card,102.92,EUR,Travel Card,302.04,GEL,2026-02-06
Dining Out,Thai Takeaway,Checking Account,9.59,USD,,,,2026-02-07
Dining Out,Sushi Bar,Credit Card,8.66,EUR,,,,2026-02-07
Transport,Metro Card Top-up,Travel Card,12.99,GEL,,,,2026-02-07
Coffee,Cafe Mocha,Credit Card,4.03,EUR,,,,2026-02-07
Travel,Flight Booking,Checking Account,100.73,USD,,,,2026-02-07
Healthcare,Optician,Checking Account,8.80,USD,,,,2026-02-07
Transport,Bus Pass,Cash Wallet,3.83,USD,,,,2026-02-07
Coffee,Morning Coffee,Cash Wallet,4.18,USD,,,,2026-02-07
Transport,Fuel Station,Credit Card,6.41,EUR,,,,2026-02-07
Transport,Bus Pass,Credit Card,2.53,EUR,,,,2026-02-07
Groceries,Local Green Market,Checking Account,8.00,USD,,,,2026-02-07
Coffee,Morning Coffee,Cash Wallet,4.49,USD,,,,2026-02-07
Dining Out,Coffee Shop,Checking Account,11.29,USD,,,,2026-02-07
Transport,Train Ticket,Cash Wallet,2.08,USD,,,,2026-02-07
Healthcare,Optician,Checking Account,16.39,USD,,,,2026-02-07
Coffee,Espresso Bar,Cash Wallet,2.42,USD,,,,2026-02-07
Dining Out,Thai Takeaway,Checking Account,11.00,USD,,,,2026-02-07
Groceries,Aldi,Cash Wallet,15.48,USD,,,,2026-02-07
Healthcare,Pharmacy,Travel Card,22.93,GEL,,,,2026-02-07
,Transfer to Savings,Cash Wallet,159.05,USD,Travel Card,429.45,GEL,2026-02-07
,Transfer to Savings,Travel Card,3569.46,GEL,Savings Account,1216.26,EUR,2026-02-07
,Cash Withdrawal,Savings Account,991.50,EUR,Checking Account,1077.72,USD,2026-02-07
Transport,Train Ticket,Travel Card,15.87,GEL,,,,2026-02-08
Travel,Hotel Stay,Cash Wallet,26.91,USD,,,,2026-02-08
Coffee,Morning Coffee,Credit Card,2.74,EUR,,,,2026-02-08
Dining Out,Sushi Bar,Cash Wallet,12.09,USD,,,,2026-02-08
Dining Out,Sushi Bar,Credit Card,4.12,EUR,,,,2026-02-08
Dining Out,Bistro du Coin,Checking Account,11.81,USD,,,,2026-02-08
Entertainment,Spotify Subscription,Cash Wallet,6.50,USD,,,,2026-02-08
Coffee,Espresso Bar,Credit Card,2.87,EUR,,,,2026-02-08
Coffee,Street Coffee,Credit Card,3.59,EUR,,,,2026-02-08
Dining Out,Bistro du Coin,Credit Card,5.53,EUR,,,,2026-02-08
Dining Out,Coffee Shop,Checking Account,9.41,USD,,,,2026-02-08
Transport,Taxi,Savings Account,4.34,EUR,,,,2026-02-08
Transport,Metro Card Top-up,Checking Account,2.85,USD,,,,2026-02-08
,Savings Deposit,Savings Account,343.71,EUR,Credit Card,343.71,EUR,2026-02-08
,Savings Deposit,Travel Card,3561.08,GEL,Cash Wallet,1318.92,USD,2026-02-08
,Credit Card Payment,Savings Account,729.71,EUR,Travel Card,2141.54,GEL,2026-02-08
Transport,Metro Card Top-up,Travel Card,22.01,GEL,,,,2026-02-09
Coffee,Morning Coffee,Credit Card,1.81,EUR,,,,2026-02-09
Coffee,Morning Coffee,Credit Card,3.98,EUR,,,,2026-02-09
Groceries,Neighborhood Market,Travel Card,21.05,GEL,,,,2026-02-09
Transport,Taxi,Checking Account,8.65,USD,,,,2026-02-09
Coffee,Espresso Bar,Savings Account,3.75,EUR,,,,2026-02-09
Entertainment,Cinema Tickets,Checking Account,6.42,USD,,,,2026-02-09
Shopping,Bookshop,Cash Wallet,7.90,USD,,,,2026-02-09
Shopping,Bookshop,Credit Card,10.44,EUR,,,,2026-02-09
Entertainment,Steam Game,Cash Wallet,3.51,USD,,,,2026-02-09
Coffee,Street Coffee,Checking Account,4.61,USD,,,,2026-02-09
Groceries,Aldi,Checking Account,9.66,USD,,,,2026-02-09
,Cash Withdrawal,Savings Account,712.23,EUR,Credit Card,712.23,EUR,2026-02-09
Transport,Bus Pass,Credit Card,6.79,EUR,,,,2026-02-10
Groceries,Carrefour,Checking Account,7.99,USD,,,,2026-02-10
Dining Out,Restaurant Le Petit,Checking Account,13.19,USD,,,,2026-02-10
Groceries,Trader Joe's,Savings Account,13.42,EUR,,,,2026-02-10
Dining Out,Pizzeria Bella,Savings Account,7.24,EUR,,,,2026-02-10
Entertainment,Book Store,Cash Wallet,7.38,USD,,,,2026-02-10
Utilities,Phone Bill,Travel Card,44.88,GEL,,,,2026-02-10
Groceries,Whole Foods Market,Checking Account,14.51,USD,,,,2026-02-10
Entertainment,Spotify Subscription,Checking Account,4.86,USD,,,,2026-02-10
Transport,Taxi,Cash Wallet,4.55,USD,,,,2026-02-10
Groceries,Lidl,Checking Account,11.83,USD,,,,2026-02-10
Utilities,Electric Bill,Checking Account,30.75,USD,,,,2026-02-10
Coffee,Morning Coffee,Cash Wallet,2.48,USD,,,,2026-02-10
Transport,Train Ticket,Cash Wallet,6.00,USD,,,,2026-02-10
Salary,Monthly Salary,,,,Checking Account,1521.67,USD,2026-02-10
,Savings Deposit,Savings Account,865.84,EUR,Travel Card,2541.04,GEL,2026-02-10
,Transfer to Savings,Travel Card,1988.32,GEL,Savings Account,677.50,EUR,2026-02-10
,Credit Card Payment,Travel Card,3888.49,GEL,Checking Account,1440.18,USD,2026-02-10
Groceries,Whole Foods Market,Cash Wallet,13.37,USD,,,,2026-02-11
Dining Out,Bistro du Coin,Checking Account,4.26,USD,,,,2026-02-11
Healthcare,Optician,Checking Account,10.27,USD,,,,2026-02-11
Transport,Bus Pass,Checking Account,2.54,USD,,,,2026-02-11
Entertainment,Cinema Tickets,Cash Wallet,6.91,USD,,,,2026-02-11
Coffee,Morning Coffee,Checking Account,4.16,USD,,,,2026-02-11
Utilities,Phone Bill,Credit Card,21.28,EUR,,,,2026-02-11
Utilities,Electric Bill,Credit Card,16.29,EUR,,,,2026-02-11
Coffee,Street Coffee,Cash Wallet,3.27,USD,,,,2026-02-11
Utilities,Gas Bill,Checking Account,15.31,USD,,,,2026-02-11
Healthcare,Gym Membership,Cash Wallet,7.79,USD,,,,2026-02-11
Dining Out,Bistro du Coin,Credit Card,3.63,EUR,,,,2026-02-11
Dining Out,Thai Takeaway,Cash Wallet,12.06,USD,,,,2026-02-11
Dining Out,Pizzeria Bella,Savings Account,3.69,EUR,,,,2026-02-11
,Cash Withdrawal,Credit Card,668.59,EUR,Savings Account,668.59,EUR,2026-02-11
Shopping,Clothing Store,Checking Account,20.61,USD,,,,2026-02-12
Coffee,Latte To Go,Travel Card,11.90,GEL,,,,2026-02-12
Dining Out,Restaurant Le Petit,Checking Account,10.23,USD,,,,2026-02-12
Utilities,Phone Bill,Travel Card,59.17,GEL,,,,2026-02-12
Coffee,Cafe Mocha,Credit Card,1.99,EUR,,,,2026-02-12
Groceries,Carrefour,Credit Card,11.58,EUR,,,,2026-02-12
Groceries,Aldi,Checking Account,4.90,USD,,,,2026-02-12
Coffee,Morning Coffee,Cash Wallet,3.63,USD,,,,2026-02-12
Utilities,Internet Provider,Cash Wallet,16.06,USD,,,,2026-02-12
Coffee,Latte To Go,Credit Card,3.72,EUR,,,,2026-02-12
Entertainment,Spotify Subscription,Checking Account,7.67,USD,,,,2026-02-12
Entertainment,Cinema Tickets,Credit Card,6.17,EUR,,,,2026-02-12
Shopping,Clothing Store,Credit Card,17.40,EUR,,,,2026-02-12
Groceries,Aldi,Travel Card,16.54,GEL,,,,2026-02-12
Dining Out,Bistro du Coin,Credit Card,10.42,EUR,,,,2026-02-12
Coffee,Espresso Bar,Cash Wallet,2.92,USD,,,,2026-02-12
,Credit Card Payment,Checking Account,1434.47,USD,Credit Card,1319.71,EUR,2026-02-12
,Credit Card Payment,Savings Account,118.10,EUR,Credit Card,118.10,EUR,2026-02-12
Transport,Fuel Station,Cash Wallet,4.75,USD,,,,2026-02-13
Coffee,Espresso Bar,Cash Wallet,2.12,USD,,,,2026-02-13
Transport,Ride Share,Cash Wallet,3.40,USD,,,,2026-02-13
Shopping,Clothing Store,Checking Account,16.45,USD,,,,2026-02-13
Transport,Taxi,Cash Wallet,6.07,USD,,,,2026-02-13
Coffee,Latte To Go,Credit Card,3.23,EUR,,,,2026-02-13
Groceries,Local Green Market,Travel Card,27.92,GEL,,,,2026-02-13
Healthcare,Gym Membership,Checking Account,8.61,USD,,,,2026-02-13
Groceries,Local Green Market,Credit Card,4.99,EUR,,,,2026-02-13
Dining Out,Thai Takeaway,Travel Card,33.48,GEL,,,,2026-02-13
Groceries,Aldi,Travel Card,28.74,GEL,,,,2026-02-13
Coffee,Street Coffee,Checking Account,4.49,USD,,,,2026-02-13
Groceries,Whole Foods Market,Cash Wallet,5.50,USD,,,,2026-02-13
Groceries,Neighborhood Market,Cash Wallet,10.42,USD,,,,2026-02-13
Coffee,Street Coffee,Checking Account,3.84,USD,,,,2026-02-13
Groceries,Aldi,Travel Card,21.95,GEL,,,,2026-02-13
,Cash Withdrawal,Checking Account,912.04,USD,Credit Card,839.08,EUR,2026-02-13
,Savings Deposit,Savings Account,594.31,EUR,Credit Card,594.31,EUR,2026-02-13
,Top-up Travel Card,Cash Wallet,707.50,USD,Savings Account,650.90,EUR,2026-02-13
Shopping,Bookshop,Checking Account,11.76,USD,,,,2026-02-14
Coffee,Street Coffee,Checking Account,3.41,USD,,,,2026-02-14
Entertainment,Spotify Subscription,Cash Wallet,7.69,USD,,,,2026-02-14
Entertainment,Netflix Subscription,Cash Wallet,8.43,USD,,,,2026-02-14
Groceries,Carrefour,Checking Account,10.23,USD,,,,2026-02-14
Travel,Airbnb Stay,Credit Card,22.81,EUR,,,,2026-02-14
Groceries,Whole Foods Market,Checking Account,14.02,USD,,,,2026-02-14
Coffee,Espresso Bar,Travel Card,10.33,GEL,,,,2026-02-14
Transport,Metro Card Top-up,Credit Card,5.72,EUR,,,,2026-02-14
Entertainment,Steam Game,Cash Wallet,10.28,USD,,,,2026-02-14
Dining Out,Bistro du Coin,Credit Card,5.56,EUR,,,,2026-02-14
Groceries,Carrefour,Cash Wallet,8.66,USD,,,,2026-02-14
Dining Out,Pizzeria Bella,Checking Account,12.23,USD,,,,2026-02-14
Dining Out,Sushi Bar,Cash Wallet,6.64,USD,,,,2026-02-14
Transport,Bus Pass,Credit Card,3.32,EUR,,,,2026-02-14
Coffee,Espresso Bar,Travel Card,8.16,GEL,,,,2026-02-14
Coffee,Morning Coffee,Travel Card,8.75,GEL,,,,2026-02-14
Shopping,Clothing Store,Cash Wallet,13.02,USD,,,,2026-02-14
,Top-up Travel Card,Cash Wallet,702.15,USD,Savings Account,645.98,EUR,2026-02-14
,Top-up Travel Card,Cash Wallet,1352.32,USD,Credit Card,1244.14,EUR,2026-02-14
,Credit Card Payment,Credit Card,795.32,EUR,Savings Account,795.32,EUR,2026-02-14
Transport,Train Ticket,Checking Account,3.97,USD,,,,2026-02-15
Shopping,Furniture Store,Checking Account,21.44,USD,,,,2026-02-15
Transport,Ride Share,Credit Card,3.43,EUR,,,,2026-02-15
Dining Out,Sushi Bar,Credit Card,7.34,EUR,,,,2026-02-15
Shopping,Amazon Order,Cash Wallet,16.99,USD,,,,2026-02-15
Groceries,Carrefour,Travel Card,17.38,GEL,,,,2026-02-15
Dining Out,Restaurant Le Petit,Travel Card,24.17,GEL,,,,2026-02-15
Groceries,Local Green Market,Checking Account,13.07,USD,,,,2026-02-15
Groceries,Neighborhood Market,Cash Wallet,12.14,USD,,,,2026-02-15
Coffee,Street Coffee,Cash Wallet,3.12,USD,,,,2026-02-15
Transport,Train Ticket,Credit Card,2.58,EUR,,,,2026-02-15
Dining Out,Burger Joint,Cash Wallet,11.04,USD,,,,2026-02-15
Coffee,Morning Coffee,Cash Wallet,3.86,USD,,,,2026-02-15
Groceries,Carrefour,Credit Card,12.65,EUR,,,,2026-02-15
Dining Out,Sushi Bar,Credit Card,4.78,EUR,,,,2026-02-15
Dining Out,Burger Joint,Cash Wallet,8.12,USD,,,,2026-02-15
Utilities,Internet Provider,Cash Wallet,25.06,USD,,,,2026-02-15
Entertainment,Spotify Subscription,Travel Card,28.46,GEL,,,,2026-02-15
,Savings Deposit,Travel Card,2341.51,GEL,Checking Account,867.23,USD,2026-02-15
,Savings Deposit,Travel Card,3942.76,GEL,Savings Account,1343.46,EUR,2026-02-15
,Cash Withdrawal,Checking Account,534.88,USD,Cash Wallet,534.88,USD,2026-02-15
Dining Out,Bistro du Coin,Credit Card,11.14,EUR,,,,2026-02-16
Shopping,Clothing Store,Checking Account,14.10,USD,,,,2026-02-16
Coffee,Morning Coffee,Savings Account,2.35,EUR,,,,2026-02-16
Groceries,Trader Joe's,Cash Wallet,11.27,USD,,,,2026-02-16
Entertainment,Netflix Subscription,Checking Account,7.42,USD,,,,2026-02-16
Dining Out,Restaurant Le Petit,Cash Wallet,7.56,USD,,,,2026-02-16
Dining Out,Bistro du Coin,Cash Wallet,4.28,USD,,,,2026-02-16
Coffee,Espresso Bar,Credit Card,3.54,EUR,,,,2026-02-16
Coffee,Cafe Mocha,Checking Account,3.80,USD,,,,2026-02-16
Entertainment,Cinema Tickets,Cash Wallet,9.70,USD,,,,2026-02-16
Transport,Fuel Station,Checking Account,2.48,USD,,,,2026-02-16
Healthcare,Doctor Visit,Cash Wallet,10.46,USD,,,,2026-02-16
Travel,Airbnb Stay,Cash Wallet,33.54,USD,,,,2026-02-16
Dining Out,Restaurant Le Petit,Checking Account,12.54,USD,,,,2026-02-16
Dining Out,Restaurant Le Petit,Cash Wallet,11.89,USD,,,,2026-02-16
Coffee,Espresso Bar,Cash Wallet,3.65,USD,,,,2026-02-16
Groceries,Carrefour,Checking Account,9.16,USD,,,,2026-02-16
Coffee,Espresso Bar,Checking Account,4.24,USD,,,,2026-02-16
Coffee,Morning Coffee,Checking Account,3.79,USD,,,,2026-02-16
,Credit Card Payment,Travel Card,1385.85,GEL,Checking Account,513.28,USD,2026-02-16
,Savings Deposit,Checking Account,1229.42,USD,Travel Card,3319.43,GEL,2026-02-16
,Savings Deposit,Checking Account,628.52,USD,Cash Wallet,628.52,USD,2026-02-16
,Credit Card Payment,Savings Account,525.87,EUR,Cash Wallet,571.60,USD,2026-02-16
Healthcare,Gym Membership,Checking Account,14.22,USD,,,,2026-02-17
Transport,Taxi,Travel Card,14.69,GEL,,,,2026-02-17
Travel,Hotel Stay,Checking Account,41.56,USD,,,,2026-02-17
Entertainment,Book Store,Cash Wallet,4.41,USD,,,,2026-02-17
Dining Out,Thai Takeaway,Cash Wallet,12.61,USD,,,,2026-02-17
Groceries,Whole Foods Market,Travel Card,39.18,GEL,,,,2026-02-17
Groceries,Neighborhood Market,Credit Card,12.95,EUR,,,,2026-02-17
Shopping,Bookshop,Checking Account,5.49,USD,,,,2026-02-17
Groceries,Neighborhood Market,Checking Account,14.21,USD,,,,2026-02-17
Coffee,Morning Coffee,Cash Wallet,3.34,USD,,,,2026-02-17
Healthcare,Doctor Visit,Cash Wallet,9.41,USD,,,,2026-02-17
Dining Out,Burger Joint,Cash Wallet,9.47,USD,,,,2026-02-17
,Savings Deposit,Travel Card,3321.65,GEL,Cash Wallet,1230.24,USD,2026-02-17
,Savings Deposit,Checking Account,1122.76,USD,Travel Card,3031.46,GEL,2026-02-17
,Transfer to Savings,Travel Card,2492.75,GEL,Credit Card,849.38,EUR,2026-02-17
,Credit Card Payment,Cash Wallet,1269.58,USD,Travel Card,3427.86,GEL,2026-02-17
Transport,Fuel Station,Cash Wallet,7.65,USD,,,,2026-02-18
Dining Out,Restaurant Le Petit,Checking Account,12.03,USD,,,,2026-02-18
Groceries,Lidl,Credit Card,10.23,EUR,,,,2026-02-18
Healthcare,Gym Membership,Cash Wallet,12.92,USD,,,,2026-02-18
Transport,Train Ticket,Cash Wallet,8.52,USD,,,,2026-02-18
Dining Out,Coffee Shop,Credit Card,5.88,EUR,,,,2026-02-18
Dining Out,Bistro du Coin,Credit Card,11.86,EUR,,,,2026-02-18
Groceries,Neighborhood Market,Checking Account,8.60,USD,,,,2026-02-18
Dining Out,Bistro du Coin,Credit Card,7.66,EUR,,,,2026-02-18
Dining Out,Coffee Shop,Cash Wallet,6.55,USD,,,,2026-02-18
Groceries,Carrefour,Checking Account,10.79,USD,,,,2026-02-18
Shopping,Electronics Store,Credit Card,13.15,EUR,,,,2026-02-18
Transport,Ride Share,Credit Card,5.92,EUR,,,,2026-02-18
Healthcare,Doctor Visit,Cash Wallet,19.28,USD,,,,2026-02-18
Coffee,Street Coffee,Cash Wallet,3.74,USD,,,,2026-02-18
Transport,Bus Pass,Cash Wallet,6.15,USD,,,,2026-02-18
,Cash Withdrawal,Cash Wallet,380.08,USD,Travel Card,1026.23,GEL,2026-02-18
,Savings Deposit,Credit Card,1197.99,EUR,Travel Card,3515.83,GEL,2026-02-18
,Top-up Travel Card,Savings Account,1291.48,EUR,Travel Card,3790.21,GEL,2026-02-18
,Top-up Travel Card,Credit Card,597.77,EUR,Checking Account,649.74,USD,2026-02-18
Dining Out,Bistro du Coin,Cash Wallet,12.46,USD,,,,2026-02-19
Groceries,Carrefour,Credit Card,8.27,EUR,,,,2026-02-19
Transport,Ride Share,Checking Account,2.60,USD,,,,2026-02-19
Transport,Train Ticket,Travel Card,17.39,GEL,,,,2026-02-19
Coffee,Cafe Mocha,Checking Account,2.14,USD,,,,2026-02-19
Transport,Train Ticket,Cash Wallet,2.33,USD,,,,2026-02-19
Dining Out,Restaurant Le Petit,Checking Account,4.29,USD,,,,2026-02-19
Entertainment,Concert Tickets,Credit Card,3.69,EUR,,,,2026-02-19
Dining Out,Sushi Bar,Cash Wallet,7.78,USD,,,,2026-02-19
Healthcare,Optician,Travel Card,27.82,GEL,,,,2026-02-19
Entertainment,Netflix Subscription,Checking Account,4.50,USD,,,,2026-02-19
Transport,Ride Share,Travel Card,18.95,GEL,,,,2026-02-19
Transport,Metro Card Top-up,Travel Card,22.71,GEL,,,,2026-02-19
Shopping,Furniture Store,Checking Account,5.94,USD,,,,2026-02-19
Coffee,Morning Coffee,Credit Card,3.07,EUR,,,,2026-02-19
Coffee,Espresso Bar,Cash Wallet,2.79,USD,,,,2026-02-19
Groceries,Local Green Market,Credit Card,12.62,EUR,,,,2026-02-19
Groceries,Local Green Market,Cash Wallet,11.17,USD,,,,2026-02-19
Coffee,Espresso Bar,Cash Wallet,3.31,USD,,,,2026-02-19
Shopping,Bookshop,Travel Card,61.47,GEL,,,,2026-02-19
Dining Out,Restaurant Le Petit,Credit Card,5.57,EUR,,,,2026-02-19
Coffee,Morning Coffee,Cash Wallet,4.03,USD,,,,2026-02-19
Entertainment,Steam Game,Checking Account,6.52,USD,,,,2026-02-19
,Cash Withdrawal,Cash Wallet,146.54,USD,Savings Account,134.82,EUR,2026-02-19
,Savings Deposit,Credit Card,441.13,EUR,Travel Card,1294.62,GEL,2026-02-19
Utilities,Gas Bill,Cash Wallet,20.27,USD,,,,2026-02-20
Utilities,Gas Bill,Cash Wallet,22.95,USD,,,,2026-02-20
Utilities,Electric Bill,Cash Wallet,29.61,USD,,,,2026-02-20
Dining Out,Thai Takeaway,Credit Card,3.81,EUR,,,,2026-02-20
Dining Out,Sushi Bar,Checking Account,9.76,USD,,,,2026-02-20
Transport,Taxi,Travel Card,17.20,GEL,,,,2026-02-20
Transport,Metro Card Top-up,Cash Wallet,4.71,USD,,,,2026-02-20
Healthcare,Optician,Cash Wallet,9.64,USD,,,,2026-02-20
Dining Out,Sushi Bar,Travel Card,19.54,GEL,,,,2026-02-20
Coffee,Cafe Mocha,Cash Wallet,3.15,USD,,,,2026-02-20
Healthcare,Optician,Cash Wallet,18.58,USD,,,,2026-02-20
Coffee,Cafe Mocha,Cash Wallet,4.80,USD,,,,2026-02-20
Dining Out,Pizzeria Bella,Checking Account,10.31,USD,,,,2026-02-20
Coffee,Latte To Go,Credit Card,3.91,EUR,,,,2026-02-20
Groceries,Aldi,Checking Account,9.30,USD,,,,2026-02-20
Dining Out,Restaurant Le Petit,Travel Card,30.94,GEL,,,,2026-02-20
Groceries,Neighborhood Market,Travel Card,28.21,GEL,,,,2026-02-20
Transport,Fuel Station,Cash Wallet,2.33,USD,,,,2026-02-20
,Transfer to Savings,Travel Card,3245.78,GEL,Cash Wallet,1202.14,USD,2026-02-20
,Top-up Travel Card,Checking Account,63.43,USD,Savings Account,58.35,EUR,2026-02-20
,Top-up Travel Card,Cash Wallet,197.14,USD,Savings Account,181.37,EUR,2026-02-20
Groceries,Whole Foods Market,Credit Card,12.67,EUR,,,,2026-02-21
Coffee,Latte To Go,Cash Wallet,2.34,USD,,,,2026-02-21
Dining Out,Coffee Shop,Cash Wallet,8.40,USD,,,,2026-02-21
Transport,Ride Share,Cash Wallet,6.85,USD,,,,2026-02-21
Transport,Fuel Station,Travel Card,6.92,GEL,,,,2026-02-21
Coffee,Espresso Bar,Cash Wallet,4.60,USD,,,,2026-02-21
Groceries,Lidl,Credit Card,7.33,EUR,,,,2026-02-21
Shopping,Furniture Store,Cash Wallet,22.59,USD,,,,2026-02-21
Groceries,Carrefour,Credit Card,13.65,EUR,,,,2026-02-21
Healthcare,Pharmacy,Checking Account,18.63,USD,,,,2026-02-21
Coffee,Espresso Bar,Travel Card,11.06,GEL,,,,2026-02-21
Dining Out,Sushi Bar,Credit Card,4.43,EUR,,,,2026-02-21
Transport,Metro Card Top-up,Credit Card,2.72,EUR,,,,2026-02-21
Groceries,Neighborhood Market,Checking Account,13.24,USD,,,,2026-02-21
Transport,Fuel Station,Cash Wallet,5.58,USD,,,,2026-02-21
Transport,Train Ticket,Cash Wallet,7.92,USD,,,,2026-02-21
Transport,Fuel Station,Cash Wallet,4.96,USD,,,,2026-02-21
Travel,Flight Booking,Cash Wallet,98.84,USD,,,,2026-02-21
Shopping,Electronics Store,Cash Wallet,17.44,USD,,,,2026-02-21
,Savings Deposit,Cash Wallet,1063.06,USD,Credit Card,978.02,EUR,2026-02-21
Entertainment,Netflix Subscription,Checking Account,3.48,USD,,,,2026-02-22
Coffee,Cafe Mocha,Cash Wallet,2.24,USD,,,,2026-02-22
Coffee,Morning Coffee,Credit Card,3.57,EUR,,,,2026-02-22
Dining Out,Sushi Bar,Cash Wallet,5.48,USD,,,,2026-02-22
Groceries,Lidl,Credit Card,7.12,EUR,,,,2026-02-22
Transport,Fuel Station,Travel Card,14.84,GEL,,,,2026-02-22
Coffee,Cafe Mocha,Travel Card,7.78,GEL,,,,2026-02-22
Transport,Fuel Station,Cash Wallet,5.56,USD,,,,2026-02-22
Groceries,Whole Foods Market,Cash Wallet,13.23,USD,,,,2026-02-22
Coffee,Cafe Mocha,Checking Account,3.51,USD,,,,2026-02-22
Dining Out,Thai Takeaway,Travel Card,15.29,GEL,,,,2026-02-22
Coffee,Latte To Go,Cash Wallet,3.68,USD,,,,2026-02-22
Groceries,Carrefour,Savings Account,6.96,EUR,,,,2026-02-22
Coffee,Espresso Bar,Cash Wallet,2.70,USD,,,,2026-02-22
Coffee,Street Coffee,Cash Wallet,3.05,USD,,,,2026-02-22
Dining Out,Bistro du Coin,Checking Account,9.26,USD,,,,2026-02-22
Dining Out,Pizzeria Bella,Travel Card,27.42,GEL,,,,2026-02-22
Coffee,Street Coffee,Credit Card,3.35,EUR,,,,2026-02-22
Utilities,Gas Bill,Checking Account,28.12,USD,,,,2026-02-22
Coffee,Morning Coffee,Cash Wallet,2.28,USD,,,,2026-02-22
Groceries,Aldi,Cash Wallet,11.73,USD,,,,2026-02-22
Groceries,Aldi,Checking Account,13.98,USD,,,,2026-02-22
Healthcare,Dental Clinic,Travel Card,29.74,GEL,,,,2026-02-22
Transport,Metro Card Top-up,Credit Card,1.97,EUR,,,,2026-02-22
Coffee,Street Coffee,Travel Card,7.81,GEL,,,,2026-02-22
,Savings Deposit,Checking Account,1141.61,USD,Credit Card,1050.29,EUR,2026-02-22
Groceries,Aldi,Checking Account,10.37,USD,,,,2026-02-23
Dining Out,Thai Takeaway,Credit Card,6.96,EUR,,,,2026-02-23
Entertainment,Cinema Tickets,Credit Card,5.55,EUR,,,,2026-02-23
Groceries,Carrefour,Checking Account,8.27,USD,,,,2026-02-23
Dining Out,Thai Takeaway,Checking Account,6.26,USD,,,,2026-02-23
Coffee,Street Coffee,Cash Wallet,2.44,USD,,,,2026-02-23
Dining Out,Restaurant Le Petit,Checking Account,5.98,USD,,,,2026-02-23
Groceries,Lidl,Cash Wallet,12.55,USD,,,,2026-02-23
Entertainment,Netflix Subscription,Cash Wallet,6.90,USD,,,,2026-02-23
Coffee,Latte To Go,Cash Wallet,4.56,USD,,,,2026-02-23
Dining Out,Burger Joint,Checking Account,10.98,USD,,,,2026-02-23
Groceries,Aldi,Checking Account,11.97,USD,,,,2026-02-23
Coffee,Street Coffee,Credit Card,3.30,EUR,,,,2026-02-23
Transport,Fuel Station,Cash Wallet,3.18,USD,,,,2026-02-23
Coffee,Latte To Go,Cash Wallet,2.50,USD,,,,2026-02-23
Dining Out,Pizzeria Bella,Cash Wallet,12.04,USD,,,,2026-02-23
Coffee,Cafe Mocha,Cash Wallet,3.73,USD,,,,2026-02-23
Dining Out,Thai Takeaway,Checking Account,12.35,USD,,,,2026-02-23
Entertainment,Book Store,Cash Wallet,7.26,USD,,,,2026-02-23
Utilities,Internet Provider,Cash Wallet,27.41,USD,,,,2026-02-23
Utilities,Phone Bill,Checking Account,20.57,USD,,,,2026-02-23
Entertainment,Spotify Subscription,Checking Account,2.99,USD,,,,2026-02-23
Groceries,Neighborhood Market,Checking Account,5.49,USD,,,,2026-02-23
,Credit Card Payment,Credit Card,786.13,EUR,Savings Account,786.13,EUR,2026-02-23
,Savings Deposit,Checking Account,333.58,USD,Credit Card,306.90,EUR,2026-02-23
,Transfer to Savings,Cash Wallet,1457.14,USD,Travel Card,3934.29,GEL,2026-02-23
Transport,Fuel Station,Checking Account,6.46,USD,,,,2026-02-24
Transport,Metro Card Top-up,Credit Card,6.57,EUR,,,,2026-02-24
Dining Out,Restaurant Le Petit,Credit Card,8.34,EUR,,,,2026-02-24
Groceries,Lidl,Credit Card,12.24,EUR,,,,2026-02-24
Travel,Airbnb Stay,Credit Card,103.77,EUR,,,,2026-02-24
Groceries,Whole Foods Market,Checking Account,10.90,USD,,,,2026-02-24
Shopping,Clothing Store,Cash Wallet,18.30,USD,,,,2026-02-24
Dining Out,Pizzeria Bella,Cash Wallet,6.87,USD,,,,2026-02-24
Groceries,Neighborhood Market,Checking Account,10.82,USD,,,,2026-02-24
Utilities,Internet Provider,Travel Card,64.26,GEL,,,,2026-02-24
Dining Out,Sushi Bar,Checking Account,13.28,USD,,,,2026-02-24
Dining Out,Restaurant Le Petit,Cash Wallet,6.77,USD,,,,2026-02-24
Entertainment,Cinema Tickets,Cash Wallet,3.57,USD,,,,2026-02-24
Transport,Train Ticket,Cash Wallet,6.67,USD,,,,2026-02-24
,Transfer to Savings,Credit Card,47.52,EUR,Savings Account,47.52,EUR,2026-02-24
,Transfer to Savings,Credit Card,678.50,EUR,Travel Card,1991.24,GEL,2026-02-24
,Credit Card Payment,Checking Account,120.91,USD,Credit Card,111.24,EUR,2026-02-24
Coffee,Street Coffee,Checking Account,4.24,USD,,,,2026-02-25
Shopping,Bookshop,Checking Account,14.46,USD,,,,2026-02-25
Dining Out,Thai Takeaway,Credit Card,7.56,EUR,,,,2026-02-25
Entertainment,Netflix Subscription,Credit Card,2.89,EUR,,,,2026-02-25
Dining Out,Coffee Shop,Cash Wallet,4.14,USD,,,,2026-02-25
Healthcare,Optician,Cash Wallet,8.69,USD,,,,2026-02-25
Transport,Taxi,Cash Wallet,6.36,USD,,,,2026-02-25
Transport,Ride Share,Savings Account,3.88,EUR,,,,2026-02-25
Travel,Flight Booking,Savings Account,25.11,EUR,,,,2026-02-25
,Savings Deposit,Travel Card,1620.81,GEL,Credit Card,552.27,EUR,2026-02-25
Coffee,Morning Coffee,Travel Card,8.01,GEL,,,,2026-02-26
Groceries,Whole Foods Market,Checking Account,11.70,USD,,,,2026-02-26
Dining Out,Burger Joint,Credit Card,11.55,EUR,,,,2026-02-26
Healthcare,Doctor Visit,Travel Card,48.78,GEL,,,,2026-02-26
Coffee,Morning Coffee,Cash Wallet,3.68,USD,,,,2026-02-26
Transport,Taxi,Cash Wallet,6.45,USD,,,,2026-02-26
Healthcare,Pharmacy,Credit Card,9.51,EUR,,,,2026-02-26
Groceries,Carrefour,Cash Wallet,10.46,USD,,,,2026-02-26
Coffee,Latte To Go,Checking Account,3.03,USD,,,,2026-02-26
Dining Out,Coffee Shop,Credit Card,7.50,EUR,,,,2026-02-26
Dining Out,Bistro du Coin,Credit Card,8.59,EUR,,,,2026-02-26
Dining Out,Bistro du Coin,Travel Card,35.54,GEL,,,,2026-02-26
Entertainment,Steam Game,Credit Card,8.90,EUR,,,,2026-02-26
,Credit Card Payment,Cash Wallet,783.71,USD,Checking Account,783.71,USD,2026-02-26
,Cash Withdrawal,Credit Card,351.29,EUR,Cash Wallet,381.84,USD,2026-02-26
Groceries,Lidl,Travel Card,39.11,GEL,,,,2026-02-27
Coffee,Morning Coffee,Savings Account,3.55,EUR,,,,2026-02-27
Groceries,Whole Foods Market,Cash Wallet,11.10,USD,,,,2026-02-27
Groceries,Local Green Market,Checking Account,10.80,USD,,,,2026-02-27
Groceries,Lidl,Cash Wallet,15.49,USD,,,,2026-02-27
Dining Out,Bistro du Coin,Cash Wallet,6.50,USD,,,,2026-02-27
Healthcare,Gym Membership,Credit Card,13.99,EUR,,,,2026-02-27
Dining Out,Restaurant Le Petit,Credit Card,8.20,EUR,,,,2026-02-27
Transport,Bus Pass,Cash Wallet,6.05,USD,,,,2026-02-27
Groceries,Lidl,Cash Wallet,5.95,USD,,,,2026-02-27
Coffee,Morning Coffee,Checking Account,4.37,USD,,,,2026-02-27
Entertainment,Book Store,Checking Account,10.09,USD,,,,2026-02-27
Coffee,Morning Coffee,Travel Card,6.35,GEL,,,,2026-02-27
Groceries,Aldi,Cash Wallet,12.26,USD,,,,2026-02-27
Coffee,Morning Coffee,Credit Card,4.30,EUR,,,,2026-02-27
Coffee,Latte To Go,Checking Account,3.32,USD,,,,2026-02-27
Healthcare,Dental Clinic,Credit Card,16.59,EUR,,,,2026-02-27
,Cash Withdrawal,Travel Card,1584.39,GEL,Savings Account,539.87,EUR,2026-02-27
,Top-up Travel Card,Cash Wallet,869.28,USD,Credit Card,799.74,EUR,2026-02-27
,Top-up Travel Card,Savings Account,820.48,EUR,Cash Wallet,891.83,USD,2026-02-27
,Transfer to Savings,Savings Account,1352.12,EUR,Checking Account,1469.70,USD,2026-02-27
,Transfer to Savings,Credit Card,469.45,EUR,Travel Card,1377.73,GEL,2026-02-27
Entertainment,Netflix Subscription,Checking Account,8.96,USD,,,,2026-02-28
Groceries,Neighborhood Market,Cash Wallet,8.53,USD,,,,2026-02-28
Groceries,Whole Foods Market,Credit Card,4.98,EUR,,,,2026-02-28
Entertainment,Steam Game,Checking Account,9.27,USD,,,,2026-02-28
Coffee,Latte To Go,Cash Wallet,3.76,USD,,,,2026-02-28
Dining Out,Thai Takeaway,Checking Account,7.25,USD,,,,2026-02-28
Coffee,Cafe Mocha,Checking Account,2.97,USD,,,,2026-02-28
Entertainment,Netflix Subscription,Checking Account,6.20,USD,,,,2026-02-28
Dining Out,Sushi Bar,Cash Wallet,4.27,USD,,,,2026-02-28
Coffee,Street Coffee,Cash Wallet,3.89,USD,,,,2026-02-28
Coffee,Latte To Go,Credit Card,2.35,EUR,,,,2026-02-28
Travel,Travel Insurance,Credit Card,87.38,EUR,,,,2026-02-28
Groceries,Aldi,Checking Account,14.68,USD,,,,2026-02-28
Transport,Fuel Station,Credit Card,3.20,EUR,,,,2026-02-28
Entertainment,Steam Game,Cash Wallet,5.26,USD,,,,2026-02-28
Dining Out,Pizzeria Bella,Credit Card,4.07,EUR,,,,2026-02-28
Entertainment,Cinema Tickets,Checking Account,5.99,USD,,,,2026-02-28
Transport,Train Ticket,Checking Account,4.12,USD,,,,2026-02-28
Transport,Taxi,Cash Wallet,3.47,USD,,,,2026-02-28
Dining Out,Pizzeria Bella,Credit Card,9.18,EUR,,,,2026-02-28
Groceries,Aldi,Cash Wallet,5.91,USD,,,,2026-02-28
Coffee,Morning Coffee,Checking Account,4.33,USD,,,,2026-02-28
Healthcare,Doctor Visit,Credit Card,5.89,EUR,,,,2026-02-28
,Savings Deposit,Credit Card,1040.46,EUR,Checking Account,1130.94,USD,2026-02-28
,Cash Withdrawal,Checking Account,1395.19,USD,Cash Wallet,1395.19,USD,2026-02-28
Dining Out,Thai Takeaway,Credit Card,9.64,EUR,,,,2026-03-01
Utilities,Internet Provider,Travel Card,28.12,GEL,,,,2026-03-01
Travel,Airbnb Stay,Savings Account,70.27,EUR,,,,2026-03-01
Transport,Taxi,Credit Card,6.09,EUR,,,,2026-03-01
Coffee,Cafe Mocha,Checking Account,3.01,USD,,,,2026-03-01
Coffee,Latte To Go,Savings Account,1.99,EUR,,,,2026-03-01
Coffee,Espresso Bar,Cash Wallet,4.37,USD,,,,2026-03-01
Utilities,Phone Bill,Cash Wallet,9.16,USD,,,,2026-03-01
Utilities,Internet Provider,Checking Account,22.86,USD,,,,2026-03-01
Healthcare,Dental Clinic,Checking Account,11.84,USD,,,,2026-03-01
,Transfer to Savings,Travel Card,2753.34,GEL,Credit Card,938.18,EUR,2026-03-01
,Savings Deposit,Checking Account,1310.13,USD,Credit Card,1205.32,EUR,2026-03-01
,Transfer to Savings,Savings Account,1278.94,EUR,Credit Card,1278.94,EUR,2026-03-01
,Savings Deposit,Checking Account,486.57,USD,Travel Card,1313.75,GEL,2026-03-01
Transport,Ride Share,Cash Wallet,4.89,USD,,,,2026-03-02
Transport,Train Ticket,Cash Wallet,4.11,USD,,,,2026-03-02
Entertainment,Steam Game,Cash Wallet,4.36,USD,,,,2026-03-02
Entertainment,Netflix Subscription,Credit Card,10.44,EUR,,,,2026-03-02
Entertainment,Concert Tickets,Credit Card,5.21,EUR,,,,2026-03-02
Entertainment,Book Store,Travel Card,15.05,GEL,,,,2026-03-02
Groceries,Trader Joe's,Checking Account,12.05,USD,,,,2026-03-02
Healthcare,Pharmacy,Cash Wallet,10.54,USD,,,,2026-03-02
Coffee,Cafe Mocha,Travel Card,5.68,GEL,,,,2026-03-02
Dining Out,Sushi Bar,Checking Account,11.93,USD,,,,2026-03-02
Healthcare,Pharmacy,Cash Wallet,11.34,USD,,,,2026-03-02
,Savings Deposit,Checking Account,739.52,USD,Cash Wallet,739.52,USD,2026-03-02
,Top-up Travel Card,Checking Account,1186.82,USD,Travel Card,3204.41,GEL,2026-03-02
,Savings Deposit,Checking Account,1138.43,USD,Credit Card,1047.36,EUR,2026-03-02
,Cash Withdrawal,Cash Wallet,1107.24,USD,Credit Card,1018.66,EUR,2026-03-02
Transport,Taxi,Checking Account,2.80,USD,,,,2026-03-03
Transport,Fuel Station,Checking Account,6.57,USD,,,,2026-03-03
Entertainment,Book Store,Cash Wallet,5.79,USD,,,,2026-03-03
Shopping,Electronics Store,Credit Card,9.98,EUR,,,,2026-03-03
Transport,Train Ticket,Cash Wallet,4.06,USD,,,,2026-03-03
Travel,Travel Insurance,Cash Wallet,93.62,USD,,,,2026-03-03
Coffee,Morning Coffee,Credit Card,2.78,EUR,,,,2026-03-03
Dining Out,Burger Joint,Travel Card,27.23,GEL,,,,2026-03-03
Coffee,Street Coffee,Checking Account,1.96,USD,,,,2026-03-03
Shopping,Amazon Order,Checking Account,7.99,USD,,,,2026-03-03
Coffee,Cafe Mocha,Checking Account,2.54,USD,,,,2026-03-03
Transport,Taxi,Cash Wallet,3.78,USD,,,,2026-03-03
Dining Out,Restaurant Le Petit,Cash Wallet,9.75,USD,,,,2026-03-03
Entertainment,Netflix Subscription,Credit Card,9.31,EUR,,,,2026-03-03
,Savings Deposit,Cash Wallet,225.70,USD,Checking Account,225.70,USD,2026-03-03
,Cash Withdrawal,Checking Account,240.23,USD,Savings Account,221.01,EUR,2026-03-03
Transport,Fuel Station,Credit Card,1.86,EUR,,,,2026-03-04
Coffee,Latte To Go,Credit Card,4.26,EUR,,,,2026-03-04
Dining Out,Burger Joint,Credit Card,7.92,EUR,,,,2026-03-04
Coffee,Street Coffee,Credit Card,3.42,EUR,,,,2026-03-04
Coffee,Latte To Go,Travel Card,6.39,GEL,,,,2026-03-04
Shopping,Furniture Store,Credit Card,20.26,EUR,,,,2026-03-04
Coffee,Morning Coffee,Travel Card,7.10,GEL,,,,2026-03-04
Entertainment,Spotify Subscription,Cash Wallet,9.63,USD,,,,2026-03-04
Groceries,Aldi,Checking Account,14.22,USD,,,,2026-03-04
Coffee,Cafe Mocha,Cash Wallet,2.11,USD,,,,2026-03-04
Entertainment,Concert Tickets,Credit Card,8.93,EUR,,,,2026-03-04
Dining Out,Thai Takeaway,Cash Wallet,9.28,USD,,,,2026-03-04
Travel,Flight Booking,Cash Wallet,33.94,USD,,,,2026-03-04
Dining Out,Restaurant Le Petit,Cash Wallet,12.70,USD,,,,2026-03-04
Entertainment,Concert Tickets,Checking Account,3.52,USD,,,,2026-03-04
,Credit Card Payment,Cash Wallet,420.76,USD,Travel Card,1136.05,GEL,2026-03-04
Travel,Hotel Stay,Cash Wallet,28.31,USD,,,,2026-03-05
Coffee,Street Coffee,Credit Card,2.36,EUR,,,,2026-03-05
Dining Out,Restaurant Le Petit,Credit Card,9.99,EUR,,,,2026-03-05
Groceries,Trader Joe's,Credit Card,11.77,EUR,,,,2026-03-05
Entertainment,Spotify Subscription,Travel Card,8.80,GEL,,,,2026-03-05
Coffee,Cafe Mocha,Credit Card,2.45,EUR,,,,2026-03-05
Coffee,Street Coffee,Savings Account,1.96,EUR,,,,2026-03-05
Entertainment,Spotify Subscription,Cash Wallet,6.00,USD,,,,2026-03-05
Coffee,Latte To Go,Credit Card,4.20,EUR,,,,2026-03-05
Dining Out,Bistro du Coin,Travel Card,35.16,GEL,,,,2026-03-05
Transport,Fuel Station,Credit Card,2.74,EUR,,,,2026-03-05
Dining Out,Bistro du Coin,Cash Wallet,9.80,USD,,,,2026-03-05
Groceries,Whole Foods Market,Checking Account,13.52,USD,,,,2026-03-05
Transport,Train Ticket,Cash Wallet,8.14,USD,,,,2026-03-05
Coffee,Cafe Mocha,Savings Account,2.78,EUR,,,,2026-03-05
Groceries,Local Green Market,Travel Card,15.93,GEL,,,,2026-03-05
Groceries,Carrefour,Travel Card,29.39,GEL,,,,2026-03-05
Utilities,Internet Provider,Credit Card,18.62,EUR,,,,2026-03-05
,Credit Card Payment,Cash Wallet,79.51,USD,Travel Card,214.67,GEL,2026-03-05
,Top-up Travel Card,Checking Account,493.11,USD,Savings Account,453.66,EUR,2026-03-05
,Top-up Travel Card,Savings Account,1005.43,EUR,Cash Wallet,1092.86,USD,2026-03-05
,Top-up Travel Card,Savings Account,448.06,EUR,Cash Wallet,487.02,USD,2026-03-05
Entertainment,Concert Tickets,Credit Card,9.05,EUR,,,,2026-03-06
Coffee,Street Coffee,Credit Card,3.69,EUR,,,,2026-03-06
Utilities,Gas Bill,Credit Card,17.75,EUR,,,,2026-03-06
Travel,Travel Insurance,Checking Account,49.29,USD,,,,2026-03-06
Travel,Airbnb Stay,Cash Wallet,89.09,USD,,,,2026-03-06
Dining Out,Pizzeria Bella,Credit Card,5.15,EUR,,,,2026-03-06
Dining Out,Bistro du Coin,Cash Wallet,6.07,USD,,,,2026-03-06
Coffee,Espresso Bar,Credit Card,2.89,EUR,,,,2026-03-06
Transport,Metro Card Top-up,Checking Account,8.53,USD,,,,2026-03-06
Entertainment,Spotify Subscription,Checking Account,3.47,USD,,,,2026-03-06
Healthcare,Gym Membership,Checking Account,19.21,USD,,,,2026-03-06
Entertainment,Book Store,Savings Account,4.00,EUR,,,,2026-03-06
Dining Out,Burger Joint,Cash Wallet,12.51,USD,,,,2026-03-06
Transport,Train Ticket,Checking Account,6.25,USD,,,,2026-03-06
Coffee,Street Coffee,Checking Account,2.97,USD,,,,2026-03-06
Entertainment,Concert Tickets,Cash Wallet,8.19,USD,,,,2026-03-06
Groceries,Lidl,Savings Account,13.59,EUR,,,,2026-03-06
Transport,Bus Pass,Credit Card,3.33,EUR,,,,2026-03-06
Transport,Metro Card Top-up,Cash Wallet,7.78,USD,,,,2026-03-06
,Cash Withdrawal,Cash Wallet,1046.80,USD,Checking Account,1046.80,USD,2026-03-06
Coffee,Street Coffee,Credit Card,1.84,EUR,,,,2026-03-07
Groceries,Neighborhood Market,Checking Account,11.46,USD,,,,2026-03-07
Transport,Fuel Station,Credit Card,5.54,EUR,,,,2026-03-07
Coffee,Cafe Mocha,Checking Account,3.03,USD,,,,2026-03-07
Groceries,Lidl,Checking Account,5.15,USD,,,,2026-03-07
Shopping,Bookshop,Cash Wallet,21.03,USD,,,,2026-03-07
Transport,Train Ticket,Travel Card,8.18,GEL,,,,2026-03-07
Dining Out,Burger Joint,Credit Card,7.27,EUR,,,,2026-03-07
Coffee,Street Coffee,Credit Card,3.19,EUR,,,,2026-03-07
Groceries,Whole Foods Market,Cash Wallet,5.23,USD,,,,2026-03-07
Entertainment,Spotify Subscription,Checking Account,4.96,USD,,,,2026-03-07
Coffee,Latte To Go,Cash Wallet,4.37,USD,,,,2026-03-07
Transport,Taxi,Credit Card,2.84,EUR,,,,2026-03-07
Transport,Train Ticket,Cash Wallet,2.95,USD,,,,2026-03-07
Coffee,Cafe Mocha,Cash Wallet,2.33,USD,,,,2026-03-07
Dining Out,Bistro du Coin,Credit Card,6.03,EUR,,,,2026-03-07
,Cash Withdrawal,Cash Wallet,488.17,USD,Credit Card,449.12,EUR,2026-03-07
,Savings Deposit,Checking Account,287.39,USD,Savings Account,264.40,EUR,2026-03-07
,Savings Deposit,Cash Wallet,366.77,USD,Checking Account,366.77,USD,2026-03-07
,Savings Deposit,Savings Account,1198.94,EUR,Cash Wallet,1303.20,USD,2026-03-07
Shopping,Electronics Store,Cash Wallet,18.19,USD,,,,2026-03-08
Groceries,Lidl,Savings Account,11.70,EUR,,,,2026-03-08
Coffee,Street Coffee,Cash Wallet,2.24,USD,,,,2026-03-08
Groceries,Whole Foods Market,Cash Wallet,5.46,USD,,,,2026-03-08
Travel,Travel Insurance,Checking Account,82.53,USD,,,,2026-03-08
Travel,Car Rental,Checking Account,77.53,USD,,,,2026-03-08
Groceries,Neighborhood Market,Cash Wallet,14.63,USD,,,,2026-03-08
Coffee,Morning Coffee,Cash Wallet,2.37,USD,,,,2026-03-08
Dining Out,Bistro du Coin,Credit Card,7.48,EUR,,,,2026-03-08
Utilities,Electric Bill,Checking Account,27.19,USD,,,,2026-03-08
Dining Out,Sushi Bar,Checking Account,11.07,USD,,,,2026-03-08
Groceries,Whole Foods Market,Travel Card,30.91,GEL,,,,2026-03-08
Coffee,Morning Coffee,Checking Account,3.99,USD,,,,2026-03-08
Entertainment,Cinema Tickets,Travel Card,25.87,GEL,,,,2026-03-08
Groceries,Local Green Market,Cash Wallet,6.08,USD,,,,2026-03-08
Dining Out,Bistro du Coin,Cash Wallet,6.00,USD,,,,2026-03-08
Dining Out,Pizzeria Bella,Credit Card,11.82,EUR,,,,2026-03-08
Groceries,Neighborhood Market,Cash Wallet,12.05,USD,,,,2026-03-08
,Credit Card Payment,Savings Account,1249.89,EUR,Travel Card,3668.16,GEL,2026-03-08
Healthcare,Pharmacy,Credit Card,16.97,EUR,,,,2026-03-09
Groceries,Lidl,Credit Card,6.24,EUR,,,,2026-03-09
Entertainment,Steam Game,Checking Account,11.30,USD,,,,2026-03-09
Shopping,Amazon Order,Checking Account,20.25,USD,,,,2026-03-09
Groceries,Neighborhood Market,Cash Wallet,9.97,USD,,,,2026-03-09
Entertainment,Book Store,Cash Wallet,7.94,USD,,,,2026-03-09
Shopping,Furniture Store,Checking Account,6.47,USD,,,,2026-03-09
Shopping,Electronics Store,Travel Card,39.94,GEL,,,,2026-03-09
Coffee,Espresso Bar,Checking Account,3.90,USD,,,,2026-03-09
Groceries,Carrefour,Checking Account,9.80,USD,,,,2026-03-09
Shopping,Amazon Order,Cash Wallet,8.50,USD,,,,2026-03-09
Transport,Train Ticket,Checking Account,5.93,USD,,,,2026-03-09
Groceries,Trader Joe's,Cash Wallet,5.75,USD,,,,2026-03-09
Coffee,Espresso Bar,Savings Account,2.06,EUR,,,,2026-03-09
Coffee,Morning Coffee,Cash Wallet,4.34,USD,,,,2026-03-09
Groceries,Local Green Market,Cash Wallet,14.87,USD,,,,2026-03-09
Groceries,Whole Foods Market,Credit Card,9.43,EUR,,,,2026-03-09
Coffee,Latte To Go,Checking Account,4.80,USD,,,,2026-03-09
,Transfer to Savings,Savings Account,333.53,EUR,Credit Card,333.53,EUR,2026-03-09
Coffee,Cafe Mocha,Travel Card,10.88,GEL,,,,2026-03-10
Travel,Airbnb Stay,Cash Wallet,92.59,USD,,,,2026-03-10
Dining Out,Restaurant Le Petit,Cash Wallet,6.23,USD,,,,2026-03-10
Healthcare,Gym Membership,Cash Wallet,10.23,USD,,,,2026-03-10
Entertainment,Spotify Subscription,Credit Card,10.48,EUR,,,,2026-03-10
Shopping,Furniture Store,Credit Card,4.97,EUR,,,,2026-03-10
Dining Out,Restaurant Le Petit,Checking Account,12.17,USD,,,,2026-03-10
Dining Out,Bistro du Coin,Credit Card,4.54,EUR,,,,2026-03-10
Entertainment,Steam Game,Checking Account,4.77,USD,,,,2026-03-10
Dining Out,Restaurant Le Petit,Cash Wallet,13.54,USD,,,,2026-03-10
Groceries,Whole Foods Market,Cash Wallet,12.58,USD,,,,2026-03-10
Groceries,Neighborhood Market,Cash Wallet,14.23,USD,,,,2026-03-10
Groceries,Aldi,Cash Wallet,11.30,USD,,,,2026-03-10
Entertainment,Book Store,Cash Wallet,3.11,USD,,,,2026-03-10
Coffee,Street Coffee,Checking Account,4.33,USD,,,,2026-03-10
Transport,Train Ticket,Cash Wallet,7.72,USD,,,,2026-03-10
Groceries,Neighborhood Market,Travel Card,19.72,GEL,,,,2026-03-10
Coffee,Cafe Mocha,Checking Account,2.48,USD,,,,2026-03-10
Salary,Monthly Salary,,,,Checking Account,1521.67,USD,2026-03-10
,Top-up Travel Card,Checking Account,399.12,USD,Savings Account,367.19,EUR,2026-03-10
Transport,Metro Card Top-up,Credit Card,3.86,EUR,,,,2026-03-11
Coffee,Morning Coffee,Checking Account,3.16,USD,,,,2026-03-11
Groceries,Whole Foods Market,Cash Wallet,10.41,USD,,,,2026-03-11
Dining Out,Coffee Shop,Checking Account,7.80,USD,,,,2026-03-11
Dining Out,Bistro du Coin,Checking Account,9.82,USD,,,,2026-03-11
Coffee,Cafe Mocha,Credit Card,1.80,EUR,,,,2026-03-11
Coffee,Cafe Mocha,Credit Card,4.23,EUR,,,,2026-03-11
Healthcare,Pharmacy,Cash Wallet,11.56,USD,,,,2026-03-11
Dining Out,Bistro du Coin,Credit Card,7.76,EUR,,,,2026-03-11
Coffee,Street Coffee,Cash Wallet,2.25,USD,,,,2026-03-11
Coffee,Street Coffee,Checking Account,2.26,USD,,,,2026-03-11
Transport,Train Ticket,Cash Wallet,5.26,USD,,,,2026-03-11
Utilities,Internet Provider,Travel Card,72.14,GEL,,,,2026-03-11
Coffee,Morning Coffee,Credit Card,2.79,EUR,,,,2026-03-11
Utilities,Internet Provider,Cash Wallet,33.29,USD,,,,2026-03-11
,Savings Deposit,Credit Card,587.11,EUR,Checking Account,638.16,USD,2026-03-11
,Cash Withdrawal,Checking Account,793.49,USD,Savings Account,730.01,EUR,2026-03-11
,Credit Card Payment,Savings Account,1216.80,EUR,Credit Card,1216.80,EUR,2026-03-11
Coffee,Cafe Mocha,Checking Account,2.13,USD,,,,2026-03-12
Groceries,Aldi,Checking Account,12.61,USD,,,,2026-03-12
Coffee,Espresso Bar,Credit Card,3.74,EUR,,,,2026-03-12
Entertainment,Cinema Tickets,Checking Account,9.18,USD,,,,2026-03-12
Transport,Fuel Station,Checking Account,6.44,USD,,,,2026-03-12
Groceries,Local Green Market,Credit Card,11.55,EUR,,,,2026-03-12
Groceries,Neighborhood Market,Cash Wallet,14.86,USD,,,,2026-03-12
Entertainment,Concert Tickets,Checking Account,7.90,USD,,,,2026-03-12
Groceries,Aldi,Checking Account,9.58,USD,,,,2026-03-12
Transport,Taxi,Checking Account,7.10,USD,,,,2026-03-12
,Savings Deposit,Savings Account,1193.19,EUR,Cash Wallet,1296.95,USD,2026-03-12
,Credit Card Payment,Checking Account,576.58,USD,Travel Card,1556.77,GEL,2026-03-12
,Transfer to Savings,Cash Wallet,505.73,USD,Credit Card,465.27,EUR,2026-03-12
Shopping,Clothing Store,Cash Wallet,10.49,USD,,,,2026-03-13
Groceries,Carrefour,Cash Wallet,12.39,USD,,,,2026-03-13
Healthcare,Pharmacy,Cash Wallet,7.16,USD,,,,2026-03-13
Coffee,Street Coffee,Checking Account,2.14,USD,,,,2026-03-13
Coffee,Espresso Bar,Credit Card,2.64,EUR,,,,2026-03-13
Dining Out,Thai Takeaway,Credit Card,7.28,EUR,,,,2026-03-13
Utilities,Water Utility,Travel Card,46.17,GEL,,,,2026-03-13
Groceries,Neighborhood Market,Credit Card,12.56,EUR,,,,2026-03-13
Coffee,Latte To Go,Checking Account,2.66,USD,,,,2026-03-13
Coffee,Street Coffee,Credit Card,4.20,EUR,,,,2026-03-13
Groceries,Whole Foods Market,Cash Wallet,5.89,USD,,,,2026-03-13
,Transfer to Savings,Credit Card,1061.12,EUR,Travel Card,3114.15,GEL,2026-03-13
,Credit Card Payment,Credit Card,506.03,EUR,Savings Account,506.03,EUR,2026-03-13
Utilities,Phone Bill,Credit Card,15.19,EUR,,,,2026-03-14
Utilities,Phone Bill,Travel Card,24.23,GEL,,,,2026-03-14
Coffee,Latte To Go,Credit Card,3.18,EUR,,,,2026-03-14
Groceries,Aldi,Checking Account,8.43,USD,,,,2026-03-14
Coffee,Espresso Bar,Savings Account,2.20,EUR,,,,2026-03-14
Transport,Metro Card Top-up,Checking Account,6.13,USD,,,,2026-03-14
Shopping,Clothing Store,Credit Card,20.08,EUR,,,,2026-03-14
Transport,Bus Pass,Checking Account,4.67,USD,,,,2026-03-14
Coffee,Latte To Go,Credit Card,2.77,EUR,,,,2026-03-14
Groceries,Neighborhood Market,Credit Card,5.60,EUR,,,,2026-03-14
Dining Out,Coffee Shop,Credit Card,10.78,EUR,,,,2026-03-14
Healthcare,Pharmacy,Checking Account,19.22,USD,,,,2026-03-14
,Credit Card Payment,Cash Wallet,919.00,USD,Checking Account,919.00,USD,2026-03-14
,Credit Card Payment,Travel Card,2889.95,GEL,Credit Card,984.72,EUR,2026-03-14
,Transfer to Savings,Travel Card,306.24,GEL,Credit Card,104.35,EUR,2026-03-14
Coffee,Morning Coffee,Checking Account,3.58,USD,,,,2026-03-15
Transport,Bus Pass,Cash Wallet,3.63,USD,,,,2026-03-15
Dining Out,Thai Takeaway,Cash Wallet,11.68,USD,,,,2026-03-15
Transport,Fuel Station,Credit Card,7.44,EUR,,,,2026-03-15
Dining Out,Thai Takeaway,Credit Card,11.96,EUR,,,,2026-03-15
Coffee,Morning Coffee,Travel Card,8.87,GEL,,,,2026-03-15
Dining Out,Coffee Shop,Checking Account,4.66,USD,,,,2026-03-15
Dining Out,Sushi Bar,Checking Account,7.05,USD,,,,2026-03-15
Healthcare,Dental Clinic,Checking Account,12.74,USD,,,,2026-03-15
Groceries,Whole Foods Market,Credit Card,10.49,EUR,,,,2026-03-15
Coffee,Street Coffee,Credit Card,3.53,EUR,,,,2026-03-15
Transport,Fuel Station,Credit Card,4.44,EUR,,,,2026-03-15
Coffee,Latte To Go,Savings Account,2.15,EUR,,,,2026-03-15
Utilities,Electric Bill,Cash Wallet,30.48,USD,,,,2026-03-15
Groceries,Whole Foods Market,Checking Account,7.61,USD,,,,2026-03-15
Healthcare,Pharmacy,Credit Card,5.46,EUR,,,,2026-03-15
,Transfer to Savings,Cash Wallet,1148.15,USD,Checking Account,1148.15,USD,2026-03-15
Travel,Car Rental,Travel Card,164.95,GEL,,,,2026-03-16
Entertainment,Spotify Subscription,Credit Card,9.87,EUR,,,,2026-03-16
Entertainment,Netflix Subscription,Cash Wallet,4.62,USD,,,,2026-03-16
Transport,Metro Card Top-up,Credit Card,1.79,EUR,,,,2026-03-16
Coffee,Cafe Mocha,Credit Card,3.97,EUR,,,,2026-03-16
Groceries,Local Green Market,Cash Wallet,14.25,USD,,,,2026-03-16
Entertainment,Netflix Subscription,Cash Wallet,10.58,USD,,,,2026-03-16
Entertainment,Book Store,Checking Account,6.98,USD,,,,2026-03-16
Coffee,Morning Coffee,Credit Card,2.62,EUR,,,,2026-03-16
Dining Out,Restaurant Le Petit,Savings Account,10.36,EUR,,,,2026-03-16
Coffee,Cafe Mocha,Savings Account,2.63,EUR,,,,2026-03-16
Transport,Fuel Station,Credit Card,4.16,EUR,,,,2026-03-16
Travel,Travel Insurance,Travel Card,148.73,GEL,,,,2026-03-16
Healthcare,Dental Clinic,Cash Wallet,16.98,USD,,,,2026-03-16
Transport,Ride Share,Checking Account,5.65,USD,,,,2026-03-16
Shopping,Furniture Store,Checking Account,7.41,USD,,,,2026-03-16
Groceries,Local Green Market,Credit Card,9.54,EUR,,,,2026-03-16
Groceries,Local Green Market,Checking Account,12.42,USD,,,,2026-03-16
Shopping,Amazon Order,Travel Card,23.77,GEL,,,,2026-03-16
Dining Out,Restaurant Le Petit,Cash Wallet,7.42,USD,,,,2026-03-16
,Top-up Travel Card,Credit Card,1116.86,EUR,Cash Wallet,1213.97,USD,2026-03-16
Transport,Ride Share,Checking Account,7.85,USD,,,,2026-03-17
Coffee,Espresso Bar,Cash Wallet,3.31,USD,,,,2026-03-17
Shopping,Bookshop,Savings Account,7.25,EUR,,,,2026-03-17
Coffee,Cafe Mocha,Checking Account,2.45,USD,,,,2026-03-17
Dining Out,Restaurant Le Petit,Checking Account,8.38,USD,,,,2026-03-17
Utilities,Electric Bill,Credit Card,12.04,EUR,,,,2026-03-17
Groceries,Trader Joe's,Cash Wallet,5.22,USD,,,,2026-03-17
Coffee,Latte To Go,Credit Card,2.52,EUR,,,,2026-03-17
Coffee,Cafe Mocha,Checking Account,4.49,USD,,,,2026-03-17
Utilities,Phone Bill,Cash Wallet,10.42,USD,,,,2026-03-17
Entertainment,Book Store,Cash Wallet,6.64,USD,,,,2026-03-17
Transport,Metro Card Top-up,Travel Card,11.40,GEL,,,,2026-03-17
Shopping,Electronics Store,Credit Card,18.78,EUR,,,,2026-03-17
Coffee,Morning Coffee,Checking Account,2.84,USD,,,,2026-03-17
,Cash Withdrawal,Checking Account,147.43,USD,Credit Card,135.63,EUR,2026-03-17
,Top-up Travel Card,Savings Account,1027.47,EUR,Checking Account,1116.81,USD,2026-03-17
,Top-up Travel Card,Savings Account,898.19,EUR,Travel Card,2636.00,GEL,2026-03-17
,Top-up Travel Card,Savings Account,430.60,EUR,Checking Account,468.04,USD,2026-03-17
,Savings Deposit,Travel Card,958.02,GEL,Savings Account,326.44,EUR,2026-03-17
Groceries,Trader Joe's,Checking Account,10.41,USD,,,,2026-03-18
Transport,Bus Pass,Checking Account,7.86,USD,,,,2026-03-18
Travel,Flight Booking,Cash Wallet,47.72,USD,,,,2026-03-18
Dining Out,Pizzeria Bella,Savings Account,9.64,EUR,,,,2026-03-18
Groceries,Lidl,Checking Account,5.88,USD,,,,2026-03-18
Coffee,Latte To Go,Checking Account,3.54,USD,,,,2026-03-18
Coffee,Cafe Mocha,Travel Card,9.65,GEL,,,,2026-03-18
Coffee,Cafe Mocha,Cash Wallet,4.09,USD,,,,2026-03-18
Groceries,Aldi,Cash Wallet,14.27,USD,,,,2026-03-18
Coffee,Latte To Go,Travel Card,6.16,GEL,,,,2026-03-18
Groceries,Carrefour,Checking Account,8.22,USD,,,,2026-03-18
Transport,Train Ticket,Cash Wallet,4.19,USD,,,,2026-03-18
Groceries,Aldi,Checking Account,9.77,USD,,,,2026-03-18
Dining Out,Burger Joint,Cash Wallet,6.83,USD,,,,2026-03-18
Dining Out,Burger Joint,Credit Card,3.86,EUR,,,,2026-03-18
Entertainment,Concert Tickets,Cash Wallet,10.16,USD,,,,2026-03-18
Entertainment,Steam Game,Cash Wallet,2.98,USD,,,,2026-03-18
Groceries,Lidl,Cash Wallet,13.86,USD,,,,2026-03-18
Transport,Ride Share,Checking Account,7.27,USD,,,,2026-03-18
,Cash Withdrawal,Savings Account,847.39,EUR,Checking Account,921.07,USD,2026-03-18
Entertainment,Concert Tickets,Checking Account,6.07,USD,,,,2026-03-19
Transport,Ride Share,Travel Card,10.57,GEL,,,,2026-03-19
Coffee,Espresso Bar,Cash Wallet,4.51,USD,,,,2026-03-19
Transport,Metro Card Top-up,Credit Card,2.44,EUR,,,,2026-03-19
Utilities,Internet Provider,Cash Wallet,9.55,USD,,,,2026-03-19
Groceries,Neighborhood Market,Cash Wallet,9.31,USD,,,,2026-03-19
Dining Out,Thai Takeaway,Credit Card,11.24,EUR,,,,2026-03-19
Entertainment,Book Store,Checking Account,3.45,USD,,,,2026-03-19
Entertainment,Cinema Tickets,Credit Card,5.59,EUR,,,,2026-03-19
Groceries,Aldi,Checking Account,13.45,USD,,,,2026-03-19
Groceries,Carrefour,Credit Card,5.46,EUR,,,,2026-03-19
Transport,Metro Card Top-up,Travel Card,18.24,GEL,,,,2026-03-19
Utilities,Gas Bill,Cash Wallet,17.50,USD,,,,2026-03-19
Shopping,Bookshop,Checking Account,10.14,USD,,,,2026-03-19
Transport,Bus Pass,Travel Card,12.40,GEL,,,,2026-03-19
Coffee,Morning Coffee,Checking Account,3.28,USD,,,,2026-03-19
,Savings Deposit,Checking Account,417.24,USD,Cash Wallet,417.24,USD,2026-03-19
Transport,Taxi,Cash Wallet,4.24,USD,,,,2026-03-20
Coffee,Morning Coffee,Checking Account,4.56,USD,,,,2026-03-20
Shopping,Clothing Store,Cash Wallet,16.90,USD,,,,2026-03-20
Transport,Taxi,Checking Account,7.79,USD,,,,2026-03-20
Shopping,Electronics Store,Credit Card,10.64,EUR,,,,2026-03-20
Coffee,Espresso Bar,Cash Wallet,3.45,USD,,,,2026-03-20
Coffee,Cafe Mocha,Travel Card,9.27,GEL,,,,2026-03-20
Entertainment,Book Store,Cash Wallet,10.50,USD,,,,2026-03-20
Travel,Travel Insurance,Credit Card,71.21,EUR,,,,2026-03-20
Dining Out,Sushi Bar,Cash Wallet,3.99,USD,,,,2026-03-20
Shopping,Clothing Store,Cash Wallet,24.19,USD,,,,2026-03-20
Coffee,Cafe Mocha,Credit Card,2.82,EUR,,,,2026-03-20
Entertainment,Cinema Tickets,Checking Account,10.83,USD,,,,2026-03-20
Coffee,Espresso Bar,Credit Card,2.53,EUR,,,,2026-03-20
Dining Out,Burger Joint,Checking Account,8.46,USD,,,,2026-03-20
Entertainment,Steam Game,Cash Wallet,10.56,USD,,,,2026-03-20
Groceries,Lidl,Cash Wallet,11.68,USD,,,,2026-03-20
Groceries,Trader Joe's,Cash Wallet,12.26,USD,,,,2026-03-20
Groceries,Aldi,Credit Card,7.98,EUR,,,,2026-03-20
,Credit Card Payment,Travel Card,1198.26,GEL,Cash Wallet,443.80,USD,2026-03-20
Dining Out,Burger Joint,Checking Account,9.86,USD,,,,2026-03-21
Groceries,Trader Joe's,Checking Account,9.99,USD,,,,2026-03-21
Coffee,Street Coffee,Cash Wallet,4.29,USD,,,,2026-03-21
Dining Out,Coffee Shop,Cash Wallet,11.91,USD,,,,2026-03-21
Transport,Bus Pass,Credit Card,2.14,EUR,,,,2026-03-21
Dining Out,Restaurant Le Petit,Checking Account,8.32,USD,,,,2026-03-21
Coffee,Espresso Bar,Credit Card,2.52,EUR,,,,2026-03-21
Groceries,Local Green Market,Credit Card,4.91,EUR,,,,2026-03-21
Healthcare,Pharmacy,Cash Wallet,5.53,USD,,,,2026-03-21
Dining Out,Restaurant Le Petit,Cash Wallet,10.36,USD,,,,2026-03-21
Coffee,Latte To Go,Cash Wallet,3.19,USD,,,,2026-03-21
Coffee,Espresso Bar,Savings Account,2.23,EUR,,,,2026-03-21
Coffee,Street Coffee,Cash Wallet,4.11,USD,,,,2026-03-21
Transport,Ride Share,Credit Card,2.67,EUR,,,,2026-03-21
Coffee,Cafe Mocha,Credit Card,2.75,EUR,,,,2026-03-22
Entertainment,Steam Game,Checking Account,6.18,USD,,,,2026-03-22
Groceries,Local Green Market,Checking Account,5.08,USD,,,,2026-03-22
Dining Out,Thai Takeaway,Credit Card,9.62,EUR,,,,2026-03-22
Transport,Metro Card Top-up,Credit Card,1.82,EUR,,,,2026-03-22
Groceries,Local Green Market,Checking Account,13.00,USD,,,,2026-03-22
Entertainment,Netflix Subscription,Checking Account,7.53,USD,,,,2026-03-22
Healthcare,Pharmacy,Checking Account,15.73,USD,,,,2026-03-22
Coffee,Morning Coffee,Checking Account,3.94,USD,,,,2026-03-22
Groceries,Trader Joe's,Cash Wallet,11.12,USD,,,,2026-03-22
Groceries,Neighborhood Market,Credit Card,13.75,EUR,,,,2026-03-22
Entertainment,Cinema Tickets,Checking Account,3.26,USD,,,,2026-03-22
Transport,Train Ticket,Checking Account,7.36,USD,,,,2026-03-22
Healthcare,Doctor Visit,Checking Account,8.53,USD,,,,2026-03-22
Coffee,Morning Coffee,Travel Card,6.03,GEL,,,,2026-03-22
Utilities,Phone Bill,Credit Card,14.26,EUR,,,,2026-03-22
Groceries,Lidl,Travel Card,24.64,GEL,,,,2026-03-22
Dining Out,Bistro du Coin,Travel Card,29.65,GEL,,,,2026-03-22
Coffee,Espresso Bar,Cash Wallet,3.23,USD,,,,2026-03-22
Coffee,Espresso Bar,Cash Wallet,4.35,USD,,,,2026-03-22
Utilities,Gas Bill,Credit Card,13.18,EUR,,,,2026-03-22
Transport,Ride Share,Cash Wallet,7.77,USD,,,,2026-03-22
Dining Out,Sushi Bar,Credit Card,6.82,EUR,,,,2026-03-22
Coffee,Cafe Mocha,Checking Account,3.10,USD,,,,2026-03-22
Coffee,Morning Coffee,Checking Account,4.66,USD,,,,2026-03-22
Coffee,Morning Coffee,Credit Card,2.23,EUR,,,,2026-03-22
,Transfer to Savings,Checking Account,253.32,USD,Credit Card,233.06,EUR,2026-03-22
,Top-up Travel Card,Credit Card,168.42,EUR,Checking Account,183.06,USD,2026-03-22
,Top-up Travel Card,Credit Card,660.42,EUR,Travel Card,1938.19,GEL,2026-03-22
Dining Out,Bistro du Coin,Checking Account,10.88,USD,,,,2026-03-23
Coffee,Espresso Bar,Checking Account,2.34,USD,,,,2026-03-23
Coffee,Street Coffee,Travel Card,8.87,GEL,,,,2026-03-23
Dining Out,Bistro du Coin,Checking Account,6.64,USD,,,,2026-03-23
Dining Out,Burger Joint,Credit Card,5.64,EUR,,,,2026-03-23
Shopping,Amazon Order,Checking Account,6.05,USD,,,,2026-03-23
Healthcare,Optician,Checking Account,16.54,USD,,,,2026-03-23
Groceries,Aldi,Checking Account,14.79,USD,,,,2026-03-23
Coffee,Latte To Go,Cash Wallet,3.33,USD,,,,2026-03-23
Utilities,Water Utility,Cash Wallet,13.63,USD,,,,2026-03-23
Entertainment,Book Store,Checking Account,3.57,USD,,,,2026-03-23
Shopping,Bookshop,Cash Wallet,15.01,USD,,,,2026-03-23
Dining Out,Thai Takeaway,Cash Wallet,8.69,USD,,,,2026-03-23
Coffee,Latte To Go,Credit Card,3.81,EUR,,,,2026-03-23
Coffee,Morning Coffee,Travel Card,12.51,GEL,,,,2026-03-23
Transport,Taxi,Travel Card,15.32,GEL,,,,2026-03-23
Dining Out,Burger Joint,Cash Wallet,13.33,USD,,,,2026-03-23
Dining Out,Thai Takeaway,Cash Wallet,5.30,USD,,,,2026-03-23
Entertainment,Steam Game,Checking Account,10.16,USD,,,,2026-03-23
Entertainment,Netflix Subscription,Cash Wallet,9.15,USD,,,,2026-03-23
Healthcare,Dental Clinic,Cash Wallet,13.86,USD,,,,2026-03-24
Coffee,Street Coffee,Cash Wallet,4.69,USD,,,,2026-03-24
Groceries,Aldi,Savings Account,7.41,EUR,,,,2026-03-24
Transport,Ride Share,Cash Wallet,4.03,USD,,,,2026-03-24
Entertainment,Steam Game,Checking Account,10.25,USD,,,,2026-03-24
Utilities,Phone Bill,Credit Card,7.95,EUR,,,,2026-03-24
Travel,Travel Insurance,Checking Account,75.97,USD,,,,2026-03-24
Coffee,Espresso Bar,Credit Card,3.00,EUR,,,,2026-03-24
Utilities,Electric Bill,Credit Card,19.45,EUR,,,,2026-03-24
Entertainment,Book Store,Cash Wallet,10.32,USD,,,,2026-03-24
Entertainment,Spotify Subscription,Credit Card,4.56,EUR,,,,2026-03-24
Healthcare,Dental Clinic,Checking Account,13.79,USD,,,,2026-03-24
Utilities,Water Utility,Cash Wallet,31.54,USD,,,,2026-03-24
Transport,Train Ticket,Travel Card,5.23,GEL,,,,2026-03-24
,Cash Withdrawal,Travel Card,2974.63,GEL,Savings Account,1013.58,EUR,2026-03-24
,Cash Withdrawal,Checking Account,216.46,USD,Cash Wallet,216.46,USD,2026-03-24
,Top-up Travel Card,Cash Wallet,1024.15,USD,Savings Account,942.22,EUR,2026-03-24
Groceries,Lidl,Credit Card,10.86,EUR,,,,2026-03-25
Entertainment,Cinema Tickets,Checking Account,7.99,USD,,,,2026-03-25
Shopping,Clothing Store,Cash Wallet,17.14,USD,,,,2026-03-25
Entertainment,Netflix Subscription,Cash Wallet,5.77,USD,,,,2026-03-25
Shopping,Electronics Store,Cash Wallet,20.54,USD,,,,2026-03-25
Coffee,Cafe Mocha,Credit Card,4.24,EUR,,,,2026-03-25
Transport,Ride Share,Checking Account,6.51,USD,,,,2026-03-25
Entertainment,Book Store,Cash Wallet,5.76,USD,,,,2026-03-25
Transport,Bus Pass,Checking Account,7.35,USD,,,,2026-03-25
Transport,Ride Share,Credit Card,6.96,EUR,,,,2026-03-25
Entertainment,Steam Game,Travel Card,29.88,GEL,,,,2026-03-25
Groceries,Whole Foods Market,Credit Card,12.07,EUR,,,,2026-03-25
Dining Out,Thai Takeaway,Cash Wallet,5.13,USD,,,,2026-03-25
Groceries,Local Green Market,Credit Card,5.35,EUR,,,,2026-03-25
Healthcare,Pharmacy,Checking Account,17.53,USD,,,,2026-03-25
,Transfer to Savings,Cash Wallet,1172.49,USD,Checking Account,1172.49,USD,2026-03-25
Healthcare,Dental Clinic,Checking Account,16.18,USD,,,,2026-03-26
Dining Out,Restaurant Le Petit,Credit Card,3.98,EUR,,,,2026-03-26
Dining Out,Burger Joint,Checking Account,6.34,USD,,,,2026-03-26
Groceries,Lidl,Cash Wallet,9.01,USD,,,,2026-03-26
Entertainment,Netflix Subscription,Cash Wallet,6.04,USD,,,,2026-03-26
Shopping,Bookshop,Credit Card,10.58,EUR,,,,2026-03-26
Transport,Fuel Station,Savings Account,6.69,EUR,,,,2026-03-26
Shopping,Furniture Store,Credit Card,5.87,EUR,,,,2026-03-26
Groceries,Aldi,Cash Wallet,8.69,USD,,,,2026-03-26
Coffee,Street Coffee,Checking Account,2.35,USD,,,,2026-03-26
Dining Out,Pizzeria Bella,Checking Account,5.33,USD,,,,2026-03-26
Transport,Ride Share,Credit Card,1.82,EUR,,,,2026-03-26
Groceries,Whole Foods Market,Checking Account,11.59,USD,,,,2026-03-26
Entertainment,Steam Game,Cash Wallet,6.06,USD,,,,2026-03-26
Transport,Train Ticket,Travel Card,8.01,GEL,,,,2026-03-26
Coffee,Cafe Mocha,Cash Wallet,3.17,USD,,,,2026-03-26
Groceries,Trader Joe's,Travel Card,24.16,GEL,,,,2026-03-26
Shopping,Clothing Store,Checking Account,15.57,USD,,,,2026-03-26
Transport,Metro Card Top-up,Cash Wallet,8.20,USD,,,,2026-03-26
,Top-up Travel Card,Checking Account,628.37,USD,Cash Wallet,628.37,USD,2026-03-26
,Credit Card Payment,Checking Account,495.40,USD,Cash Wallet,495.40,USD,2026-03-26
Shopping,Electronics Store,Checking Account,18.20,USD,,,,2026-03-27
Groceries,Local Green Market,Cash Wallet,14.10,USD,,,,2026-03-27
Transport,Ride Share,Cash Wallet,4.15,USD,,,,2026-03-27
Coffee,Morning Coffee,Cash Wallet,4.21,USD,,,,2026-03-27
Healthcare,Dental Clinic,Checking Account,6.77,USD,,,,2026-03-27
Entertainment,Cinema Tickets,Checking Account,3.95,USD,,,,2026-03-27
Dining Out,Coffee Shop,Savings Account,9.28,EUR,,,,2026-03-27
Groceries,Whole Foods Market,Credit Card,7.01,EUR,,,,2026-03-27
Travel,Hotel Stay,Checking Account,110.60,USD,,,,2026-03-27
Transport,Fuel Station,Cash Wallet,5.07,USD,,,,2026-03-27
Groceries,Neighborhood Market,Cash Wallet,5.44,USD,,,,2026-03-27
Coffee,Espresso Bar,Cash Wallet,4.21,USD,,,,2026-03-27
Dining Out,Burger Joint,Cash Wallet,7.39,USD,,,,2026-03-27
Coffee,Morning Coffee,Credit Card,3.57,EUR,,,,2026-03-27
Dining Out,Coffee Shop,Credit Card,9.29,EUR,,,,2026-03-27
Transport,Train Ticket,Cash Wallet,2.06,USD,,,,2026-03-27
Coffee,Street Coffee,Credit Card,3.56,EUR,,,,2026-03-27
Dining Out,Sushi Bar,Cash Wallet,4.94,USD,,,,2026-03-27
,Cash Withdrawal,Checking Account,219.04,USD,Cash Wallet,219.04,USD,2026-03-27
,Savings Deposit,Checking Account,1237.67,USD,Cash Wallet,1237.67,USD,2026-03-27
,Top-up Travel Card,Savings Account,451.32,EUR,Credit Card,451.32,EUR,2026-03-27
,Cash Withdrawal,Travel Card,3935.12,GEL,Cash Wallet,1457.45,USD,2026-03-27
,Transfer to Savings,Checking Account,798.61,USD,Cash Wallet,798.61,USD,2026-03-27
Coffee,Latte To Go,Credit Card,2.97,EUR,,,,2026-03-28
Coffee,Cafe Mocha,Cash Wallet,2.64,USD,,,,2026-03-28
Healthcare,Optician,Travel Card,29.82,GEL,,,,2026-03-28
Healthcare,Optician,Checking Account,15.98,USD,,,,2026-03-28
Healthcare,Dental Clinic,Checking Account,15.25,USD,,,,2026-03-28
Dining Out,Thai Takeaway,Credit Card,9.11,EUR,,,,2026-03-28
Groceries,Whole Foods Market,Travel Card,30.23,GEL,,,,2026-03-28
Entertainment,Spotify Subscription,Travel Card,7.87,GEL,,,,2026-03-28
Entertainment,Steam Game,Cash Wallet,6.55,USD,,,,2026-03-28
Transport,Metro Card Top-up,Cash Wallet,8.46,USD,,,,2026-03-28
Transport,Bus Pass,Cash Wallet,3.99,USD,,,,2026-03-28
Entertainment,Steam Game,Credit Card,8.24,EUR,,,,2026-03-28
Groceries,Trader Joe's,Cash Wallet,14.04,USD,,,,2026-03-28
Utilities,Phone Bill,Credit Card,13.53,EUR,,,,2026-03-28
Healthcare,Optician,Travel Card,13.41,GEL,,,,2026-03-28
Transport,Train Ticket,Travel Card,6.01,GEL,,,,2026-03-28
Coffee,Street Coffee,Credit Card,1.93,EUR,,,,2026-03-28
Coffee,Latte To Go,Savings Account,2.97,EUR,,,,2026-03-28
,Top-up Travel Card,Savings Account,58.82,EUR,Checking Account,63.93,USD,2026-03-28
,Cash Withdrawal,Checking Account,73.34,USD,Travel Card,198.02,GEL,2026-03-28
Entertainment,Spotify Subscription,Checking Account,3.02,USD,,,,2026-03-29
Entertainment,Steam Game,Cash Wallet,8.56,USD,,,,2026-03-29
Healthcare,Pharmacy,Cash Wallet,5.73,USD,,,,2026-03-29
Travel,Hotel Stay,Credit Card,79.40,EUR,,,,2026-03-29
Groceries,Trader Joe's,Savings Account,10.67,EUR,,,,2026-03-29
Transport,Bus Pass,Credit Card,2.45,EUR,,,,2026-03-29
Dining Out,Pizzeria Bella,Cash Wallet,13.37,USD,,,,2026-03-29
Coffee,Latte To Go,Travel Card,7.40,GEL,,,,2026-03-29
Transport,Bus Pass,Cash Wallet,6.11,USD,,,,2026-03-29
Groceries,Lidl,Cash Wallet,7.28,USD,,,,2026-03-29
,Top-up Travel Card,Credit Card,1113.74,EUR,Cash Wallet,1210.59,USD,2026-03-29
,Top-up Travel Card,Credit Card,393.20,EUR,Checking Account,427.40,USD,2026-03-29
,Savings Deposit,Credit Card,727.34,EUR,Cash Wallet,790.59,USD,2026-03-29
Dining Out,Coffee Shop,Cash Wallet,12.13,USD,,,,2026-03-30
Entertainment,Concert Tickets,Travel Card,23.44,GEL,,,,2026-03-30
Travel,Hotel Stay,Cash Wallet,43.87,USD,,,,2026-03-30
Coffee,Street Coffee,Checking Account,4.44,USD,,,,2026-03-30
Shopping,Clothing Store,Checking Account,14.28,USD,,,,2026-03-30
Transport,Train Ticket,Savings Account,2.79,EUR,,,,2026-03-30
Healthcare,Gym Membership,Cash Wallet,9.72,USD,,,,2026-03-30
Coffee,Cafe Mocha,Checking Account,3.66,USD,,,,2026-03-30
Transport,Fuel Station,Credit Card,6.93,EUR,,,,2026-03-30
Coffee,Cafe Mocha,Credit Card,3.16,EUR,,,,2026-03-30
,Savings Deposit,Savings Account,159.31,EUR,Checking Account,173.17,USD,2026-03-30
,Transfer to Savings,Travel Card,1723.95,GEL,Savings Account,587.42,EUR,2026-03-30
,Cash Withdrawal,Cash Wallet,1082.04,USD,Savings Account,995.48,EUR,2026-03-30
Coffee,Espresso Bar,Cash Wallet,2.85,USD,,,,2026-03-31
Groceries,Local Green Market,Cash Wallet,14.86,USD,,,,2026-03-31
Groceries,Lidl,Cash Wallet,14.94,USD,,,,2026-03-31
Dining Out,Bistro du Coin,Cash Wallet,9.96,USD,,,,2026-03-31
Groceries,Trader Joe's,Checking Account,14.78,USD,,,,2026-03-31
Groceries,Aldi,Savings Account,5.92,EUR,,,,2026-03-31
Coffee,Latte To Go,Cash Wallet,4.24,USD,,,,2026-03-31
Groceries,Trader Joe's,Credit Card,5.68,EUR,,,,2026-03-31
Shopping,Furniture Store,Cash Wallet,8.46,USD,,,,2026-03-31
Dining Out,Pizzeria Bella,Checking Account,8.89,USD,,,,2026-03-31
Dining Out,Sushi Bar,Credit Card,8.51,EUR,,,,2026-03-31
Coffee,Morning Coffee,Cash Wallet,2.75,USD,,,,2026-03-31
,Credit Card Payment,Checking Account,221.55,USD,Travel Card,598.19,GEL,2026-03-31
,Transfer to Savings,Cash Wallet,215.93,USD,Credit Card,198.65,EUR,2026-03-31
,Top-up Travel Card,Credit Card,943.30,EUR,Checking Account,1025.33,USD,2026-03-31
Groceries,Whole Foods Market,Credit Card,5.05,EUR,,,,2026-04-01
Utilities,Water Utility,Checking Account,33.04,USD,,,,2026-04-01
Coffee,Morning Coffee,Checking Account,2.42,USD,,,,2026-04-01
Entertainment,Concert Tickets,Checking Account,9.54,USD,,,,2026-04-01
Shopping,Bookshop,Credit Card,16.94,EUR,,,,2026-04-01
Groceries,Aldi,Checking Account,4.93,USD,,,,2026-04-01
Coffee,Morning Coffee,Cash Wallet,2.65,USD,,,,2026-04-01
Groceries,Lidl,Checking Account,9.46,USD,,,,2026-04-01
Travel,Hotel Stay,Checking Account,52.90,USD,,,,2026-04-01
Groceries,Whole Foods Market,Cash Wallet,7.83,USD,,,,2026-04-01
Transport,Train Ticket,Credit Card,4.82,EUR,,,,2026-04-01
Transport,Bus Pass,Credit Card,4.57,EUR,,,,2026-04-01
Healthcare,Pharmacy,Cash Wallet,19.01,USD,,,,2026-04-01
Groceries,Lidl,Cash Wallet,14.32,USD,,,,2026-04-01
Transport,Ride Share,Cash Wallet,1.99,USD,,,,2026-04-01
Dining Out,Coffee Shop,Checking Account,12.55,USD,,,,2026-04-01
,Transfer to Savings,Savings Account,936.35,EUR,Travel Card,2747.99,GEL,2026-04-01
,Top-up Travel Card,Checking Account,897.01,USD,Travel Card,2421.94,GEL,2026-04-01
,Cash Withdrawal,Checking Account,1485.52,USD,Credit Card,1366.68,EUR,2026-04-01
,Savings Deposit,Travel Card,1476.61,GEL,Credit Card,503.14,EUR,2026-04-01
Healthcare,Dental Clinic,Credit Card,7.84,EUR,,,,2026-04-02
Dining Out,Thai Takeaway,Travel Card,11.91,GEL,,,,2026-04-02
Groceries,Aldi,Checking Account,5.30,USD,,,,2026-04-02
Transport,Bus Pass,Cash Wallet,7.86,USD,,,,2026-04-02
Dining Out,Burger Joint,Cash Wallet,11.15,USD,,,,2026-04-02
Coffee,Cafe Mocha,Checking Account,3.49,USD,,,,2026-04-02
Groceries,Lidl,Credit Card,9.91,EUR,,,,2026-04-02
Healthcare,Doctor Visit,Savings Account,14.60,EUR,,,,2026-04-02
Dining Out,Coffee Shop,Credit Card,3.61,EUR,,,,2026-04-02
Coffee,Street Coffee,Checking Account,3.30,USD,,,,2026-04-02
Dining Out,Sushi Bar,Checking Account,9.58,USD,,,,2026-04-02
Shopping,Electronics Store,Credit Card,21.32,EUR,,,,2026-04-02
Healthcare,Optician,Credit Card,15.62,EUR,,,,2026-04-02
Coffee,Latte To Go,Travel Card,6.00,GEL,,,,2026-04-02
Dining Out,Restaurant Le Petit,Savings Account,11.26,EUR,,,,2026-04-02
Groceries,Carrefour,Cash Wallet,15.28,USD,,,,2026-04-02
Groceries,Lidl,Travel Card,37.99,GEL,,,,2026-04-02
Dining Out,Restaurant Le Petit,Cash Wallet,12.88,USD,,,,2026-04-02
Groceries,Aldi,Credit Card,5.75,EUR,,,,2026-04-02
Groceries,Aldi,Cash Wallet,7.31,USD,,,,2026-04-02
Utilities,Internet Provider,Checking Account,13.08,USD,,,,2026-04-02
Groceries,Aldi,Cash Wallet,6.42,USD,,,,2026-04-02
Shopping,Bookshop,Travel Card,20.62,GEL,,,,2026-04-03
Entertainment,Cinema Tickets,Checking Account,4.45,USD,,,,2026-04-03
Dining Out,Bistro du Coin,Checking Account,4.21,USD,,,,2026-04-03
Shopping,Furniture Store,Cash Wallet,23.84,USD,,,,2026-04-03
Groceries,Trader Joe's,Cash Wallet,5.46,USD,,,,2026-04-03
Coffee,Espresso Bar,Checking Account,4.28,USD,,,,2026-04-03
Entertainment,Spotify Subscription,Checking Account,7.83,USD,,,,2026-04-03
Dining Out,Bistro du Coin,Credit Card,8.47,EUR,,,,2026-04-03
Entertainment,Netflix Subscription,Credit Card,3.51,EUR,,,,2026-04-03
Transport,Bus Pass,Checking Account,4.82,USD,,,,2026-04-03
Entertainment,Netflix Subscription,Checking Account,9.76,USD,,,,2026-04-03
Groceries,Aldi,Checking Account,9.84,USD,,,,2026-04-03
Coffee,Espresso Bar,Credit Card,4.25,EUR,,,,2026-04-03
Shopping,Amazon Order,Cash Wallet,5.15,USD,,,,2026-04-03
Shopping,Amazon Order,Travel Card,41.33,GEL,,,,2026-04-03
Groceries,Carrefour,Travel Card,21.82,GEL,,,,2026-04-03
,Cash Withdrawal,Travel Card,3269.93,GEL,Checking Account,1211.09,USD,2026-04-03
,Top-up Travel Card,Cash Wallet,103.94,USD,Credit Card,95.62,EUR,2026-04-03
Dining Out,Pizzeria Bella,Cash Wallet,13.42,USD,,,,2026-04-04
Dining Out,Burger Joint,Credit Card,10.37,EUR,,,,2026-04-04
Groceries,Whole Foods Market,Credit Card,10.51,EUR,,,,2026-04-04
Entertainment,Spotify Subscription,Savings Account,8.64,EUR,,,,2026-04-04
Coffee,Street Coffee,Credit Card,3.74,EUR,,,,2026-04-04
Coffee,Street Coffee,Checking Account,3.96,USD,,,,2026-04-04
Transport,Train Ticket,Cash Wallet,8.34,USD,,,,2026-04-04
Transport,Ride Share,Travel Card,6.23,GEL,,,,2026-04-04
Entertainment,Book Store,Cash Wallet,4.14,USD,,,,2026-04-04
Transport,Metro Card Top-up,Cash Wallet,8.67,USD,,,,2026-04-04
Dining Out,Bistro du Coin,Checking Account,7.12,USD,,,,2026-04-04
Shopping,Furniture Store,Credit Card,18.74,EUR,,,,2026-04-04
,Cash Withdrawal,Travel Card,741.67,GEL,Savings Account,252.72,EUR,2026-04-04
,Cash Withdrawal,Savings Account,396.49,EUR,Cash Wallet,430.97,USD,2026-04-04
,Top-up Travel Card,Savings Account,111.34,EUR,Travel Card,326.76,GEL,2026-04-04
Groceries,Local Green Market,Credit Card,6.89,EUR,,,,2026-04-05
Dining Out,Thai Takeaway,Checking Account,8.25,USD,,,,2026-04-05
Groceries,Trader Joe's,Savings Account,10.04,EUR,,,,2026-04-05
Coffee,Cafe Mocha,Travel Card,6.32,GEL,,,,2026-04-05
Coffee,Cafe Mocha,Cash Wallet,4.07,USD,,,,2026-04-05
Dining Out,Burger Joint,Credit Card,9.75,EUR,,,,2026-04-05
Dining Out,Bistro du Coin,Checking Account,9.29,USD,,,,2026-04-05
Coffee,Morning Coffee,Savings Account,4.08,EUR,,,,2026-04-05
Groceries,Trader Joe's,Credit Card,7.40,EUR,,,,2026-04-05
Groceries,Neighborhood Market,Savings Account,8.05,EUR,,,,2026-04-05
Groceries,Trader Joe's,Checking Account,8.79,USD,,,,2026-04-05
Coffee,Espresso Bar,Cash Wallet,2.74,USD,,,,2026-04-05
Transport,Metro Card Top-up,Cash Wallet,7.34,USD,,,,2026-04-05
Groceries,Trader Joe's,Travel Card,18.32,GEL,,,,2026-04-05
Groceries,Neighborhood Market,Cash Wallet,8.00,USD,,,,2026-04-05
,Top-up Travel Card,Credit Card,131.81,EUR,Savings Account,131.81,EUR,2026-04-05
Groceries,Aldi,Checking Account,5.50,USD,,,,2026-04-06
Groceries,Carrefour,Credit Card,4.85,EUR,,,,2026-04-06
Coffee,Espresso Bar,Cash Wallet,2.36,USD,,,,2026-04-06
Entertainment,Concert Tickets,Checking Account,10.60,USD,,,,2026-04-06
Groceries,Local Green Market,Cash Wallet,4.97,USD,,,,2026-04-06
Transport,Fuel Station,Cash Wallet,7.71,USD,,,,2026-04-06
Entertainment,Netflix Subscription,Savings Account,7.19,EUR,,,,2026-04-06
Coffee,Morning Coffee,Checking Account,3.05,USD,,,,2026-04-06
Coffee,Street Coffee,Checking Account,3.59,USD,,,,2026-04-06
Groceries,Lidl,Credit Card,5.35,EUR,,,,2026-04-06
,Savings Deposit,Cash Wallet,638.06,USD,Travel Card,1722.77,GEL,2026-04-06
,Transfer to Savings,Checking Account,304.86,USD,Savings Account,280.47,EUR,2026-04-06
Groceries,Carrefour,Credit Card,5.42,EUR,,,,2026-04-07
Coffee,Cafe Mocha,Credit Card,2.46,EUR,,,,2026-04-07
Dining Out,Coffee Shop,Credit Card,8.60,EUR,,,,2026-04-07
Dining Out,Coffee Shop,Credit Card,6.34,EUR,,,,2026-04-07
Groceries,Carrefour,Cash Wallet,5.19,USD,,,,2026-04-07
Dining Out,Pizzeria Bella,Cash Wallet,9.96,USD,,,,2026-04-07
Coffee,Street Coffee,Checking Account,2.56,USD,,,,2026-04-07
Dining Out,Thai Takeaway,Travel Card,18.30,GEL,,,,2026-04-07
Entertainment,Concert Tickets,Checking Account,7.67,USD,,,,2026-04-07
Entertainment,Book Store,Travel Card,14.32,GEL,,,,2026-04-07
Coffee,Latte To Go,Cash Wallet,3.76,USD,,,,2026-04-07
Entertainment,Steam Game,Checking Account,6.15,USD,,,,2026-04-07
Entertainment,Spotify Subscription,Credit Card,5.50,EUR,,,,2026-04-07
Dining Out,Coffee Shop,Checking Account,10.33,USD,,,,2026-04-07
Healthcare,Doctor Visit,Cash Wallet,17.04,USD,,,,2026-04-07
Healthcare,Doctor Visit,Cash Wallet,12.07,USD,,,,2026-04-07
Dining Out,Thai Takeaway,Cash Wallet,6.12,USD,,,,2026-04-07
Dining Out,Bistro du Coin,Cash Wallet,13.00,USD,,,,2026-04-07
Groceries,Neighborhood Market,Travel Card,21.18,GEL,,,,2026-04-07
Utilities,Phone Bill,Cash Wallet,12.29,USD,,,,2026-04-07
,Credit Card Payment,Savings Account,610.76,EUR,Travel Card,1792.45,GEL,2026-04-07
,Transfer to Savings,Credit Card,368.04,EUR,Checking Account,400.05,USD,2026-04-07
Dining Out,Burger Joint,Cash Wallet,12.64,USD,,,,2026-04-08
Utilities,Internet Provider,Cash Wallet,11.48,USD,,,,2026-04-08
Entertainment,Netflix Subscription,Checking Account,11.39,USD,,,,2026-04-08
Dining Out,Coffee Shop,Checking Account,9.22,USD,,,,2026-04-08
Healthcare,Pharmacy,Checking Account,9.65,USD,,,,2026-04-08
Transport,Metro Card Top-up,Travel Card,8.35,GEL,,,,2026-04-08
Entertainment,Book Store,Cash Wallet,9.97,USD,,,,2026-04-08
Transport,Train Ticket,Credit Card,2.27,EUR,,,,2026-04-08
Coffee,Street Coffee,Checking Account,2.83,USD,,,,2026-04-08
Transport,Taxi,Travel Card,20.00,GEL,,,,2026-04-08
Entertainment,Spotify Subscription,Cash Wallet,10.70,USD,,,,2026-04-08
Entertainment,Spotify Subscription,Checking Account,9.33,USD,,,,2026-04-08
Groceries,Local Green Market,Cash Wallet,13.25,USD,,,,2026-04-08
Entertainment,Concert Tickets,Credit Card,3.40,EUR,,,,2026-04-08
Coffee,Espresso Bar,Credit Card,3.70,EUR,,,,2026-04-08
Dining Out,Thai Takeaway,Travel Card,30.86,GEL,,,,2026-04-08
Dining Out,Bistro du Coin,Cash Wallet,12.30,USD,,,,2026-04-08
Healthcare,Dental Clinic,Travel Card,43.94,GEL,,,,2026-04-08
Transport,Train Ticket,Savings Account,3.76,EUR,,,,2026-04-08
Groceries,Trader Joe's,Cash Wallet,12.35,USD,,,,2026-04-09
Groceries,Lidl,Cash Wallet,8.13,USD,,,,2026-04-09
Transport,Bus Pass,Savings Account,4.73,EUR,,,,2026-04-09
Dining Out,Pizzeria Bella,Cash Wallet,8.68,USD,,,,2026-04-09
Transport,Bus Pass,Cash Wallet,5.08,USD,,,,2026-04-09
Utilities,Internet Provider,Credit Card,18.07,EUR,,,,2026-04-09
Dining Out,Burger Joint,Checking Account,12.01,USD,,,,2026-04-09
Groceries,Carrefour,Savings Account,12.89,EUR,,,,2026-04-09
Groceries,Trader Joe's,Cash Wallet,5.60,USD,,,,2026-04-09
Healthcare,Gym Membership,Cash Wallet,16.62,USD,,,,2026-04-09
Coffee,Espresso Bar,Cash Wallet,4.35,USD,,,,2026-04-09
Transport,Taxi,Credit Card,5.48,EUR,,,,2026-04-09
Shopping,Clothing Store,Checking Account,11.94,USD,,,,2026-04-09
Groceries,Carrefour,Cash Wallet,14.82,USD,,,,2026-04-09
,Transfer to Savings,Credit Card,359.51,EUR,Cash Wallet,390.77,USD,2026-04-09
,Transfer to Savings,Travel Card,498.08,GEL,Cash Wallet,184.47,USD,2026-04-09
,Savings Deposit,Cash Wallet,1218.35,USD,Travel Card,3289.54,GEL,2026-04-09
,Savings Deposit,Travel Card,1412.13,GEL,Credit Card,481.17,EUR,2026-04-09
Transport,Train Ticket,Checking Account,7.35,USD,,,,2026-04-10
Transport,Train Ticket,Travel Card,9.47,GEL,,,,2026-04-10
Transport,Train Ticket,Credit Card,7.91,EUR,,,,2026-04-10
Transport,Taxi,Credit Card,3.08,EUR,,,,2026-04-10
Groceries,Neighborhood Market,Credit Card,10.29,EUR,,,,2026-04-10
Transport,Ride Share,Savings Account,7.35,EUR,,,,2026-04-10
Shopping,Amazon Order,Credit Card,9.79,EUR,,,,2026-04-10
Groceries,Aldi,Credit Card,9.68,EUR,,,,2026-04-10
Coffee,Morning Coffee,Checking Account,2.74,USD,,,,2026-04-10
Transport,Taxi,Credit Card,4.74,EUR,,,,2026-04-10
Transport,Taxi,Cash Wallet,6.42,USD,,,,2026-04-10
Transport,Train Ticket,Cash Wallet,8.69,USD,,,,2026-04-10
Groceries,Aldi,Checking Account,6.43,USD,,,,2026-04-10
Shopping,Amazon Order,Checking Account,5.64,USD,,,,2026-04-10
Utilities,Internet Provider,Credit Card,18.89,EUR,,,,2026-04-10
Entertainment,Book Store,Credit Card,7.64,EUR,,,,2026-04-10
Salary,Payroll Deposit,,,,Checking Account,1521.67,USD,2026-04-10
Entertainment,Steam Game,Checking Account,7.36,USD,,,,2026-04-11
Coffee,Latte To Go,Cash Wallet,2.12,USD,,,,2026-04-11
Travel,Travel Insurance,Credit Card,62.88,EUR,,,,2026-04-11
Dining Out,Restaurant Le Petit,Cash Wallet,8.46,USD,,,,2026-04-11
Utilities,Gas Bill,Checking Account,20.53,USD,,,,2026-04-11
Groceries,Aldi,Cash Wallet,5.97,USD,,,,2026-04-11
Transport,Metro Card Top-up,Credit Card,7.65,EUR,,,,2026-04-11
Entertainment,Steam Game,Credit Card,8.39,EUR,,,,2026-04-11
Shopping,Amazon Order,Checking Account,7.11,USD,,,,2026-04-11
Groceries,Carrefour,Travel Card,39.23,GEL,,,,2026-04-11
Shopping,Bookshop,Credit Card,4.81,EUR,,,,2026-04-11
Coffee,Cafe Mocha,Checking Account,2.70,USD,,,,2026-04-11
Coffee,Morning Coffee,Checking Account,2.62,USD,,,,2026-04-11
Transport,Ride Share,Cash Wallet,8.35,USD,,,,2026-04-11
Entertainment,Cinema Tickets,Cash Wallet,11.56,USD,,,,2026-04-11
Coffee,Espresso Bar,Travel Card,9.61,GEL,,,,2026-04-11
Coffee,Morning Coffee,Checking Account,4.03,USD,,,,2026-04-11
Transport,Bus Pass,Credit Card,2.83,EUR,,,,2026-04-11
Coffee,Morning Coffee,Checking Account,2.22,USD,,,,2026-04-11
Coffee,Espresso Bar,Checking Account,2.37,USD,,,,2026-04-11
Healthcare,Gym Membership,Credit Card,17.74,EUR,,,,2026-04-11
Dining Out,Thai Takeaway,Credit Card,10.66,EUR,,,,2026-04-11
,Cash Withdrawal,Credit Card,138.10,EUR,Checking Account,150.10,USD,2026-04-11
,Top-up Travel Card,Cash Wallet,1381.24,USD,Travel Card,3729.34,GEL,2026-04-11
,Cash Withdrawal,Checking Account,396.24,USD,Credit Card,364.54,EUR,2026-04-11
,Savings Deposit,Cash Wallet,1340.12,USD,Travel Card,3618.34,GEL,2026-04-11
Groceries,Whole Foods Market,Credit Card,8.66,EUR,,,,2026-04-12
Groceries,Neighborhood Market,Credit Card,7.44,EUR,,,,2026-04-12
Shopping,Clothing Store,Checking Account,16.63,USD,,,,2026-04-12
Groceries,Trader Joe's,Cash Wallet,14.65,USD,,,,2026-04-12
Entertainment,Cinema Tickets,Checking Account,5.12,USD,,,,2026-04-12
Coffee,Espresso Bar,Cash Wallet,2.37,USD,,,,2026-04-12
Entertainment,Spotify Subscription,Cash Wallet,6.99,USD,,,,2026-04-12
Transport,Taxi,Cash Wallet,6.88,USD,,,,2026-04-12
Utilities,Internet Provider,Cash Wallet,24.91,USD,,,,2026-04-12
Healthcare,Doctor Visit,Cash Wallet,12.40,USD,,,,2026-04-12
Dining Out,Pizzeria Bella,Savings Account,3.80,EUR,,,,2026-04-12
Entertainment,Steam Game,Credit Card,5.19,EUR,,,,2026-04-12
Shopping,Bookshop,Checking Account,21.80,USD,,,,2026-04-12
Coffee,Street Coffee,Credit Card,2.07,EUR,,,,2026-04-12
Coffee,Espresso Bar,Cash Wallet,2.12,USD,,,,2026-04-12
Groceries,Trader Joe's,Cash Wallet,6.61,USD,,,,2026-04-12
Entertainment,Netflix Subscription,Credit Card,3.60,EUR,,,,2026-04-12
Coffee,Cafe Mocha,Checking Account,3.47,USD,,,,2026-04-12
Coffee,Latte To Go,Checking Account,3.01,USD,,,,2026-04-12
,Cash Withdrawal,Checking Account,299.10,USD,Travel Card,807.56,GEL,2026-04-12
,Cash Withdrawal,Travel Card,3951.71,GEL,Checking Account,1463.60,USD,2026-04-12
,Savings Deposit,Credit Card,1276.40,EUR,Cash Wallet,1387.39,USD,2026-04-12
,Top-up Travel Card,Savings Account,1055.50,EUR,Checking Account,1147.29,USD,2026-04-12
Dining Out,Thai Takeaway,Checking Account,5.63,USD,,,,2026-04-13
Coffee,Morning Coffee,Credit Card,1.94,EUR,,,,2026-04-13
Dining Out,Coffee Shop,Checking Account,10.92,USD,,,,2026-04-13
Coffee,Street Coffee,Credit Card,3.40,EUR,,,,2026-04-13
Coffee,Cafe Mocha,Cash Wallet,2.45,USD,,,,2026-04-13
Coffee,Espresso Bar,Savings Account,3.60,EUR,,,,2026-04-13
Groceries,Trader Joe's,Checking Account,13.29,USD,,,,2026-04-13
Transport,Ride Share,Savings Account,6.83,EUR,,,,2026-04-13
Groceries,Lidl,Cash Wallet,13.48,USD,,,,2026-04-13
Travel,Hotel Stay,Travel Card,113.65,GEL,,,,2026-04-13
Dining Out,Coffee Shop,Savings Account,5.80,EUR,,,,2026-04-13
Entertainment,Book Store,Credit Card,2.99,EUR,,,,2026-04-13
Coffee,Espresso Bar,Travel Card,5.45,GEL,,,,2026-04-13
,Cash Withdrawal,Savings Account,564.17,EUR,Travel Card,1655.72,GEL,2026-04-13
,Transfer to Savings,Credit Card,908.21,EUR,Travel Card,2665.40,GEL,2026-04-13
,Credit Card Payment,Savings Account,228.93,EUR,Checking Account,248.84,USD,2026-04-13
Groceries,Lidl,Credit Card,11.92,EUR,,,,2026-04-14
Groceries,Aldi,Travel Card,14.39,GEL,,,,2026-04-14
Shopping,Furniture Store,Savings Account,12.96,EUR,,,,2026-04-14
Transport,Train Ticket,Cash Wallet,4.53,USD,,,,2026-04-14
Entertainment,Book Store,Checking Account,8.32,USD,,,,2026-04-14
Coffee,Latte To Go,Cash Wallet,4.62,USD,,,,2026-04-14
Travel,Hotel Stay,Cash Wallet,45.27,USD,,,,2026-04-14
Coffee,Latte To Go,Checking Account,3.13,USD,,,,2026-04-14
Coffee,Espresso Bar,Credit Card,2.15,EUR,,,,2026-04-14
Transport,Fuel Station,Cash Wallet,3.52,USD,,,,2026-04-14
Groceries,Whole Foods Market,Cash Wallet,9.19,USD,,,,2026-04-14
Coffee,Cafe Mocha,Checking Account,3.10,USD,,,,2026-04-14
Groceries,Trader Joe's,Checking Account,6.68,USD,,,,2026-04-14
Entertainment,Spotify Subscription,Cash Wallet,8.50,USD,,,,2026-04-14
Transport,Train Ticket,Travel Card,15.33,GEL,,,,2026-04-14
Coffee,Espresso Bar,Checking Account,3.37,USD,,,,2026-04-14
Coffee,Espresso Bar,Cash Wallet,3.18,USD,,,,2026-04-14
Coffee,Latte To Go,Credit Card,2.80,EUR,,,,2026-04-14
Groceries,Neighborhood Market,Checking Account,7.68,USD,,,,2026-04-14
Shopping,Bookshop,Credit Card,12.95,EUR,,,,2026-04-14
,Transfer to Savings,Credit Card,633.76,EUR,Savings Account,633.76,EUR,2026-04-14
,Credit Card Payment,Savings Account,1297.97,EUR,Travel Card,3809.26,GEL,2026-04-14
,Transfer to Savings,Travel Card,2815.84,GEL,Checking Account,1042.90,USD,2026-04-14
Transport,Bus Pass,Checking Account,3.30,USD,,,,2026-04-15
Travel,Travel Insurance,Credit Card,53.34,EUR,,,,2026-04-15
Healthcare,Gym Membership,Credit Card,9.22,EUR,,,,2026-04-15
Healthcare,Dental Clinic,Travel Card,18.39,GEL,,,,2026-04-15
Transport,Taxi,Checking Account,3.46,USD,,,,2026-04-15
Transport,Ride Share,Cash Wallet,8.44,USD,,,,2026-04-15
Dining Out,Burger Joint,Cash Wallet,11.47,USD,,,,2026-04-15
Entertainment,Steam Game,Credit Card,9.86,EUR,,,,2026-04-15
Coffee,Street Coffee,Checking Account,4.04,USD,,,,2026-04-15
Coffee,Latte To Go,Credit Card,2.80,EUR,,,,2026-04-15
Dining Out,Burger Joint,Cash Wallet,5.17,USD,,,,2026-04-15
Transport,Train Ticket,Checking Account,7.72,USD,,,,2026-04-15
Transport,Taxi,Cash Wallet,6.61,USD,,,,2026-04-15
Groceries,Carrefour,Credit Card,9.15,EUR,,,,2026-04-15
Groceries,Whole Foods Market,Cash Wallet,9.67,USD,,,,2026-04-15
Coffee,Cafe Mocha,Cash Wallet,2.71,USD,,,,2026-04-15
Transport,Metro Card Top-up,Cash Wallet,1.95,USD,,,,2026-04-15
Dining Out,Burger Joint,Checking Account,13.44,USD,,,,2026-04-15
Utilities,Electric Bill,Checking Account,26.84,USD,,,,2026-04-16
Entertainment,Steam Game,Checking Account,6.94,USD,,,,2026-04-16
Entertainment,Cinema Tickets,Checking Account,3.04,USD,,,,2026-04-16
Transport,Metro Card Top-up,Cash Wallet,4.79,USD,,,,2026-04-16
Groceries,Trader Joe's,Cash Wallet,8.94,USD,,,,2026-04-16
Groceries,Whole Foods Market,Checking Account,12.51,USD,,,,2026-04-16
Coffee,Street Coffee,Credit Card,3.47,EUR,,,,2026-04-16
Shopping,Amazon Order,Cash Wallet,21.66,USD,,,,2026-04-16
Healthcare,Dental Clinic,Travel Card,28.00,GEL,,,,2026-04-16
Groceries,Lidl,Travel Card,16.38,GEL,,,,2026-04-16
Dining Out,Restaurant Le Petit,Cash Wallet,11.96,USD,,,,2026-04-16
Dining Out,Bistro du Coin,Credit Card,12.32,EUR,,,,2026-04-16
Dining Out,Coffee Shop,Checking Account,10.47,USD,,,,2026-04-16
Shopping,Amazon Order,Credit Card,18.45,EUR,,,,2026-04-16
Transport,Bus Pass,Savings Account,3.61,EUR,,,,2026-04-16
Transport,Metro Card Top-up,Travel Card,8.30,GEL,,,,2026-04-16
Healthcare,Optician,Credit Card,14.55,EUR,,,,2026-04-16
Transport,Fuel Station,Checking Account,2.40,USD,,,,2026-04-16
Groceries,Lidl,Checking Account,10.85,USD,,,,2026-04-16
,Transfer to Savings,Checking Account,175.92,USD,Cash Wallet,175.92,USD,2026-04-16
Transport,Taxi,Credit Card,7.55,EUR,,,,2026-04-17
Entertainment,Cinema Tickets,Credit Card,5.17,EUR,,,,2026-04-17
Groceries,Lidl,Credit Card,12.24,EUR,,,,2026-04-17
Coffee,Espresso Bar,Travel Card,7.43,GEL,,,,2026-04-17
Healthcare,Doctor Visit,Credit Card,16.01,EUR,,,,2026-04-17
Coffee,Morning Coffee,Cash Wallet,2.29,USD,,,,2026-04-17
Dining Out,Bistro du Coin,Travel Card,32.56,GEL,,,,2026-04-17
Shopping,Electronics Store,Credit Card,19.73,EUR,,,,2026-04-17
Groceries,Carrefour,Checking Account,8.66,USD,,,,2026-04-17
Groceries,Whole Foods Market,Checking Account,8.80,USD,,,,2026-04-17
Dining Out,Bistro du Coin,Credit Card,8.13,EUR,,,,2026-04-17
Entertainment,Book Store,Checking Account,8.84,USD,,,,2026-04-17
Entertainment,Netflix Subscription,Checking Account,7.15,USD,,,,2026-04-17
Travel,Hotel Stay,Checking Account,38.43,USD,,,,2026-04-17
Groceries,Carrefour,Cash Wallet,7.30,USD,,,,2026-04-17
Groceries,Trader Joe's,Credit Card,9.78,EUR,,,,2026-04-17
Entertainment,Book Store,Checking Account,9.40,USD,,,,2026-04-17
Transport,Train Ticket,Checking Account,3.75,USD,,,,2026-04-18
Dining Out,Sushi Bar,Cash Wallet,6.61,USD,,,,2026-04-18
Shopping,Amazon Order,Checking Account,16.40,USD,,,,2026-04-18
Healthcare,Gym Membership,Credit Card,6.65,EUR,,,,2026-04-18
Groceries,Neighborhood Market,Checking Account,8.11,USD,,,,2026-04-18
Shopping,Amazon Order,Cash Wallet,14.30,USD,,,,2026-04-18
Coffee,Espresso Bar,Credit Card,2.66,EUR,,,,2026-04-18
Groceries,Local Green Market,Travel Card,17.72,GEL,,,,2026-04-18
Entertainment,Spotify Subscription,Cash Wallet,11.50,USD,,,,2026-04-18
Dining Out,Sushi Bar,Cash Wallet,12.89,USD,,,,2026-04-18
Dining Out,Bistro du Coin,Credit Card,9.05,EUR,,,,2026-04-18
Groceries,Neighborhood Market,Checking Account,14.96,USD,,,,2026-04-18
Utilities,Electric Bill,Credit Card,25.22,EUR,,,,2026-04-18
,Cash Withdrawal,Cash Wallet,811.27,USD,Savings Account,746.37,EUR,2026-04-18
,Savings Deposit,Savings Account,104.82,EUR,Cash Wallet,113.94,USD,2026-04-18
,Savings Deposit,Checking Account,678.61,USD,Credit Card,624.32,EUR,2026-04-18
,Top-up Travel Card,Cash Wallet,404.07,USD,Credit Card,371.75,EUR,2026-04-18
Entertainment,Book Store,Savings Account,6.50,EUR,,,,2026-04-19
Dining Out,Sushi Bar,Checking Account,11.40,USD,,,,2026-04-19
Entertainment,Spotify Subscription,Cash Wallet,4.03,USD,,,,2026-04-19
Dining Out,Coffee Shop,Checking Account,11.56,USD,,,,2026-04-19
Groceries,Local Green Market,Cash Wallet,14.60,USD,,,,2026-04-19
Dining Out,Restaurant Le Petit,Credit Card,12.46,EUR,,,,2026-04-19
Groceries,Aldi,Cash Wallet,11.13,USD,,,,2026-04-19
Healthcare,Dental Clinic,Travel Card,28.06,GEL,,,,2026-04-19
Coffee,Street Coffee,Credit Card,4.32,EUR,,,,2026-04-19
Dining Out,Coffee Shop,Checking Account,8.94,USD,,,,2026-04-19
Groceries,Aldi,Cash Wallet,8.07,USD,,,,2026-04-19
Dining Out,Restaurant Le Petit,Credit Card,11.99,EUR,,,,2026-04-19
Dining Out,Burger Joint,Cash Wallet,12.49,USD,,,,2026-04-19
Transport,Metro Card Top-up,Credit Card,7.60,EUR,,,,2026-04-19
Groceries,Trader Joe's,Cash Wallet,14.96,USD,,,,2026-04-19
Shopping,Clothing Store,Credit Card,8.51,EUR,,,,2026-04-19
Groceries,Local Green Market,Credit Card,11.91,EUR,,,,2026-04-19
Dining Out,Coffee Shop,Checking Account,8.50,USD,,,,2026-04-19
,Credit Card Payment,Travel Card,348.47,GEL,Savings Account,118.74,EUR,2026-04-19
,Transfer to Savings,Checking Account,230.54,USD,Cash Wallet,230.54,USD,2026-04-19
Transport,Ride Share,Credit Card,2.69,EUR,,,,2026-04-20
Groceries,Whole Foods Market,Credit Card,5.22,EUR,,,,2026-04-20
Dining Out,Restaurant Le Petit,Credit Card,11.05,EUR,,,,2026-04-20
Entertainment,Book Store,Cash Wallet,6.44,USD,,,,2026-04-20
Transport,Ride Share,Cash Wallet,5.49,USD,,,,2026-04-20
Utilities,Water Utility,Credit Card,16.49,EUR,,,,2026-04-20
Healthcare,Gym Membership,Credit Card,12.63,EUR,,,,2026-04-20
Travel,Airbnb Stay,Credit Card,70.01,EUR,,,,2026-04-20
Dining Out,Restaurant Le Petit,Credit Card,5.73,EUR,,,,2026-04-20
Entertainment,Cinema Tickets,Cash Wallet,9.52,USD,,,,2026-04-20
Entertainment,Steam Game,Checking Account,7.35,USD,,,,2026-04-20
Shopping,Electronics Store,Cash Wallet,7.69,USD,,,,2026-04-20
Groceries,Neighborhood Market,Checking Account,10.91,USD,,,,2026-04-20
Groceries,Neighborhood Market,Cash Wallet,6.56,USD,,,,2026-04-20
Coffee,Cafe Mocha,Credit Card,4.30,EUR,,,,2026-04-20
Entertainment,Cinema Tickets,Cash Wallet,9.00,USD,,,,2026-04-20
Coffee,Cafe Mocha,Checking Account,2.69,USD,,,,2026-04-20
Coffee,Cafe Mocha,Checking Account,4.27,USD,,,,2026-04-20
Groceries,Lidl,Cash Wallet,14.81,USD,,,,2026-04-20
Dining Out,Bistro du Coin,Credit Card,8.47,EUR,,,,2026-04-20
,Cash Withdrawal,Checking Account,263.39,USD,Savings Account,242.32,EUR,2026-04-20
,Credit Card Payment,Travel Card,3718.16,GEL,Savings Account,1266.93,EUR,2026-04-20
Entertainment,Cinema Tickets,Cash Wallet,8.02,USD,,,,2026-04-21
Groceries,Aldi,Cash Wallet,8.53,USD,,,,2026-04-21
Entertainment,Spotify Subscription,Checking Account,8.36,USD,,,,2026-04-21
Utilities,Gas Bill,Checking Account,13.37,USD,,,,2026-04-21
Entertainment,Steam Game,Cash Wallet,4.92,USD,,,,2026-04-21
Groceries,Neighborhood Market,Credit Card,14.09,EUR,,,,2026-04-21
Transport,Metro Card Top-up,Credit Card,2.84,EUR,,,,2026-04-21
Coffee,Street Coffee,Cash Wallet,3.66,USD,,,,2026-04-21
Transport,Metro Card Top-up,Checking Account,5.88,USD,,,,2026-04-21
Shopping,Furniture Store,Travel Card,41.22,GEL,,,,2026-04-21
Entertainment,Spotify Subscription,Credit Card,10.59,EUR,,,,2026-04-21
Transport,Taxi,Cash Wallet,4.01,USD,,,,2026-04-21
Groceries,Local Green Market,Cash Wallet,15.19,USD,,,,2026-04-21
,Cash Withdrawal,Credit Card,522.31,EUR,Cash Wallet,567.73,USD,2026-04-21
,Cash Withdrawal,Credit Card,1011.84,EUR,Checking Account,1099.82,USD,2026-04-21
,Top-up Travel Card,Savings Account,77.07,EUR,Travel Card,226.19,GEL,2026-04-21
,Savings Deposit,Travel Card,3142.87,GEL,Savings Account,1070.90,EUR,2026-04-21
Dining Out,Thai Takeaway,Checking Account,10.16,USD,,,,2026-04-22
Entertainment,Steam Game,Cash Wallet,2.94,USD,,,,2026-04-22
Utilities,Phone Bill,Checking Account,32.92,USD,,,,2026-04-22
Entertainment,Steam Game,Travel Card,16.28,GEL,,,,2026-04-22
Coffee,Latte To Go,Savings Account,1.86,EUR,,,,2026-04-22
Dining Out,Pizzeria Bella,Credit Card,8.63,EUR,,,,2026-04-22
Entertainment,Concert Tickets,Credit Card,4.01,EUR,,,,2026-04-22
Healthcare,Optician,Credit Card,12.71,EUR,,,,2026-04-22
Dining Out,Burger Joint,Checking Account,8.50,USD,,,,2026-04-22
Shopping,Bookshop,Checking Account,16.48,USD,,,,2026-04-22
Coffee,Latte To Go,Credit Card,2.73,EUR,,,,2026-04-22
Entertainment,Book Store,Savings Account,8.55,EUR,,,,2026-04-22
Dining Out,Restaurant Le Petit,Credit Card,6.34,EUR,,,,2026-04-22
Utilities,Water Utility,Credit Card,11.07,EUR,,,,2026-04-22
,Top-up Travel Card,Cash Wallet,650.77,USD,Credit Card,598.71,EUR,2026-04-22
,Savings Deposit,Cash Wallet,1214.86,USD,Travel Card,3280.12,GEL,2026-04-22
Coffee,Street Coffee,Travel Card,6.87,GEL,,,,2026-04-23
Coffee,Espresso Bar,Checking Account,4.79,USD,,,,2026-04-23
Coffee,Latte To Go,Checking Account,3.40,USD,,,,2026-04-23
Entertainment,Concert Tickets,Cash Wallet,4.78,USD,,,,2026-04-23
Dining Out,Burger Joint,Checking Account,7.52,USD,,,,2026-04-23
Dining Out,Pizzeria Bella,Savings Account,4.30,EUR,,,,2026-04-23
Entertainment,Spotify Subscription,Checking Account,11.43,USD,,,,2026-04-23
Groceries,Aldi,Cash Wallet,6.54,USD,,,,2026-04-23
Shopping,Clothing Store,Cash Wallet,19.36,USD,,,,2026-04-23
Groceries,Trader Joe's,Credit Card,6.23,EUR,,,,2026-04-23
Coffee,Latte To Go,Credit Card,3.52,EUR,,,,2026-04-23
Entertainment,Spotify Subscription,Travel Card,22.69,GEL,,,,2026-04-23
Groceries,Carrefour,Checking Account,6.16,USD,,,,2026-04-23
Entertainment,Steam Game,Checking Account,11.51,USD,,,,2026-04-23
Coffee,Cafe Mocha,Cash Wallet,4.82,USD,,,,2026-04-23
Coffee,Street Coffee,Checking Account,4.71,USD,,,,2026-04-23
Groceries,Lidl,Savings Account,4.98,EUR,,,,2026-04-23
Groceries,Lidl,Credit Card,12.38,EUR,,,,2026-04-23
Transport,Bus Pass,Checking Account,5.81,USD,,,,2026-04-23
Entertainment,Cinema Tickets,Credit Card,4.57,EUR,,,,2026-04-23
Groceries,Whole Foods Market,Cash Wallet,15.16,USD,,,,2026-04-23
Shopping,Bookshop,Cash Wallet,17.27,USD,,,,2026-04-23
Transport,Bus Pass,Checking Account,6.92,USD,,,,2026-04-23
Shopping,Electronics Store,Checking Account,6.06,USD,,,,2026-04-23
Dining Out,Sushi Bar,Savings Account,6.56,EUR,,,,2026-04-23
,Credit Card Payment,Savings Account,228.16,EUR,Travel Card,669.59,GEL,2026-04-23
,Transfer to Savings,Credit Card,1266.51,EUR,Checking Account,1376.64,USD,2026-04-23
,Transfer to Savings,Cash Wallet,421.16,USD,Credit Card,387.47,EUR,2026-04-23
Healthcare,Doctor Visit,Checking Account,7.56,USD,,,,2026-04-24
Coffee,Latte To Go,Travel Card,10.27,GEL,,,,2026-04-24
Shopping,Furniture Store,Cash Wallet,8.41,USD,,,,2026-04-24
Shopping,Amazon Order,Checking Account,10.51,USD,,,,2026-04-24
Transport,Metro Card Top-up,Checking Account,4.71,USD,,,,2026-04-24
Entertainment,Steam Game,Travel Card,21.49,GEL,,,,2026-04-24
Coffee,Espresso Bar,Cash Wallet,4.01,USD,,,,2026-04-24
Coffee,Street Coffee,Credit Card,3.66,EUR,,,,2026-04-24
Groceries,Neighborhood Market,Cash Wallet,9.95,USD,,,,2026-04-24
Coffee,Cafe Mocha,Checking Account,4.74,USD,,,,2026-04-24
Groceries,Carrefour,Checking Account,7.36,USD,,,,2026-04-24
Transport,Bus Pass,Credit Card,4.14,EUR,,,,2026-04-24
Transport,Fuel Station,Travel Card,13.97,GEL,,,,2026-04-24
Coffee,Cafe Mocha,Travel Card,12.97,GEL,,,,2026-04-24
Entertainment,Cinema Tickets,Checking Account,8.17,USD,,,,2026-04-24
Groceries,Neighborhood Market,Travel Card,31.51,GEL,,,,2026-04-24
Shopping,Amazon Order,Credit Card,5.99,EUR,,,,2026-04-24
Coffee,Espresso Bar,Travel Card,12.96,GEL,,,,2026-04-24
,Transfer to Savings,Checking Account,280.32,USD,Travel Card,756.86,GEL,2026-04-24
,Savings Deposit,Credit Card,646.58,EUR,Checking Account,702.80,USD,2026-04-24
Groceries,Whole Foods Market,Cash Wallet,12.62,USD,,,,2026-04-25
Dining Out,Restaurant Le Petit,Credit Card,4.43,EUR,,,,2026-04-25
Coffee,Latte To Go,Credit Card,3.62,EUR,,,,2026-04-25
Shopping,Furniture Store,Cash Wallet,15.31,USD,,,,2026-04-25
Coffee,Cafe Mocha,Credit Card,2.53,EUR,,,,2026-04-25
Transport,Metro Card Top-up,Checking Account,4.09,USD,,,,2026-04-25
Transport,Train Ticket,Travel Card,18.94,GEL,,,,2026-04-25
Coffee,Morning Coffee,Travel Card,8.14,GEL,,,,2026-04-25
,Cash Withdrawal,Credit Card,573.41,EUR,Travel Card,1682.83,GEL,2026-04-25
,Transfer to Savings,Credit Card,977.99,EUR,Travel Card,2870.19,GEL,2026-04-25
Coffee,Street Coffee,Checking Account,2.68,USD,,,,2026-04-26
Coffee,Espresso Bar,Checking Account,4.70,USD,,,,2026-04-26
Shopping,Furniture Store,Travel Card,40.20,GEL,,,,2026-04-26
Utilities,Water Utility,Travel Card,33.53,GEL,,,,2026-04-26
Coffee,Latte To Go,Checking Account,3.47,USD,,,,2026-04-26
Utilities,Water Utility,Cash Wallet,19.67,USD,,,,2026-04-26
Utilities,Phone Bill,Cash Wallet,14.40,USD,,,,2026-04-26
Entertainment,Spotify Subscription,Checking Account,7.39,USD,,,,2026-04-26
Groceries,Whole Foods Market,Cash Wallet,10.36,USD,,,,2026-04-26
Entertainment,Steam Game,Travel Card,29.85,GEL,,,,2026-04-26
Coffee,Cafe Mocha,Checking Account,2.91,USD,,,,2026-04-26
Entertainment,Cinema Tickets,Checking Account,4.56,USD,,,,2026-04-26
Travel,Hotel Stay,Checking Account,53.67,USD,,,,2026-04-26
Transport,Fuel Station,Cash Wallet,2.02,USD,,,,2026-04-26
,Cash Withdrawal,Savings Account,484.86,EUR,Checking Account,527.02,USD,2026-04-26
,Transfer to Savings,Checking Account,487.90,USD,Credit Card,448.87,EUR,2026-04-26
Entertainment,Concert Tickets,Savings Account,4.08,EUR,,,,2026-04-27
Groceries,Aldi,Checking Account,10.30,USD,,,,2026-04-27
Groceries,Local Green Market,Cash Wallet,6.89,USD,,,,2026-04-27
Groceries,Lidl,Cash Wallet,8.20,USD,,,,2026-04-27
Coffee,Espresso Bar,Checking Account,1.95,USD,,,,2026-04-27
Groceries,Whole Foods Market,Checking Account,8.10,USD,,,,2026-04-27
Transport,Ride Share,Cash Wallet,6.46,USD,,,,2026-04-27
Dining Out,Thai Takeaway,Cash Wallet,6.55,USD,,,,2026-04-27
Healthcare,Optician,Checking Account,17.84,USD,,,,2026-04-27
Shopping,Furniture Store,Checking Account,20.32,USD,,,,2026-04-27
Coffee,Cafe Mocha,Credit Card,3.00,EUR,,,,2026-04-27
Coffee,Latte To Go,Credit Card,1.91,EUR,,,,2026-04-27
Healthcare,Gym Membership,Credit Card,16.07,EUR,,,,2026-04-27
,Credit Card Payment,Credit Card,132.23,EUR,Savings Account,132.23,EUR,2026-04-27
Dining Out,Pizzeria Bella,Credit Card,12.31,EUR,,,,2026-04-28
Dining Out,Bistro du Coin,Checking Account,4.11,USD,,,,2026-04-28
Coffee,Morning Coffee,Credit Card,2.53,EUR,,,,2026-04-28
Transport,Metro Card Top-up,Checking Account,6.45,USD,,,,2026-04-28
Shopping,Furniture Store,Checking Account,23.45,USD,,,,2026-04-28
Groceries,Lidl,Checking Account,6.86,USD,,,,2026-04-28
Transport,Ride Share,Credit Card,4.73,EUR,,,,2026-04-28
Dining Out,Thai Takeaway,Credit Card,5.25,EUR,,,,2026-04-28
Groceries,Whole Foods Market,Checking Account,7.62,USD,,,,2026-04-28
Groceries,Aldi,Credit Card,12.83,EUR,,,,2026-04-28
Groceries,Local Green Market,Savings Account,5.10,EUR,,,,2026-04-28
Healthcare,Gym Membership,Travel Card,31.45,GEL,,,,2026-04-28
Coffee,Street Coffee,Credit Card,3.69,EUR,,,,2026-04-28
Coffee,Espresso Bar,Savings Account,3.16,EUR,,,,2026-04-28
Transport,Metro Card Top-up,Cash Wallet,2.23,USD,,,,2026-04-28
,Cash Withdrawal,Cash Wallet,1117.71,USD,Credit Card,1028.29,EUR,2026-04-28
,Top-up Travel Card,Checking Account,633.37,USD,Savings Account,582.70,EUR,2026-04-28
,Cash Withdrawal,Travel Card,672.00,GEL,Credit Card,228.98,EUR,2026-04-28
,Savings Deposit,Credit Card,250.57,EUR,Travel Card,735.38,GEL,2026-04-28
Groceries,Lidl,Savings Account,10.37,EUR,,,,2026-04-29
Utilities,Water Utility,Credit Card,26.47,EUR,,,,2026-04-29
Entertainment,Netflix Subscription,Cash Wallet,11.26,USD,,,,2026-04-29
Entertainment,Netflix Subscription,Travel Card,27.33,GEL,,,,2026-04-29
Utilities,Internet Provider,Checking Account,21.67,USD,,,,2026-04-29
Dining Out,Bistro du Coin,Credit Card,11.56,EUR,,,,2026-04-29
Coffee,Morning Coffee,Credit Card,3.20,EUR,,,,2026-04-29
Coffee,Espresso Bar,Savings Account,2.77,EUR,,,,2026-04-29
Dining Out,Burger Joint,Credit Card,6.85,EUR,,,,2026-04-29
Groceries,Whole Foods Market,Credit Card,9.93,EUR,,,,2026-04-29
Coffee,Morning Coffee,Cash Wallet,3.57,USD,,,,2026-04-29
Coffee,Latte To Go,Checking Account,3.35,USD,,,,2026-04-29
Transport,Metro Card Top-up,Travel Card,5.39,GEL,,,,2026-04-29
Travel,Flight Booking,Checking Account,101.37,USD,,,,2026-04-29
Shopping,Furniture Store,Checking Account,21.81,USD,,,,2026-04-29
Travel,Hotel Stay,Credit Card,24.71,EUR,,,,2026-04-29
,Transfer to Savings,Savings Account,908.28,EUR,Checking Account,987.26,USD,2026-04-29
Dining Out,Sushi Bar,Checking Account,12.02,USD,,,,2026-04-30
Groceries,Local Green Market,Credit Card,9.90,EUR,,,,2026-04-30
Entertainment,Cinema Tickets,Travel Card,15.44,GEL,,,,2026-04-30
Groceries,Aldi,Checking Account,11.87,USD,,,,2026-04-30
Utilities,Phone Bill,Credit Card,30.74,EUR,,,,2026-04-30
Groceries,Lidl,Checking Account,5.18,USD,,,,2026-04-30
Transport,Fuel Station,Travel Card,23.12,GEL,,,,2026-04-30
Transport,Ride Share,Cash Wallet,6.15,USD,,,,2026-04-30
Entertainment,Cinema Tickets,Checking Account,11.52,USD,,,,2026-04-30
Healthcare,Doctor Visit,Cash Wallet,17.21,USD,,,,2026-04-30
Utilities,Water Utility,Checking Account,9.69,USD,,,,2026-04-30
Entertainment,Netflix Subscription,Cash Wallet,7.64,USD,,,,2026-04-30
Coffee,Espresso Bar,Credit Card,2.13,EUR,,,,2026-04-30
Shopping,Clothing Store,Checking Account,21.37,USD,,,,2026-04-30
Transport,Metro Card Top-up,Cash Wallet,2.52,USD,,,,2026-04-30
Healthcare,Doctor Visit,Checking Account,17.37,USD,,,,2026-04-30
Coffee,Morning Coffee,Cash Wallet,2.83,USD,,,,2026-04-30
,Transfer to Savings,Travel Card,2667.68,GEL,Cash Wallet,988.03,USD,2026-04-30
,Cash Withdrawal,Travel Card,3521.78,GEL,Cash Wallet,1304.36,USD,2026-04-30
Coffee,Cafe Mocha,Cash Wallet,2.19,USD,,,,2026-05-01
Entertainment,Netflix Subscription,Checking Account,5.16,USD,,,,2026-05-01
Entertainment,Steam Game,Checking Account,10.42,USD,,,,2026-05-01
Groceries,Carrefour,Travel Card,27.19,GEL,,,,2026-05-01
Transport,Train Ticket,Checking Account,8.43,USD,,,,2026-05-01
Entertainment,Concert Tickets,Cash Wallet,3.79,USD,,,,2026-05-01
Dining Out,Thai Takeaway,Checking Account,13.09,USD,,,,2026-05-01
Groceries,Carrefour,Cash Wallet,12.95,USD,,,,2026-05-01
Groceries,Aldi,Cash Wallet,12.52,USD,,,,2026-05-01
Shopping,Bookshop,Checking Account,14.19,USD,,,,2026-05-01
Transport,Bus Pass,Travel Card,22.79,GEL,,,,2026-05-01
Groceries,Whole Foods Market,Cash Wallet,5.29,USD,,,,2026-05-01
Shopping,Furniture Store,Cash Wallet,19.58,USD,,,,2026-05-01
Healthcare,Pharmacy,Cash Wallet,10.83,USD,,,,2026-05-01
Entertainment,Spotify Subscription,Travel Card,22.42,GEL,,,,2026-05-01
Coffee,Cafe Mocha,Credit Card,3.42,EUR,,,,2026-05-01
Healthcare,Optician,Checking Account,15.71,USD,,,,2026-05-01
Dining Out,Coffee Shop,Checking Account,8.27,USD,,,,2026-05-01
Coffee,Cafe Mocha,Travel Card,6.94,GEL,,,,2026-05-01
Groceries,Trader Joe's,Travel Card,13.24,GEL,,,,2026-05-01
Transport,Bus Pass,Checking Account,6.41,USD,,,,2026-05-01
Groceries,Neighborhood Market,Credit Card,7.11,EUR,,,,2026-05-01
,Transfer to Savings,Credit Card,121.86,EUR,Travel Card,357.62,GEL,2026-05-01
Entertainment,Cinema Tickets,Checking Account,10.53,USD,,,,2026-05-02
Healthcare,Gym Membership,Credit Card,16.40,EUR,,,,2026-05-02
Entertainment,Concert Tickets,Cash Wallet,3.30,USD,,,,2026-05-02
Coffee,Espresso Bar,Credit Card,3.56,EUR,,,,2026-05-02
Healthcare,Optician,Checking Account,8.13,USD,,,,2026-05-02
Groceries,Neighborhood Market,Travel Card,19.59,GEL,,,,2026-05-02
Entertainment,Steam Game,Travel Card,21.32,GEL,,,,2026-05-02
Groceries,Carrefour,Credit Card,11.92,EUR,,,,2026-05-02
Transport,Taxi,Travel Card,10.87,GEL,,,,2026-05-02
Dining Out,Bistro du Coin,Checking Account,7.45,USD,,,,2026-05-02
Shopping,Bookshop,Credit Card,20.91,EUR,,,,2026-05-02
Entertainment,Steam Game,Credit Card,9.27,EUR,,,,2026-05-02
Entertainment,Netflix Subscription,Cash Wallet,7.52,USD,,,,2026-05-02
Dining Out,Pizzeria Bella,Credit Card,9.06,EUR,,,,2026-05-02
Shopping,Bookshop,Cash Wallet,14.93,USD,,,,2026-05-02
Coffee,Morning Coffee,Checking Account,4.33,USD,,,,2026-05-02
Coffee,Cafe Mocha,Cash Wallet,2.14,USD,,,,2026-05-02
Groceries,Carrefour,Cash Wallet,12.52,USD,,,,2026-05-02
Transport,Train Ticket,Checking Account,7.54,USD,,,,2026-05-02
,Transfer to Savings,Cash Wallet,554.96,USD,Checking Account,554.96,USD,2026-05-02
,Savings Deposit,Savings Account,1290.86,EUR,Credit Card,1290.86,EUR,2026-05-02
,Savings Deposit,Savings Account,601.67,EUR,Cash Wallet,653.99,USD,2026-05-02
,Savings Deposit,Travel Card,2194.55,GEL,Savings Account,747.77,EUR,2026-05-02
Shopping,Clothing Store,Credit Card,13.43,EUR,,,,2026-05-03
Transport,Metro Card Top-up,Credit Card,2.32,EUR,,,,2026-05-03
Groceries,Whole Foods Market,Travel Card,39.32,GEL,,,,2026-05-03
Coffee,Latte To Go,Cash Wallet,2.75,USD,,,,2026-05-03
Coffee,Street Coffee,Checking Account,2.59,USD,,,,2026-05-03
Coffee,Espresso Bar,Checking Account,2.66,USD,,,,2026-05-03
Transport,Fuel Station,Checking Account,7.68,USD,,,,2026-05-03
Groceries,Local Green Market,Credit Card,4.66,EUR,,,,2026-05-03
Coffee,Espresso Bar,Travel Card,8.79,GEL,,,,2026-05-03
Groceries,Carrefour,Cash Wallet,5.71,USD,,,,2026-05-03
Coffee,Morning Coffee,Checking Account,3.78,USD,,,,2026-05-03
Dining Out,Pizzeria Bella,Credit Card,12.20,EUR,,,,2026-05-03
Groceries,Carrefour,Cash Wallet,8.60,USD,,,,2026-05-03
Travel,Hotel Stay,Cash Wallet,99.93,USD,,,,2026-05-03
,Credit Card Payment,Travel Card,2696.88,GEL,Savings Account,918.94,EUR,2026-05-03
,Top-up Travel Card,Cash Wallet,1281.56,USD,Checking Account,1281.56,USD,2026-05-03
,Credit Card Payment,Cash Wallet,854.68,USD,Travel Card,2307.64,GEL,2026-05-03
,Cash Withdrawal,Cash Wallet,828.16,USD,Credit Card,761.91,EUR,2026-05-03
,Credit Card Payment,Checking Account,847.63,USD,Travel Card,2288.60,GEL,2026-05-03
Coffee,Morning Coffee,Credit Card,3.68,EUR,,,,2026-05-04
Entertainment,Cinema Tickets,Cash Wallet,6.14,USD,,,,2026-05-04
Utilities,Gas Bill,Credit Card,21.01,EUR,,,,2026-05-04
Entertainment,Concert Tickets,Checking Account,9.46,USD,,,,2026-05-04
Transport,Fuel Station,Checking Account,7.33,USD,,,,2026-05-04
Coffee,Espresso Bar,Credit Card,3.80,EUR,,,,2026-05-04
Dining Out,Bistro du Coin,Checking Account,4.32,USD,,,,2026-05-04
Coffee,Cafe Mocha,Checking Account,4.12,USD,,,,2026-05-04
Entertainment,Spotify Subscription,Credit Card,5.87,EUR,,,,2026-05-04
Groceries,Lidl,Credit Card,12.14,EUR,,,,2026-05-04
Entertainment,Steam Game,Cash Wallet,6.40,USD,,,,2026-05-04
Dining Out,Pizzeria Bella,Travel Card,12.01,GEL,,,,2026-05-04
Entertainment,Steam Game,Checking Account,5.59,USD,,,,2026-05-04
Groceries,Carrefour,Checking Account,13.36,USD,,,,2026-05-04
Groceries,Trader Joe's,Credit Card,13.79,EUR,,,,2026-05-04
Entertainment,Book Store,Checking Account,6.78,USD,,,,2026-05-04
Entertainment,Steam Game,Savings Account,7.33,EUR,,,,2026-05-04
Groceries,Aldi,Travel Card,27.67,GEL,,,,2026-05-04
Shopping,Amazon Order,Checking Account,22.51,USD,,,,2026-05-04
Dining Out,Bistro du Coin,Cash Wallet,12.50,USD,,,,2026-05-04
Coffee,Morning Coffee,Cash Wallet,4.35,USD,,,,2026-05-04
Dining Out,Burger Joint,Credit Card,4.93,EUR,,,,2026-05-04
,Credit Card Payment,Savings Account,837.38,EUR,Credit Card,837.38,EUR,2026-05-04
,Savings Deposit,Travel Card,2567.23,GEL,Credit Card,874.76,EUR,2026-05-04
Dining Out,Pizzeria Bella,Credit Card,7.76,EUR,,,,2026-05-05
Transport,Taxi,Checking Account,3.34,USD,,,,2026-05-05
Groceries,Carrefour,Cash Wallet,5.81,USD,,,,2026-05-05
Entertainment,Concert Tickets,Cash Wallet,5.95,USD,,,,2026-05-05
Entertainment,Book Store,Credit Card,4.14,EUR,,,,2026-05-05
Groceries,Lidl,Credit Card,7.37,EUR,,,,2026-05-05
Groceries,Aldi,Checking Account,10.27,USD,,,,2026-05-05
Healthcare,Dental Clinic,Cash Wallet,10.21,USD,,,,2026-05-05
Dining Out,Sushi Bar,Credit Card,7.15,EUR,,,,2026-05-05
Coffee,Latte To Go,Cash Wallet,4.11,USD,,,,2026-05-05
Utilities,Internet Provider,Savings Account,15.71,EUR,,,,2026-05-05
Healthcare,Doctor Visit,Cash Wallet,15.88,USD,,,,2026-05-05
Groceries,Trader Joe's,Checking Account,13.28,USD,,,,2026-05-05
Groceries,Aldi,Cash Wallet,12.85,USD,,,,2026-05-05
Entertainment,Steam Game,Credit Card,10.42,EUR,,,,2026-05-05
,Top-up Travel Card,Cash Wallet,703.96,USD,Checking Account,703.96,USD,2026-05-05
,Credit Card Payment,Savings Account,966.87,EUR,Checking Account,1050.94,USD,2026-05-05
,Top-up Travel Card,Cash Wallet,992.42,USD,Savings Account,913.02,EUR,2026-05-05
Entertainment,Book Store,Credit Card,3.95,EUR,,,,2026-05-06
Dining Out,Sushi Bar,Checking Account,8.83,USD,,,,2026-05-06
Transport,Metro Card Top-up,Cash Wallet,7.92,USD,,,,2026-05-06
Coffee,Morning Coffee,Checking Account,4.20,USD,,,,2026-05-06
Groceries,Carrefour,Credit Card,4.47,EUR,,,,2026-05-06
Coffee,Morning Coffee,Checking Account,3.64,USD,,,,2026-05-06
Coffee,Cafe Mocha,Cash Wallet,2.65,USD,,,,2026-05-06
Shopping,Clothing Store,Checking Account,21.04,USD,,,,2026-05-06
Entertainment,Spotify Subscription,Cash Wallet,4.92,USD,,,,2026-05-06
Groceries,Carrefour,Cash Wallet,10.95,USD,,,,2026-05-06
Shopping,Clothing Store,Savings Account,7.66,EUR,,,,2026-05-06
Healthcare,Gym Membership,Travel Card,15.74,GEL,,,,2026-05-06
Transport,Metro Card Top-up,Checking Account,5.51,USD,,,,2026-05-06
,Top-up Travel Card,Credit Card,392.34,EUR,Cash Wallet,426.46,USD,2026-05-06
Entertainment,Book Store,Checking Account,10.15,USD,,,,2026-05-07
Transport,Metro Card Top-up,Savings Account,1.97,EUR,,,,2026-05-07
Travel,Flight Booking,Checking Account,65.82,USD,,,,2026-05-07
Healthcare,Dental Clinic,Cash Wallet,8.51,USD,,,,2026-05-07
Dining Out,Sushi Bar,Cash Wallet,7.10,USD,,,,2026-05-07
Transport,Train Ticket,Checking Account,2.94,USD,,,,2026-05-07
Transport,Ride Share,Checking Account,6.45,USD,,,,2026-05-07
Dining Out,Pizzeria Bella,Cash Wallet,11.91,USD,,,,2026-05-07
Coffee,Morning Coffee,Cash Wallet,3.78,USD,,,,2026-05-07
Coffee,Street Coffee,Travel Card,5.28,GEL,,,,2026-05-07
Coffee,Espresso Bar,Cash Wallet,4.04,USD,,,,2026-05-07
Coffee,Morning Coffee,Checking Account,4.11,USD,,,,2026-05-07
Entertainment,Book Store,Credit Card,4.38,EUR,,,,2026-05-07
Coffee,Latte To Go,Cash Wallet,4.01,USD,,,,2026-05-07
Coffee,Espresso Bar,Checking Account,3.38,USD,,,,2026-05-07
Groceries,Carrefour,Checking Account,9.30,USD,,,,2026-05-07
Groceries,Lidl,Checking Account,12.34,USD,,,,2026-05-07
Coffee,Morning Coffee,Cash Wallet,2.58,USD,,,,2026-05-07
Entertainment,Netflix Subscription,Travel Card,15.48,GEL,,,,2026-05-07
Transport,Taxi,Checking Account,5.17,USD,,,,2026-05-07
,Savings Deposit,Cash Wallet,275.37,USD,Credit Card,253.34,EUR,2026-05-07
Dining Out,Sushi Bar,Checking Account,9.72,USD,,,,2026-05-08
Dining Out,Burger Joint,Cash Wallet,4.32,USD,,,,2026-05-08
Coffee,Latte To Go,Credit Card,3.65,EUR,,,,2026-05-08
Groceries,Trader Joe's,Credit Card,11.00,EUR,,,,2026-05-08
Groceries,Neighborhood Market,Savings Account,10.02,EUR,,,,2026-05-08
Coffee,Cafe Mocha,Checking Account,3.58,USD,,,,2026-05-08
Dining Out,Restaurant Le Petit,Cash Wallet,4.52,USD,,,,2026-05-08
Coffee,Latte To Go,Credit Card,3.00,EUR,,,,2026-05-08
Coffee,Espresso Bar,Checking Account,2.79,USD,,,,2026-05-08
Dining Out,Restaurant Le Petit,Cash Wallet,4.15,USD,,,,2026-05-08
Dining Out,Thai Takeaway,Credit Card,6.15,EUR,,,,2026-05-08
Coffee,Street Coffee,Cash Wallet,4.10,USD,,,,2026-05-08
Dining Out,Restaurant Le Petit,Cash Wallet,4.77,USD,,,,2026-05-08
,Transfer to Savings,Checking Account,996.10,USD,Cash Wallet,996.10,USD,2026-05-08
,Top-up Travel Card,Travel Card,2041.77,GEL,Credit Card,695.71,EUR,2026-05-08
Coffee,Espresso Bar,Credit Card,4.05,EUR,,,,2026-05-09
Entertainment,Spotify Subscription,Credit Card,4.43,EUR,,,,2026-05-09
Transport,Ride Share,Credit Card,2.85,EUR,,,,2026-05-09
Coffee,Morning Coffee,Cash Wallet,3.74,USD,,,,2026-05-09
Groceries,Carrefour,Checking Account,6.23,USD,,,,2026-05-09
Coffee,Latte To Go,Credit Card,4.04,EUR,,,,2026-05-09
Groceries,Carrefour,Checking Account,11.23,USD,,,,2026-05-09
Entertainment,Steam Game,Checking Account,6.37,USD,,,,2026-05-09
Transport,Bus Pass,Credit Card,5.71,EUR,,,,2026-05-09
Transport,Fuel Station,Cash Wallet,8.66,USD,,,,2026-05-09
Transport,Metro Card Top-up,Cash Wallet,8.60,USD,,,,2026-05-09
Entertainment,Book Store,Travel Card,13.48,GEL,,,,2026-05-09
Utilities,Water Utility,Cash Wallet,22.70,USD,,,,2026-05-09
Coffee,Espresso Bar,Cash Wallet,3.93,USD,,,,2026-05-09
Utilities,Gas Bill,Travel Card,75.96,GEL,,,,2026-05-09
Groceries,Trader Joe's,Cash Wallet,10.28,USD,,,,2026-05-10
Travel,Hotel Stay,Travel Card,216.81,GEL,,,,2026-05-10
Shopping,Clothing Store,Credit Card,5.50,EUR,,,,2026-05-10
Transport,Metro Card Top-up,Travel Card,16.46,GEL,,,,2026-05-10
Groceries,Whole Foods Market,Travel Card,23.45,GEL,,,,2026-05-10
Coffee,Espresso Bar,Checking Account,4.45,USD,,,,2026-05-10
Coffee,Espresso Bar,Cash Wallet,4.22,USD,,,,2026-05-10
Coffee,Morning Coffee,Checking Account,3.46,USD,,,,2026-05-10
Coffee,Morning Coffee,Credit Card,1.90,EUR,,,,2026-05-10
Entertainment,Netflix Subscription,Travel Card,23.69,GEL,,,,2026-05-10
Transport,Fuel Station,Cash Wallet,4.03,USD,,,,2026-05-10
Shopping,Furniture Store,Checking Account,11.27,USD,,,,2026-05-10
Dining Out,Bistro du Coin,Credit Card,10.35,EUR,,,,2026-05-10
Groceries,Trader Joe's,Credit Card,7.64,EUR,,,,2026-05-10
Groceries,Local Green Market,Checking Account,9.63,USD,,,,2026-05-10
Groceries,Trader Joe's,Checking Account,11.99,USD,,,,2026-05-10
Dining Out,Burger Joint,Cash Wallet,3.92,USD,,,,2026-05-10
Transport,Ride Share,Travel Card,15.45,GEL,,,,2026-05-10
Shopping,Bookshop,Credit Card,19.57,EUR,,,,2026-05-10
Coffee,Morning Coffee,Cash Wallet,4.03,USD,,,,2026-05-10
Salary,Payroll Deposit,,,,Checking Account,1521.67,USD,2026-05-10
Healthcare,Doctor Visit,Checking Account,16.99,USD,,,,2026-05-11
Dining Out,Coffee Shop,Checking Account,9.86,USD,,,,2026-05-11
Groceries,Lidl,Cash Wallet,14.62,USD,,,,2026-05-11
Coffee,Cafe Mocha,Credit Card,4.23,EUR,,,,2026-05-11
Dining Out,Bistro du Coin,Credit Card,10.53,EUR,,,,2026-05-11
Entertainment,Cinema Tickets,Credit Card,6.77,EUR,,,,2026-05-11
Dining Out,Thai Takeaway,Cash Wallet,5.04,USD,,,,2026-05-11
Healthcare,Gym Membership,Cash Wallet,8.12,USD,,,,2026-05-11
Transport,Taxi,Checking Account,6.62,USD,,,,2026-05-11
Transport,Bus Pass,Travel Card,17.61,GEL,,,,2026-05-11
Groceries,Local Green Market,Savings Account,11.94,EUR,,,,2026-05-11
Healthcare,Doctor Visit,Travel Card,16.55,GEL,,,,2026-05-11
Transport,Taxi,Checking Account,7.21,USD,,,,2026-05-11
Utilities,Gas Bill,Checking Account,24.47,USD,,,,2026-05-11
Transport,Fuel Station,Credit Card,3.54,EUR,,,,2026-05-11
Coffee,Latte To Go,Travel Card,12.46,GEL,,,,2026-05-11
,Savings Deposit,Credit Card,201.66,EUR,Savings Account,201.66,EUR,2026-05-11
Groceries,Neighborhood Market,Credit Card,6.41,EUR,,,,2026-05-12
Coffee,Street Coffee,Checking Account,2.64,USD,,,,2026-05-12
Groceries,Whole Foods Market,Checking Account,14.77,USD,,,,2026-05-12
Groceries,Lidl,Credit Card,12.28,EUR,,,,2026-05-12
Shopping,Clothing Store,Checking Account,14.53,USD,,,,2026-05-12
Coffee,Morning Coffee,Savings Account,2.23,EUR,,,,2026-05-12
Transport,Metro Card Top-up,Cash Wallet,4.42,USD,,,,2026-05-12
Entertainment,Book Store,Checking Account,2.91,USD,,,,2026-05-12
Groceries,Whole Foods Market,Checking Account,12.49,USD,,,,2026-05-12
Shopping,Clothing Store,Travel Card,60.59,GEL,,,,2026-05-12
Groceries,Lidl,Checking Account,7.33,USD,,,,2026-05-12
Coffee,Street Coffee,Credit Card,3.93,EUR,,,,2026-05-12
Coffee,Morning Coffee,Cash Wallet,3.20,USD,,,,2026-05-12
Groceries,Whole Foods Market,Cash Wallet,12.95,USD,,,,2026-05-12
Coffee,Street Coffee,Cash Wallet,2.17,USD,,,,2026-05-12
Transport,Fuel Station,Checking Account,2.87,USD,,,,2026-05-12
Groceries,Trader Joe's,Checking Account,10.72,USD,,,,2026-05-12
Dining Out,Coffee Shop,Travel Card,35.64,GEL,,,,2026-05-12
,Savings Deposit,Cash Wallet,808.42,USD,Savings Account,743.75,EUR,2026-05-12
,Savings Deposit,Savings Account,210.20,EUR,Checking Account,228.48,USD,2026-05-12
,Credit Card Payment,Travel Card,277.31,GEL,Checking Account,102.71,USD,2026-05-12
,Cash Withdrawal,Savings Account,1230.26,EUR,Credit Card,1230.26,EUR,2026-05-12
Coffee,Espresso Bar,Cash Wallet,2.00,USD,,,,2026-05-13
Coffee,Latte To Go,Credit Card,3.41,EUR,,,,2026-05-13
Entertainment,Steam Game,Cash Wallet,6.18,USD,,,,2026-05-13
Groceries,Neighborhood Market,Checking Account,9.15,USD,,,,2026-05-13
Coffee,Street Coffee,Cash Wallet,3.34,USD,,,,2026-05-13
Transport,Metro Card Top-up,Checking Account,3.45,USD,,,,2026-05-13
Shopping,Electronics Store,Savings Account,13.88,EUR,,,,2026-05-13
Coffee,Morning Coffee,Checking Account,2.64,USD,,,,2026-05-13
Coffee,Street Coffee,Credit Card,1.85,EUR,,,,2026-05-13
Coffee,Latte To Go,Travel Card,10.13,GEL,,,,2026-05-13
Dining Out,Burger Joint,Checking Account,8.24,USD,,,,2026-05-13
Dining Out,Sushi Bar,Credit Card,4.09,EUR,,,,2026-05-13
Coffee,Cafe Mocha,Savings Account,2.61,EUR,,,,2026-05-13
Utilities,Water Utility,Cash Wallet,18.90,USD,,,,2026-05-13
Coffee,Latte To Go,Credit Card,2.71,EUR,,,,2026-05-13
Utilities,Water Utility,Checking Account,22.11,USD,,,,2026-05-13
Coffee,Espresso Bar,Checking Account,3.43,USD,,,,2026-05-13
Utilities,Internet Provider,Checking Account,19.21,USD,,,,2026-05-13
Groceries,Aldi,Travel Card,14.60,GEL,,,,2026-05-13
Shopping,Furniture Store,Cash Wallet,13.13,USD,,,,2026-05-13
,Credit Card Payment,Travel Card,605.19,GEL,Savings Account,206.21,EUR,2026-05-13
Healthcare,Optician,Cash Wallet,9.95,USD,,,,2026-05-14
Dining Out,Restaurant Le Petit,Cash Wallet,11.67,USD,,,,2026-05-14
Groceries,Local Green Market,Credit Card,13.63,EUR,,,,2026-05-14
Groceries,Whole Foods Market,Checking Account,13.50,USD,,,,2026-05-14
Groceries,Neighborhood Market,Credit Card,8.61,EUR,,,,2026-05-14
Transport,Ride Share,Checking Account,6.54,USD,,,,2026-05-14
Groceries,Local Green Market,Travel Card,25.63,GEL,,,,2026-05-14
Shopping,Amazon Order,Credit Card,18.08,EUR,,,,2026-05-14
Shopping,Amazon Order,Checking Account,20.48,USD,,,,2026-05-14
Travel,Hotel Stay,Travel Card,145.55,GEL,,,,2026-05-14
Entertainment,Steam Game,Checking Account,4.09,USD,,,,2026-05-14
Entertainment,Cinema Tickets,Savings Account,9.62,EUR,,,,2026-05-14
Groceries,Local Green Market,Travel Card,36.90,GEL,,,,2026-05-14
Groceries,Aldi,Cash Wallet,12.36,USD,,,,2026-05-14
Transport,Fuel Station,Checking Account,6.53,USD,,,,2026-05-14
Transport,Bus Pass,Checking Account,5.59,USD,,,,2026-05-14
Groceries,Whole Foods Market,Travel Card,39.41,GEL,,,,2026-05-14
Dining Out,Pizzeria Bella,Credit Card,11.21,EUR,,,,2026-05-14
Healthcare,Pharmacy,Credit Card,10.35,EUR,,,,2026-05-14
Dining Out,Restaurant Le Petit,Checking Account,12.91,USD,,,,2026-05-14
Coffee,Cafe Mocha,Cash Wallet,2.21,USD,,,,2026-05-14
,Transfer to Savings,Cash Wallet,1012.19,USD,Savings Account,931.21,EUR,2026-05-14
,Top-up Travel Card,Credit Card,1260.63,EUR,Travel Card,3699.66,GEL,2026-05-14
Coffee,Morning Coffee,Credit Card,2.45,EUR,,,,2026-05-15
Transport,Fuel Station,Cash Wallet,7.03,USD,,,,2026-05-15
Coffee,Morning Coffee,Checking Account,4.37,USD,,,,2026-05-15
Coffee,Espresso Bar,Checking Account,3.46,USD,,,,2026-05-15
Dining Out,Restaurant Le Petit,Cash Wallet,4.01,USD,,,,2026-05-15
Coffee,Espresso Bar,Cash Wallet,4.36,USD,,,,2026-05-15
Coffee,Morning Coffee,Cash Wallet,4.75,USD,,,,2026-05-15
Entertainment,Cinema Tickets,Travel Card,29.70,GEL,,,,2026-05-15
Shopping,Bookshop,Cash Wallet,9.15,USD,,,,2026-05-15
Healthcare,Optician,Credit Card,4.81,EUR,,,,2026-05-15
Dining Out,Coffee Shop,Checking Account,12.32,USD,,,,2026-05-15
Healthcare,Pharmacy,Checking Account,7.44,USD,,,,2026-05-15
,Savings Deposit,Checking Account,1387.78,USD,Credit Card,1276.76,EUR,2026-05-15
,Credit Card Payment,Checking Account,1291.89,USD,Savings Account,1188.53,EUR,2026-05-15
Dining Out,Coffee Shop,Travel Card,17.01,GEL,,,,2026-05-16
Dining Out,Thai Takeaway,Cash Wallet,4.04,USD,,,,2026-05-16
Shopping,Electronics Store,Savings Account,10.61,EUR,,,,2026-05-16
Transport,Taxi,Cash Wallet,6.37,USD,,,,2026-05-16
Entertainment,Cinema Tickets,Credit Card,4.38,EUR,,,,2026-05-16
Healthcare,Gym Membership,Cash Wallet,17.99,USD,,,,2026-05-16
Coffee,Cafe Mocha,Credit Card,2.69,EUR,,,,2026-05-16
Entertainment,Book Store,Travel Card,25.24,GEL,,,,2026-05-16
Dining Out,Restaurant Le Petit,Credit Card,7.81,EUR,,,,2026-05-16
Coffee,Street Coffee,Checking Account,4.20,USD,,,,2026-05-16
Utilities,Gas Bill,Cash Wallet,23.40,USD,,,,2026-05-16
Coffee,Street Coffee,Cash Wallet,1.97,USD,,,,2026-05-16
Utilities,Internet Provider,Credit Card,18.30,EUR,,,,2026-05-16
Coffee,Cafe Mocha,Credit Card,3.90,EUR,,,,2026-05-16
Entertainment,Concert Tickets,Checking Account,5.05,USD,,,,2026-05-16
Coffee,Cafe Mocha,Credit Card,3.14,EUR,,,,2026-05-16
Entertainment,Concert Tickets,Cash Wallet,9.19,USD,,,,2026-05-16
Shopping,Electronics Store,Checking Account,18.36,USD,,,,2026-05-16
Dining Out,Bistro du Coin,Checking Account,9.30,USD,,,,2026-05-16
Groceries,Local Green Market,Credit Card,9.86,EUR,,,,2026-05-16
Coffee,Street Coffee,Checking Account,3.38,USD,,,,2026-05-16
Utilities,Gas Bill,Checking Account,24.18,USD,,,,2026-05-16
Coffee,Street Coffee,Cash Wallet,3.37,USD,,,,2026-05-16
Entertainment,Netflix Subscription,Checking Account,3.50,USD,,,,2026-05-16
Dining Out,Restaurant Le Petit,Cash Wallet,9.80,USD,,,,2026-05-16
Coffee,Morning Coffee,Cash Wallet,4.06,USD,,,,2026-05-16
Groceries,Whole Foods Market,Credit Card,10.45,EUR,,,,2026-05-16
,Savings Deposit,Savings Account,1214.03,EUR,Checking Account,1319.60,USD,2026-05-16
Groceries,Local Green Market,Checking Account,11.67,USD,,,,2026-05-17
Coffee,Latte To Go,Travel Card,8.32,GEL,,,,2026-05-17
Groceries,Lidl,Credit Card,13.12,EUR,,,,2026-05-17
Shopping,Electronics Store,Cash Wallet,15.54,USD,,,,2026-05-17
Entertainment,Cinema Tickets,Travel Card,30.33,GEL,,,,2026-05-17
Coffee,Street Coffee,Credit Card,3.94,EUR,,,,2026-05-17
Transport,Train Ticket,Cash Wallet,2.10,USD,,,,2026-05-17
Dining Out,Thai Takeaway,Checking Account,5.05,USD,,,,2026-05-17
Entertainment,Concert Tickets,Checking Account,7.99,USD,,,,2026-05-17
Dining Out,Coffee Shop,Cash Wallet,9.68,USD,,,,2026-05-17
Healthcare,Doctor Visit,Savings Account,12.72,EUR,,,,2026-05-17
Transport,Taxi,Cash Wallet,3.64,USD,,,,2026-05-17
Entertainment,Steam Game,Cash Wallet,6.11,USD,,,,2026-05-17
Groceries,Lidl,Checking Account,14.73,USD,,,,2026-05-17
Coffee,Morning Coffee,Checking Account,2.47,USD,,,,2026-05-17
,Transfer to Savings,Travel Card,1631.11,GEL,Cash Wallet,604.12,USD,2026-05-17
,Transfer to Savings,Savings Account,586.43,EUR,Cash Wallet,637.43,USD,2026-05-17
Transport,Metro Card Top-up,Credit Card,4.37,EUR,,,,2026-05-18
Dining Out,Restaurant Le Petit,Cash Wallet,7.10,USD,,,,2026-05-18
Dining Out,Restaurant Le Petit,Travel Card,21.22,GEL,,,,2026-05-18
Entertainment,Concert Tickets,Checking Account,11.10,USD,,,,2026-05-18
Transport,Fuel Station,Cash Wallet,6.12,USD,,,,2026-05-18
Groceries,Lidl,Credit Card,5.78,EUR,,,,2026-05-18
Groceries,Aldi,Checking Account,14.06,USD,,,,2026-05-18
Shopping,Amazon Order,Checking Account,10.81,USD,,,,2026-05-18
Coffee,Espresso Bar,Credit Card,3.66,EUR,,,,2026-05-18
Groceries,Carrefour,Cash Wallet,8.23,USD,,,,2026-05-18
Utilities,Electric Bill,Credit Card,27.00,EUR,,,,2026-05-18
Groceries,Trader Joe's,Cash Wallet,7.87,USD,,,,2026-05-18
Groceries,Carrefour,Cash Wallet,15.00,USD,,,,2026-05-18
Dining Out,Coffee Shop,Cash Wallet,6.47,USD,,,,2026-05-18
Coffee,Latte To Go,Checking Account,2.46,USD,,,,2026-05-18
Coffee,Street Coffee,Credit Card,3.64,EUR,,,,2026-05-18
Coffee,Espresso Bar,Cash Wallet,2.29,USD,,,,2026-05-18
,Savings Deposit,Credit Card,112.25,EUR,Cash Wallet,122.01,USD,2026-05-18
,Cash Withdrawal,Cash Wallet,1114.75,USD,Savings Account,1025.57,EUR,2026-05-18
Dining Out,Pizzeria Bella,Checking Account,9.46,USD,,,,2026-05-19
Groceries,Neighborhood Market,Cash Wallet,12.65,USD,,,,2026-05-19
Groceries,Lidl,Cash Wallet,10.27,USD,,,,2026-05-19
Dining Out,Sushi Bar,Checking Account,9.38,USD,,,,2026-05-19
Utilities,Water Utility,Cash Wallet,7.81,USD,,,,2026-05-19
Transport,Train Ticket,Checking Account,8.61,USD,,,,2026-05-19
Dining Out,Restaurant Le Petit,Checking Account,7.36,USD,,,,2026-05-19
Dining Out,Pizzeria Bella,Checking Account,7.63,USD,,,,2026-05-19
Coffee,Morning Coffee,Checking Account,4.46,USD,,,,2026-05-19
Transport,Metro Card Top-up,Cash Wallet,4.15,USD,,,,2026-05-19
Transport,Ride Share,Credit Card,4.74,EUR,,,,2026-05-19
Coffee,Espresso Bar,Credit Card,3.58,EUR,,,,2026-05-19
,Credit Card Payment,Credit Card,1057.35,EUR,Cash Wallet,1149.29,USD,2026-05-19
,Transfer to Savings,Savings Account,900.85,EUR,Cash Wallet,979.18,USD,2026-05-19
Shopping,Electronics Store,Travel Card,39.57,GEL,,,,2026-05-20
Transport,Train Ticket,Cash Wallet,4.20,USD,,,,2026-05-20
Transport,Bus Pass,Checking Account,5.13,USD,,,,2026-05-20
Entertainment,Spotify Subscription,Cash Wallet,10.27,USD,,,,2026-05-20
Coffee,Latte To Go,Cash Wallet,3.75,USD,,,,2026-05-20
Dining Out,Coffee Shop,Cash Wallet,10.28,USD,,,,2026-05-20
Coffee,Street Coffee,Checking Account,4.51,USD,,,,2026-05-20
Entertainment,Spotify Subscription,Savings Account,9.02,EUR,,,,2026-05-20
Dining Out,Sushi Bar,Checking Account,11.79,USD,,,,2026-05-20
Coffee,Street Coffee,Checking Account,2.26,USD,,,,2026-05-20
Coffee,Morning Coffee,Cash Wallet,4.52,USD,,,,2026-05-20
Groceries,Whole Foods Market,Credit Card,10.10,EUR,,,,2026-05-20
Entertainment,Book Store,Cash Wallet,3.39,USD,,,,2026-05-20
Entertainment,Book Store,Checking Account,8.67,USD,,,,2026-05-20
Groceries,Local Green Market,Credit Card,9.35,EUR,,,,2026-05-20
Dining Out,Pizzeria Bella,Checking Account,11.75,USD,,,,2026-05-20
Coffee,Morning Coffee,Cash Wallet,3.00,USD,,,,2026-05-20
,Cash Withdrawal,Travel Card,1332.23,GEL,Checking Account,493.42,USD,2026-05-20
,Savings Deposit,Savings Account,287.60,EUR,Cash Wallet,312.61,USD,2026-05-20
Transport,Metro Card Top-up,Credit Card,1.92,EUR,,,,2026-05-21
Coffee,Street Coffee,Credit Card,3.69,EUR,,,,2026-05-21
Transport,Metro Card Top-up,Travel Card,7.53,GEL,,,,2026-05-21
Groceries,Lidl,Checking Account,13.18,USD,,,,2026-05-21
Entertainment,Cinema Tickets,Checking Account,5.06,USD,,,,2026-05-21
Transport,Bus Pass,Credit Card,3.91,EUR,,,,2026-05-21
Groceries,Carrefour,Credit Card,11.73,EUR,,,,2026-05-21
Dining Out,Bistro du Coin,Travel Card,11.15,GEL,,,,2026-05-21
Entertainment,Spotify Subscription,Savings Account,3.87,EUR,,,,2026-05-21
Transport,Ride Share,Checking Account,4.78,USD,,,,2026-05-21
Groceries,Local Green Market,Credit Card,9.80,EUR,,,,2026-05-21
Entertainment,Spotify Subscription,Checking Account,5.61,USD,,,,2026-05-21
Transport,Train Ticket,Checking Account,4.64,USD,,,,2026-05-21
Dining Out,Bistro du Coin,Credit Card,12.04,EUR,,,,2026-05-21
Travel,Travel Insurance,Checking Account,35.82,USD,,,,2026-05-21
,Top-up Travel Card,Checking Account,388.60,USD,Travel Card,1049.21,GEL,2026-05-21
Coffee,Cafe Mocha,Credit Card,2.55,EUR,,,,2026-05-22
Groceries,Carrefour,Checking Account,12.37,USD,,,,2026-05-22
Transport,Metro Card Top-up,Credit Card,7.70,EUR,,,,2026-05-22
Transport,Train Ticket,Credit Card,5.42,EUR,,,,2026-05-22
Groceries,Aldi,Cash Wallet,13.17,USD,,,,2026-05-22
Coffee,Morning Coffee,Checking Account,4.25,USD,,,,2026-05-22
Healthcare,Pharmacy,Savings Account,13.86,EUR,,,,2026-05-22
Coffee,Espresso Bar,Cash Wallet,2.50,USD,,,,2026-05-22
Transport,Metro Card Top-up,Travel Card,23.23,GEL,,,,2026-05-22
Shopping,Furniture Store,Travel Card,59.99,GEL,,,,2026-05-22
Shopping,Amazon Order,Credit Card,13.12,EUR,,,,2026-05-22
Entertainment,Concert Tickets,Credit Card,2.92,EUR,,,,2026-05-22
Transport,Ride Share,Travel Card,13.03,GEL,,,,2026-05-22
,Transfer to Savings,Credit Card,1243.43,EUR,Savings Account,1243.43,EUR,2026-05-22
,Top-up Travel Card,Credit Card,993.17,EUR,Checking Account,1079.53,USD,2026-05-22
Groceries,Local Green Market,Checking Account,9.46,USD,,,,2026-05-23
Dining Out,Pizzeria Bella,Checking Account,6.93,USD,,,,2026-05-23
Entertainment,Cinema Tickets,Checking Account,9.18,USD,,,,2026-05-23
Transport,Bus Pass,Cash Wallet,5.97,USD,,,,2026-05-23
Entertainment,Spotify Subscription,Credit Card,8.05,EUR,,,,2026-05-23
Transport,Taxi,Checking Account,4.62,USD,,,,2026-05-23
Transport,Taxi,Checking Account,5.88,USD,,,,2026-05-23
Transport,Bus Pass,Cash Wallet,8.36,USD,,,,2026-05-23
Entertainment,Netflix Subscription,Cash Wallet,7.41,USD,,,,2026-05-23
Transport,Taxi,Credit Card,7.83,EUR,,,,2026-05-23
Shopping,Bookshop,Savings Account,12.82,EUR,,,,2026-05-23
Coffee,Morning Coffee,Checking Account,4.46,USD,,,,2026-05-23
Dining Out,Restaurant Le Petit,Checking Account,5.06,USD,,,,2026-05-23
Groceries,Whole Foods Market,Credit Card,6.17,EUR,,,,2026-05-23
Utilities,Gas Bill,Credit Card,30.31,EUR,,,,2026-05-23
,Credit Card Payment,Savings Account,784.98,EUR,Checking Account,853.24,USD,2026-05-23
,Transfer to Savings,Travel Card,1608.71,GEL,Credit Card,548.15,EUR,2026-05-23
Utilities,Water Utility,Checking Account,10.70,USD,,,,2026-05-24
Groceries,Lidl,Checking Account,13.17,USD,,,,2026-05-24
Groceries,Aldi,Checking Account,5.42,USD,,,,2026-05-24
Entertainment,Netflix Subscription,Travel Card,11.47,GEL,,,,2026-05-24
Groceries,Lidl,Checking Account,14.84,USD,,,,2026-05-24
Groceries,Carrefour,Credit Card,11.72,EUR,,,,2026-05-24
Groceries,Carrefour,Cash Wallet,14.53,USD,,,,2026-05-24
Entertainment,Spotify Subscription,Cash Wallet,9.05,USD,,,,2026-05-24
Coffee,Cafe Mocha,Credit Card,2.09,EUR,,,,2026-05-24
Groceries,Trader Joe's,Checking Account,15.11,USD,,,,2026-05-24
Shopping,Furniture Store,Cash Wallet,15.48,USD,,,,2026-05-24
Groceries,Aldi,Checking Account,10.04,USD,,,,2026-05-24
Transport,Metro Card Top-up,Credit Card,2.64,EUR,,,,2026-05-24
Transport,Fuel Station,Cash Wallet,5.46,USD,,,,2026-05-24
Travel,Travel Insurance,Checking Account,38.02,USD,,,,2026-05-24
Coffee,Espresso Bar,Credit Card,3.37,EUR,,,,2026-05-24
,Savings Deposit,Checking Account,368.09,USD,Travel Card,993.85,GEL,2026-05-24
Transport,Taxi,Cash Wallet,6.58,USD,,,,2026-05-25
Dining Out,Thai Takeaway,Credit Card,5.01,EUR,,,,2026-05-25
Dining Out,Pizzeria Bella,Savings Account,4.06,EUR,,,,2026-05-25
Dining Out,Thai Takeaway,Savings Account,5.03,EUR,,,,2026-05-25
Dining Out,Sushi Bar,Travel Card,29.10,GEL,,,,2026-05-25
Coffee,Espresso Bar,Checking Account,2.99,USD,,,,2026-05-25
Coffee,Espresso Bar,Checking Account,3.81,USD,,,,2026-05-25
Dining Out,Thai Takeaway,Checking Account,12.08,USD,,,,2026-05-25
Dining Out,Coffee Shop,Credit Card,9.32,EUR,,,,2026-05-25
Groceries,Neighborhood Market,Cash Wallet,11.90,USD,,,,2026-05-25
Utilities,Gas Bill,Checking Account,27.13,USD,,,,2026-05-25
Groceries,Lidl,Cash Wallet,11.64,USD,,,,2026-05-25
Dining Out,Thai Takeaway,Cash Wallet,5.18,USD,,,,2026-05-25
Dining Out,Restaurant Le Petit,Credit Card,7.46,EUR,,,,2026-05-25
Groceries,Lidl,Credit Card,13.85,EUR,,,,2026-05-25
Transport,Metro Card Top-up,Checking Account,4.66,USD,,,,2026-05-25
Coffee,Espresso Bar,Cash Wallet,3.84,USD,,,,2026-05-25
Coffee,Latte To Go,Cash Wallet,4.35,USD,,,,2026-05-25
Groceries,Local Green Market,Cash Wallet,14.62,USD,,,,2026-05-25
Healthcare,Pharmacy,Travel Card,28.53,GEL,,,,2026-05-25
,Credit Card Payment,Savings Account,680.03,EUR,Credit Card,680.03,EUR,2026-05-25
,Top-up Travel Card,Travel Card,2878.63,GEL,Savings Account,980.87,EUR,2026-05-25
,Cash Withdrawal,Cash Wallet,394.49,USD,Credit Card,362.93,EUR,2026-05-25
,Credit Card Payment,Checking Account,677.94,USD,Cash Wallet,677.94,USD,2026-05-25
Entertainment,Netflix Subscription,Cash Wallet,3.42,USD,,,,2026-05-26
Dining Out,Bistro du Coin,Travel Card,13.53,GEL,,,,2026-05-26
Transport,Ride Share,Credit Card,2.20,EUR,,,,2026-05-26
Groceries,Trader Joe's,Credit Card,12.04,EUR,,,,2026-05-26
Coffee,Latte To Go,Cash Wallet,2.73,USD,,,,2026-05-26
Shopping,Furniture Store,Credit Card,13.33,EUR,,,,2026-05-26
Dining Out,Burger Joint,Cash Wallet,7.67,USD,,,,2026-05-26
Transport,Ride Share,Cash Wallet,5.63,USD,,,,2026-05-26
Groceries,Local Green Market,Cash Wallet,6.20,USD,,,,2026-05-26
Coffee,Latte To Go,Cash Wallet,3.08,USD,,,,2026-05-26
Transport,Taxi,Cash Wallet,4.48,USD,,,,2026-05-26
Utilities,Internet Provider,Travel Card,67.97,GEL,,,,2026-05-27
Shopping,Electronics Store,Cash Wallet,5.19,USD,,,,2026-05-27
Groceries,Trader Joe's,Credit Card,6.48,EUR,,,,2026-05-27
Entertainment,Netflix Subscription,Credit Card,5.53,EUR,,,,2026-05-27
Groceries,Whole Foods Market,Travel Card,33.96,GEL,,,,2026-05-27
Dining Out,Restaurant Le Petit,Credit Card,8.40,EUR,,,,2026-05-27
Coffee,Morning Coffee,Checking Account,3.98,USD,,,,2026-05-27
Shopping,Electronics Store,Cash Wallet,8.83,USD,,,,2026-05-27
Travel,Flight Booking,Credit Card,41.01,EUR,,,,2026-05-27
Transport,Taxi,Credit Card,2.95,EUR,,,,2026-05-27
Entertainment,Book Store,Checking Account,3.07,USD,,,,2026-05-27
Transport,Ride Share,Checking Account,3.67,USD,,,,2026-05-27
Transport,Bus Pass,Checking Account,5.14,USD,,,,2026-05-27
Healthcare,Doctor Visit,Credit Card,4.46,EUR,,,,2026-05-27
Coffee,Cafe Mocha,Travel Card,11.70,GEL,,,,2026-05-27
Coffee,Cafe Mocha,Credit Card,4.25,EUR,,,,2026-05-27
Groceries,Aldi,Credit Card,5.79,EUR,,,,2026-05-27
Travel,Car Rental,Credit Card,35.39,EUR,,,,2026-05-27
Coffee,Street Coffee,Credit Card,2.02,EUR,,,,2026-05-27
Coffee,Street Coffee,Travel Card,8.26,GEL,,,,2026-05-27
,Savings Deposit,Travel Card,3127.95,GEL,Checking Account,1158.50,USD,2026-05-27
,Savings Deposit,Credit Card,803.62,EUR,Travel Card,2358.45,GEL,2026-05-27
Coffee,Espresso Bar,Checking Account,2.07,USD,,,,2026-05-28
Groceries,Neighborhood Market,Credit Card,6.41,EUR,,,,2026-05-28
Groceries,Local Green Market,Cash Wallet,10.63,USD,,,,2026-05-28
Groceries,Trader Joe's,Checking Account,6.17,USD,,,,2026-05-28
Utilities,Gas Bill,Cash Wallet,15.95,USD,,,,2026-05-28
Dining Out,Burger Joint,Checking Account,6.45,USD,,,,2026-05-28
Transport,Metro Card Top-up,Cash Wallet,2.73,USD,,,,2026-05-28
Dining Out,Coffee Shop,Credit Card,10.87,EUR,,,,2026-05-28
Groceries,Trader Joe's,Checking Account,8.78,USD,,,,2026-05-28
,Savings Deposit,Savings Account,122.39,EUR,Checking Account,133.03,USD,2026-05-28
Coffee,Cafe Mocha,Checking Account,4.83,USD,,,,2026-05-29
Healthcare,Dental Clinic,Travel Card,47.17,GEL,,,,2026-05-29
Dining Out,Burger Joint,Checking Account,11.07,USD,,,,2026-05-29
Entertainment,Netflix Subscription,Checking Account,7.82,USD,,,,2026-05-29
Coffee,Latte To Go,Cash Wallet,2.54,USD,,,,2026-05-29
Transport,Ride Share,Cash Wallet,6.52,USD,,,,2026-05-29
Coffee,Latte To Go,Checking Account,4.17,USD,,,,2026-05-29
Dining Out,Sushi Bar,Credit Card,9.97,EUR,,,,2026-05-29
Utilities,Water Utility,Cash Wallet,10.69,USD,,,,2026-05-29
Transport,Ride Share,Credit Card,2.79,EUR,,,,2026-05-29
Healthcare,Pharmacy,Credit Card,13.97,EUR,,,,2026-05-29
Shopping,Amazon Order,Cash Wallet,17.84,USD,,,,2026-05-29
Dining Out,Thai Takeaway,Credit Card,7.80,EUR,,,,2026-05-29
Shopping,Electronics Store,Cash Wallet,5.29,USD,,,,2026-05-29
Utilities,Electric Bill,Cash Wallet,33.01,USD,,,,2026-05-29
Coffee,Cafe Mocha,Cash Wallet,2.47,USD,,,,2026-05-29
Transport,Taxi,Cash Wallet,6.83,USD,,,,2026-05-29
Coffee,Latte To Go,Cash Wallet,3.09,USD,,,,2026-05-29
,Transfer to Savings,Checking Account,1021.95,USD,Credit Card,940.20,EUR,2026-05-29
,Transfer to Savings,Checking Account,844.37,USD,Travel Card,2279.79,GEL,2026-05-29
,Transfer to Savings,Checking Account,1445.06,USD,Travel Card,3901.66,GEL,2026-05-29
Transport,Bus Pass,Checking Account,4.01,USD,,,,2026-05-30
Shopping,Furniture Store,Checking Account,8.35,USD,,,,2026-05-30
Utilities,Internet Provider,Checking Account,29.97,USD,,,,2026-05-30
Groceries,Neighborhood Market,Cash Wallet,9.83,USD,,,,2026-05-30
Transport,Metro Card Top-up,Credit Card,4.27,EUR,,,,2026-05-30
Groceries,Neighborhood Market,Credit Card,12.62,EUR,,,,2026-05-30
Coffee,Latte To Go,Cash Wallet,4.12,USD,,,,2026-05-30
Dining Out,Sushi Bar,Checking Account,9.93,USD,,,,2026-05-30
Groceries,Whole Foods Market,Checking Account,8.72,USD,,,,2026-05-30
Coffee,Latte To Go,Credit Card,4.26,EUR,,,,2026-05-30
Coffee,Morning Coffee,Credit Card,2.09,EUR,,,,2026-05-30
,Credit Card Payment,Checking Account,1098.80,USD,Travel Card,2966.75,GEL,2026-05-30
Groceries,Trader Joe's,Credit Card,5.25,EUR,,,,2026-05-31
Coffee,Espresso Bar,Credit Card,2.02,EUR,,,,2026-05-31
Coffee,Cafe Mocha,Credit Card,4.17,EUR,,,,2026-05-31
Coffee,Morning Coffee,Savings Account,2.24,EUR,,,,2026-05-31
Utilities,Water Utility,Checking Account,9.38,USD,,,,2026-05-31
Dining Out,Coffee Shop,Cash Wallet,13.20,USD,,,,2026-05-31
Healthcare,Dental Clinic,Credit Card,8.02,EUR,,,,2026-05-31
Dining Out,Pizzeria Bella,Credit Card,8.39,EUR,,,,2026-05-31
Transport,Fuel Station,Cash Wallet,8.31,USD,,,,2026-05-31
Dining Out,Bistro du Coin,Checking Account,12.96,USD,,,,2026-05-31
Utilities,Phone Bill,Checking Account,18.25,USD,,,,2026-05-31
Shopping,Amazon Order,Savings Account,22.15,EUR,,,,2026-05-31
,Cash Withdrawal,Credit Card,852.59,EUR,Cash Wallet,926.72,USD,2026-05-31
,Savings Deposit,Travel Card,1908.18,GEL,Credit Card,650.19,EUR,2026-05-31
Coffee,Espresso Bar,Travel Card,9.91,GEL,,,,2026-06-01
Entertainment,Cinema Tickets,Credit Card,4.12,EUR,,,,2026-06-01
Groceries,Aldi,Credit Card,7.31,EUR,,,,2026-06-01
Transport,Taxi,Checking Account,2.37,USD,,,,2026-06-01
Utilities,Internet Provider,Checking Account,31.36,USD,,,,2026-06-01
Utilities,Gas Bill,Checking Account,16.73,USD,,,,2026-06-01
Transport,Bus Pass,Travel Card,19.11,GEL,,,,2026-06-01
Entertainment,Netflix Subscription,Checking Account,11.46,USD,,,,2026-06-01
Dining Out,Thai Takeaway,Credit Card,3.70,EUR,,,,2026-06-01
Dining Out,Burger Joint,Savings Account,4.01,EUR,,,,2026-06-01
Coffee,Morning Coffee,Credit Card,4.37,EUR,,,,2026-06-01
Utilities,Phone Bill,Checking Account,17.95,USD,,,,2026-06-01
Coffee,Espresso Bar,Checking Account,4.75,USD,,,,2026-06-01
,Savings Deposit,Cash Wallet,780.49,USD,Credit Card,718.05,EUR,2026-06-01
,Savings Deposit,Cash Wallet,1311.57,USD,Savings Account,1206.65,EUR,2026-06-01
Transport,Taxi,Cash Wallet,3.28,USD,,,,2026-06-02
Entertainment,Cinema Tickets,Travel Card,12.11,GEL,,,,2026-06-02
Dining Out,Coffee Shop,Checking Account,4.38,USD,,,,2026-06-02
Groceries,Local Green Market,Cash Wallet,6.37,USD,,,,2026-06-02
Travel,Airbnb Stay,Checking Account,82.57,USD,,,,2026-06-02
Transport,Metro Card Top-up,Travel Card,15.32,GEL,,,,2026-06-02
Groceries,Neighborhood Market,Travel Card,38.89,GEL,,,,2026-06-02
Dining Out,Coffee Shop,Checking Account,10.26,USD,,,,2026-06-02
Entertainment,Book Store,Credit Card,3.79,EUR,,,,2026-06-02
Entertainment,Cinema Tickets,Credit Card,6.33,EUR,,,,2026-06-02
Dining Out,Pizzeria Bella,Credit Card,6.52,EUR,,,,2026-06-02
Transport,Taxi,Checking Account,6.50,USD,,,,2026-06-02
Dining Out,Restaurant Le Petit,Travel Card,30.64,GEL,,,,2026-06-02
Coffee,Latte To Go,Cash Wallet,4.23,USD,,,,2026-06-02
Groceries,Whole Foods Market,Cash Wallet,12.54,USD,,,,2026-06-02
Travel,Flight Booking,Cash Wallet,109.21,USD,,,,2026-06-02
Coffee,Cafe Mocha,Checking Account,4.27,USD,,,,2026-06-02
Entertainment,Spotify Subscription,Travel Card,8.63,GEL,,,,2026-06-02
Shopping,Furniture Store,Checking Account,7.55,USD,,,,2026-06-02
Groceries,Aldi,Checking Account,10.26,USD,,,,2026-06-02
Groceries,Whole Foods Market,Cash Wallet,12.82,USD,,,,2026-06-02
Shopping,Clothing Store,Credit Card,19.85,EUR,,,,2026-06-02
Coffee,Street Coffee,Credit Card,3.50,EUR,,,,2026-06-02
,Transfer to Savings,Credit Card,678.34,EUR,Savings Account,678.34,EUR,2026-06-02
Healthcare,Pharmacy,Credit Card,7.86,EUR,,,,2026-06-03
Dining Out,Pizzeria Bella,Credit Card,3.63,EUR,,,,2026-06-03
Transport,Ride Share,Checking Account,2.68,USD,,,,2026-06-03
Entertainment,Book Store,Credit Card,4.71,EUR,,,,2026-06-03
Healthcare,Dental Clinic,Travel Card,16.87,GEL,,,,2026-06-03
Entertainment,Concert Tickets,Checking Account,6.97,USD,,,,2026-06-03
,Top-up Travel Card,Credit Card,426.82,EUR,Travel Card,1252.61,GEL,2026-06-03
,Credit Card Payment,Checking Account,1472.29,USD,Credit Card,1354.51,EUR,2026-06-03
,Savings Deposit,Travel Card,1269.83,GEL,Cash Wallet,470.31,USD,2026-06-03
,Top-up Travel Card,Cash Wallet,542.56,USD,Credit Card,499.16,EUR,2026-06-03
,Top-up Travel Card,Credit Card,63.05,EUR,Savings Account,63.05,EUR,2026-06-03
Coffee,Espresso Bar,Credit Card,2.19,EUR,,,,2026-06-04
Groceries,Neighborhood Market,Travel Card,18.03,GEL,,,,2026-06-04
Dining Out,Pizzeria Bella,Cash Wallet,8.82,USD,,,,2026-06-04
Coffee,Espresso Bar,Credit Card,2.81,EUR,,,,2026-06-04
Coffee,Espresso Bar,Credit Card,1.91,EUR,,,,2026-06-04
Groceries,Whole Foods Market,Checking Account,13.02,USD,,,,2026-06-04
Dining Out,Pizzeria Bella,Credit Card,6.39,EUR,,,,2026-06-04
Dining Out,Sushi Bar,Checking Account,7.52,USD,,,,2026-06-04
Entertainment,Concert Tickets,Savings Account,4.56,EUR,,,,2026-06-04
Groceries,Neighborhood Market,Cash Wallet,7.51,USD,,,,2026-06-04
Shopping,Clothing Store,Checking Account,9.23,USD,,,,2026-06-04
Dining Out,Sushi Bar,Credit Card,8.38,EUR,,,,2026-06-04
Healthcare,Dental Clinic,Credit Card,10.24,EUR,,,,2026-06-04
,Top-up Travel Card,Checking Account,878.55,USD,Cash Wallet,878.55,USD,2026-06-04
,Credit Card Payment,Checking Account,696.88,USD,Cash Wallet,696.88,USD,2026-06-04
,Top-up Travel Card,Credit Card,1172.49,EUR,Travel Card,3440.99,GEL,2026-06-04
Groceries,Local Green Market,Cash Wallet,13.54,USD,,,,2026-06-05
Coffee,Cafe Mocha,Cash Wallet,3.95,USD,,,,2026-06-05
Utilities,Water Utility,Savings Account,15.71,EUR,,,,2026-06-05
Coffee,Street Coffee,Travel Card,6.36,GEL,,,,2026-06-05
Dining Out,Pizzeria Bella,Checking Account,6.26,USD,,,,2026-06-05
Coffee,Latte To Go,Savings Account,3.51,EUR,,,,2026-06-05
Travel,Airbnb Stay,Savings Account,73.55,EUR,,,,2026-06-05
Dining Out,Burger Joint,Cash Wallet,7.18,USD,,,,2026-06-05
Coffee,Espresso Bar,Checking Account,4.61,USD,,,,2026-06-05
Entertainment,Steam Game,Cash Wallet,6.64,USD,,,,2026-06-05
Entertainment,Steam Game,Cash Wallet,6.78,USD,,,,2026-06-05
Shopping,Bookshop,Cash Wallet,11.59,USD,,,,2026-06-05
Groceries,Aldi,Credit Card,10.07,EUR,,,,2026-06-05
Groceries,Whole Foods Market,Cash Wallet,13.53,USD,,,,2026-06-05
Dining Out,Burger Joint,Travel Card,29.37,GEL,,,,2026-06-05
Entertainment,Steam Game,Credit Card,3.23,EUR,,,,2026-06-05
,Credit Card Payment,Checking Account,675.89,USD,Credit Card,621.82,EUR,2026-06-05
,Cash Withdrawal,Travel Card,2006.85,GEL,Savings Account,683.82,EUR,2026-06-05
,Credit Card Payment,Travel Card,3284.82,GEL,Credit Card,1119.27,EUR,2026-06-05
Entertainment,Cinema Tickets,Travel Card,28.16,GEL,,,,2026-06-06
Coffee,Latte To Go,Cash Wallet,3.87,USD,,,,2026-06-06
Dining Out,Pizzeria Bella,Travel Card,31.65,GEL,,,,2026-06-06
Entertainment,Netflix Subscription,Savings Account,4.90,EUR,,,,2026-06-06
Dining Out,Pizzeria Bella,Checking Account,11.27,USD,,,,2026-06-06
Entertainment,Cinema Tickets,Checking Account,11.25,USD,,,,2026-06-06
Entertainment,Cinema Tickets,Cash Wallet,3.57,USD,,,,2026-06-06
Groceries,Aldi,Cash Wallet,9.90,USD,,,,2026-06-06
Shopping,Furniture Store,Credit Card,12.15,EUR,,,,2026-06-06
Coffee,Cafe Mocha,Credit Card,2.99,EUR,,,,2026-06-06
Shopping,Electronics Store,Travel Card,54.41,GEL,,,,2026-06-06
,Savings Deposit,Credit Card,1176.24,EUR,Savings Account,1176.24,EUR,2026-06-06
,Transfer to Savings,Credit Card,856.06,EUR,Travel Card,2512.36,GEL,2026-06-06
,Transfer to Savings,Credit Card,822.10,EUR,Travel Card,2412.68,GEL,2026-06-06
Shopping,Furniture Store,Cash Wallet,24.08,USD,,,,2026-06-07
Coffee,Espresso Bar,Travel Card,5.63,GEL,,,,2026-06-07
Transport,Metro Card Top-up,Credit Card,5.65,EUR,,,,2026-06-07
Coffee,Espresso Bar,Checking Account,4.75,USD,,,,2026-06-07
Groceries,Trader Joe's,Cash Wallet,13.65,USD,,,,2026-06-07
Coffee,Cafe Mocha,Travel Card,10.84,GEL,,,,2026-06-07
Dining Out,Coffee Shop,Credit Card,12.19,EUR,,,,2026-06-07
Healthcare,Dental Clinic,Travel Card,42.67,GEL,,,,2026-06-07
Dining Out,Sushi Bar,Credit Card,6.84,EUR,,,,2026-06-07
Coffee,Latte To Go,Cash Wallet,3.50,USD,,,,2026-06-07
Shopping,Electronics Store,Cash Wallet,10.46,USD,,,,2026-06-07
,Savings Deposit,Credit Card,1341.02,EUR,Checking Account,1457.63,USD,2026-06-07
,Credit Card Payment,Savings Account,367.51,EUR,Travel Card,1078.57,GEL,2026-06-07
,Savings Deposit,Cash Wallet,736.04,USD,Savings Account,677.15,EUR,2026-06-07
,Transfer to Savings,Credit Card,1201.81,EUR,Travel Card,3527.05,GEL,2026-06-07
Coffee,Morning Coffee,Checking Account,4.53,USD,,,,2026-06-08
Coffee,Morning Coffee,Credit Card,3.66,EUR,,,,2026-06-08
Utilities,Phone Bill,Checking Account,9.12,USD,,,,2026-06-08
Coffee,Cafe Mocha,Credit Card,3.81,EUR,,,,2026-06-08
Groceries,Aldi,Cash Wallet,8.51,USD,,,,2026-06-08
Coffee,Morning Coffee,Travel Card,7.69,GEL,,,,2026-06-08
Coffee,Espresso Bar,Travel Card,6.28,GEL,,,,2026-06-08
Transport,Train Ticket,Checking Account,7.03,USD,,,,2026-06-08
Shopping,Bookshop,Cash Wallet,8.70,USD,,,,2026-06-08
Transport,Ride Share,Cash Wallet,7.32,USD,,,,2026-06-08
Travel,Flight Booking,Checking Account,70.33,USD,,,,2026-06-08
Transport,Bus Pass,Cash Wallet,5.87,USD,,,,2026-06-08
Entertainment,Concert Tickets,Credit Card,4.62,EUR,,,,2026-06-08
Coffee,Morning Coffee,Cash Wallet,2.12,USD,,,,2026-06-08
Shopping,Amazon Order,Cash Wallet,13.73,USD,,,,2026-06-09
Entertainment,Book Store,Checking Account,8.11,USD,,,,2026-06-09
Coffee,Morning Coffee,Cash Wallet,2.98,USD,,,,2026-06-09
Shopping,Clothing Store,Savings Account,21.70,EUR,,,,2026-06-09
Groceries,Whole Foods Market,Cash Wallet,5.77,USD,,,,2026-06-09
Coffee,Espresso Bar,Cash Wallet,2.27,USD,,,,2026-06-09
Groceries,Local Green Market,Credit Card,9.93,EUR,,,,2026-06-09
Transport,Ride Share,Checking Account,7.39,USD,,,,2026-06-09
Groceries,Aldi,Credit Card,8.34,EUR,,,,2026-06-09
Coffee,Morning Coffee,Credit Card,3.99,EUR,,,,2026-06-09
Groceries,Aldi,Cash Wallet,14.58,USD,,,,2026-06-09
Coffee,Espresso Bar,Checking Account,3.75,USD,,,,2026-06-09
Coffee,Espresso Bar,Cash Wallet,4.47,USD,,,,2026-06-09
Groceries,Trader Joe's,Checking Account,11.86,USD,,,,2026-06-09
Groceries,Lidl,Travel Card,38.22,GEL,,,,2026-06-09
Dining Out,Sushi Bar,Credit Card,8.89,EUR,,,,2026-06-09
Groceries,Aldi,Checking Account,7.45,USD,,,,2026-06-09
Dining Out,Restaurant Le Petit,Checking Account,7.48,USD,,,,2026-06-09
Coffee,Morning Coffee,Checking Account,2.90,USD,,,,2026-06-09
Transport,Ride Share,Checking Account,4.26,USD,,,,2026-06-09
,Cash Withdrawal,Savings Account,1201.27,EUR,Cash Wallet,1305.73,USD,2026-06-09
,Savings Deposit,Savings Account,292.04,EUR,Checking Account,317.44,USD,2026-06-09
Coffee,Morning Coffee,Cash Wallet,3.72,USD,,,,2026-06-10
Dining Out,Bistro du Coin,Checking Account,5.29,USD,,,,2026-06-10
Entertainment,Concert Tickets,Credit Card,4.88,EUR,,,,2026-06-10
Dining Out,Thai Takeaway,Cash Wallet,9.54,USD,,,,2026-06-10
Coffee,Espresso Bar,Cash Wallet,1.99,USD,,,,2026-06-10
Groceries,Lidl,Cash Wallet,11.75,USD,,,,2026-06-10
Shopping,Amazon Order,Checking Account,21.54,USD,,,,2026-06-10
Dining Out,Bistro du Coin,Credit Card,9.42,EUR,,,,2026-06-10
Coffee,Latte To Go,Savings Account,2.71,EUR,,,,2026-06-10
Dining Out,Restaurant Le Petit,Cash Wallet,7.93,USD,,,,2026-06-10
Dining Out,Pizzeria Bella,Cash Wallet,8.21,USD,,,,2026-06-10
Salary,Payroll Deposit,,,,Checking Account,1521.67,USD,2026-06-10
,Transfer to Savings,Checking Account,396.74,USD,Cash Wallet,396.74,USD,2026-06-10
,Credit Card Payment,Savings Account,237.26,EUR,Travel Card,696.31,GEL,2026-06-10
Healthcare,Optician,Credit Card,14.47,EUR,,,,2026-06-11
Groceries,Local Green Market,Cash Wallet,6.47,USD,,,,2026-06-11
Dining Out,Thai Takeaway,Credit Card,8.21,EUR,,,,2026-06-11
Dining Out,Bistro du Coin,Cash Wallet,12.56,USD,,,,2026-06-11
Dining Out,Sushi Bar,Cash Wallet,12.53,USD,,,,2026-06-11
Coffee,Street Coffee,Travel Card,9.26,GEL,,,,2026-06-11
Groceries,Trader Joe's,Credit Card,11.98,EUR,,,,2026-06-11
Entertainment,Concert Tickets,Cash Wallet,9.81,USD,,,,2026-06-11
Healthcare,Optician,Checking Account,8.07,USD,,,,2026-06-11
Dining Out,Restaurant Le Petit,Cash Wallet,10.12,USD,,,,2026-06-11
Transport,Bus Pass,Credit Card,3.38,EUR,,,,2026-06-11
Entertainment,Book Store,Cash Wallet,3.67,USD,,,,2026-06-11
Coffee,Espresso Bar,Travel Card,10.42,GEL,,,,2026-06-11
,Credit Card Payment,Travel Card,3339.21,GEL,Savings Account,1137.80,EUR,2026-06-11
Groceries,Whole Foods Market,Checking Account,14.30,USD,,,,2026-06-12
Shopping,Clothing Store,Checking Account,13.27,USD,,,,2026-06-12
Coffee,Latte To Go,Cash Wallet,2.91,USD,,,,2026-06-12
Entertainment,Cinema Tickets,Cash Wallet,8.34,USD,,,,2026-06-12
Entertainment,Spotify Subscription,Travel Card,15.00,GEL,,,,2026-06-12
Coffee,Street Coffee,Cash Wallet,3.40,USD,,,,2026-06-12
Coffee,Morning Coffee,Cash Wallet,2.95,USD,,,,2026-06-12
Coffee,Cafe Mocha,Credit Card,2.24,EUR,,,,2026-06-12
Coffee,Latte To Go,Credit Card,3.03,EUR,,,,2026-06-12
Coffee,Espresso Bar,Cash Wallet,3.34,USD,,,,2026-06-12
Shopping,Amazon Order,Cash Wallet,10.11,USD,,,,2026-06-12
Entertainment,Spotify Subscription,Credit Card,5.88,EUR,,,,2026-06-12
Transport,Fuel Station,Checking Account,8.01,USD,,,,2026-06-12
Healthcare,Doctor Visit,Checking Account,16.17,USD,,,,2026-06-12
Groceries,Local Green Market,Savings Account,10.28,EUR,,,,2026-06-12
Transport,Fuel Station,Credit Card,4.79,EUR,,,,2026-06-12
Shopping,Furniture Store,Checking Account,5.96,USD,,,,2026-06-12
Entertainment,Book Store,Cash Wallet,4.98,USD,,,,2026-06-12
Coffee,Cafe Mocha,Checking Account,4.33,USD,,,,2026-06-12
Transport,Metro Card Top-up,Cash Wallet,3.42,USD,,,,2026-06-12
Utilities,Internet Provider,Cash Wallet,13.16,USD,,,,2026-06-12
,Top-up Travel Card,Cash Wallet,1203.79,USD,Credit Card,1107.49,EUR,2026-06-12
Transport,Taxi,Credit Card,2.20,EUR,,,,2026-06-13
Coffee,Latte To Go,Cash Wallet,2.20,USD,,,,2026-06-13
Dining Out,Burger Joint,Checking Account,13.48,USD,,,,2026-06-13
Coffee,Morning Coffee,Checking Account,4.68,USD,,,,2026-06-13
Transport,Ride Share,Checking Account,4.83,USD,,,,2026-06-13
Coffee,Cafe Mocha,Credit Card,4.11,EUR,,,,2026-06-13
Dining Out,Thai Takeaway,Travel Card,27.47,GEL,,,,2026-06-13
Groceries,Carrefour,Checking Account,8.38,USD,,,,2026-06-13
Healthcare,Doctor Visit,Checking Account,13.95,USD,,,,2026-06-13
Shopping,Furniture Store,Credit Card,17.01,EUR,,,,2026-06-13
Travel,Car Rental,Cash Wallet,105.90,USD,,,,2026-06-13
Entertainment,Concert Tickets,Savings Account,4.91,EUR,,,,2026-06-13
Entertainment,Netflix Subscription,Checking Account,3.63,USD,,,,2026-06-13
Groceries,Neighborhood Market,Travel Card,26.46,GEL,,,,2026-06-13
Transport,Bus Pass,Credit Card,6.99,EUR,,,,2026-06-13
Transport,Fuel Station,Cash Wallet,7.27,USD,,,,2026-06-13
,Top-up Travel Card,Cash Wallet,975.02,USD,Checking Account,975.02,USD,2026-06-13
,Credit Card Payment,Checking Account,260.53,USD,Savings Account,239.68,EUR,2026-06-13
Groceries,Aldi,Cash Wallet,11.32,USD,,,,2026-06-14
Transport,Bus Pass,Cash Wallet,2.95,USD,,,,2026-06-14
Groceries,Local Green Market,Checking Account,14.20,USD,,,,2026-06-14
Groceries,Aldi,Travel Card,26.73,GEL,,,,2026-06-14
Groceries,Carrefour,Credit Card,12.30,EUR,,,,2026-06-14
Groceries,Whole Foods Market,Savings Account,6.99,EUR,,,,2026-06-14
Shopping,Furniture Store,Cash Wallet,8.75,USD,,,,2026-06-14
Coffee,Latte To Go,Checking Account,4.80,USD,,,,2026-06-14
Coffee,Espresso Bar,Checking Account,3.05,USD,,,,2026-06-14
Healthcare,Optician,Credit Card,9.62,EUR,,,,2026-06-14
Coffee,Morning Coffee,Credit Card,3.70,EUR,,,,2026-06-14
Groceries,Lidl,Checking Account,6.91,USD,,,,2026-06-14
Coffee,Cafe Mocha,Cash Wallet,4.77,USD,,,,2026-06-14
Transport,Fuel Station,Credit Card,4.19,EUR,,,,2026-06-14
Healthcare,Doctor Visit,Checking Account,8.04,USD,,,,2026-06-14
Groceries,Local Green Market,Checking Account,7.82,USD,,,,2026-06-14
Transport,Taxi,Cash Wallet,6.75,USD,,,,2026-06-14
Groceries,Aldi,Checking Account,15.05,USD,,,,2026-06-14
,Transfer to Savings,Cash Wallet,1429.49,USD,Travel Card,3859.63,GEL,2026-06-14
Dining Out,Sushi Bar,Cash Wallet,6.89,USD,,,,2026-06-15
Coffee,Espresso Bar,Credit Card,3.63,EUR,,,,2026-06-15
Coffee,Latte To Go,Checking Account,4.41,USD,,,,2026-06-15
Coffee,Cafe Mocha,Cash Wallet,4.66,USD,,,,2026-06-15
Entertainment,Concert Tickets,Cash Wallet,9.78,USD,,,,2026-06-15
Dining Out,Bistro du Coin,Credit Card,6.64,EUR,,,,2026-06-15
Shopping,Bookshop,Credit Card,16.34,EUR,,,,2026-06-15
Groceries,Lidl,Cash Wallet,12.16,USD,,,,2026-06-15
Coffee,Latte To Go,Checking Account,4.42,USD,,,,2026-06-15
Transport,Ride Share,Savings Account,6.76,EUR,,,,2026-06-15
Travel,Hotel Stay,Credit Card,72.63,EUR,,,,2026-06-15
Dining Out,Thai Takeaway,Cash Wallet,11.73,USD,,,,2026-06-15
Coffee,Latte To Go,Cash Wallet,3.15,USD,,,,2026-06-15
,Cash Withdrawal,Credit Card,616.02,EUR,Checking Account,669.59,USD,2026-06-15
,Savings Deposit,Cash Wallet,1152.73,USD,Savings Account,1060.51,EUR,2026-06-15
Coffee,Morning Coffee,Credit Card,2.47,EUR,,,,2026-06-16
Coffee,Latte To Go,Cash Wallet,3.04,USD,,,,2026-06-16
Entertainment,Book Store,Savings Account,6.94,EUR,,,,2026-06-16
Entertainment,Netflix Subscription,Travel Card,27.33,GEL,,,,2026-06-16
Transport,Ride Share,Savings Account,6.30,EUR,,,,2026-06-16
Shopping,Electronics Store,Credit Card,9.55,EUR,,,,2026-06-16
Dining Out,Bistro du Coin,Cash Wallet,6.09,USD,,,,2026-06-16
Coffee,Cafe Mocha,Travel Card,10.20,GEL,,,,2026-06-16
Transport,Bus Pass,Credit Card,3.30,EUR,,,,2026-06-16
Dining Out,Burger Joint,Credit Card,5.91,EUR,,,,2026-06-17
Entertainment,Steam Game,Checking Account,8.88,USD,,,,2026-06-17
Groceries,Aldi,Travel Card,40.95,GEL,,,,2026-06-17
Groceries,Lidl,Cash Wallet,15.31,USD,,,,2026-06-17
Entertainment,Concert Tickets,Credit Card,4.43,EUR,,,,2026-06-17
Transport,Train Ticket,Checking Account,8.31,USD,,,,2026-06-17
Shopping,Electronics Store,Travel Card,21.81,GEL,,,,2026-06-17
Transport,Fuel Station,Checking Account,5.99,USD,,,,2026-06-17
Dining Out,Coffee Shop,Cash Wallet,12.15,USD,,,,2026-06-17
Shopping,Electronics Store,Cash Wallet,5.42,USD,,,,2026-06-17
Coffee,Morning Coffee,Checking Account,3.30,USD,,,,2026-06-17
Groceries,Local Green Market,Checking Account,7.84,USD,,,,2026-06-17
Coffee,Cafe Mocha,Cash Wallet,3.80,USD,,,,2026-06-17
Dining Out,Thai Takeaway,Cash Wallet,8.43,USD,,,,2026-06-17
Coffee,Morning Coffee,Savings Account,3.43,EUR,,,,2026-06-17
Groceries,Trader Joe's,Travel Card,27.43,GEL,,,,2026-06-17
Shopping,Electronics Store,Cash Wallet,6.82,USD,,,,2026-06-17
Groceries,Local Green Market,Credit Card,8.19,EUR,,,,2026-06-17
Entertainment,Cinema Tickets,Checking Account,5.26,USD,,,,2026-06-17
Coffee,Street Coffee,Cash Wallet,3.40,USD,,,,2026-06-17
Transport,Bus Pass,Cash Wallet,3.88,USD,,,,2026-06-17
Groceries,Carrefour,Credit Card,8.28,EUR,,,,2026-06-17
Entertainment,Book Store,Cash Wallet,7.08,USD,,,,2026-06-17
,Savings Deposit,Travel Card,2384.88,GEL,Checking Account,883.29,USD,2026-06-17
,Savings Deposit,Savings Account,947.03,EUR,Travel Card,2779.33,GEL,2026-06-17
Entertainment,Steam Game,Cash Wallet,9.56,USD,,,,2026-06-18
Coffee,Latte To Go,Credit Card,2.41,EUR,,,,2026-06-18
Groceries,Trader Joe's,Cash Wallet,12.43,USD,,,,2026-06-18
Transport,Taxi,Cash Wallet,3.44,USD,,,,2026-06-18
Dining Out,Bistro du Coin,Checking Account,10.62,USD,,,,2026-06-18
Transport,Ride Share,Cash Wallet,7.32,USD,,,,2026-06-18
Entertainment,Steam Game,Checking Account,6.55,USD,,,,2026-06-18
Groceries,Aldi,Checking Account,7.72,USD,,,,2026-06-18
Transport,Taxi,Travel Card,11.55,GEL,,,,2026-06-18
Groceries,Aldi,Credit Card,9.35,EUR,,,,2026-06-18
Dining Out,Restaurant Le Petit,Savings Account,5.93,EUR,,,,2026-06-18
Groceries,Whole Foods Market,Checking Account,9.00,USD,,,,2026-06-18
,Credit Card Payment,Checking Account,340.05,USD,Cash Wallet,340.05,USD,2026-06-18
,Top-up Travel Card,Checking Account,1066.41,USD,Travel Card,2879.30,GEL,2026-06-18
,Cash Withdrawal,Travel Card,1200.79,GEL,Savings Account,409.16,EUR,2026-06-18
,Credit Card Payment,Checking Account,1395.09,USD,Travel Card,3766.76,GEL,2026-06-18
Coffee,Cafe Mocha,Savings Account,2.59,EUR,,,,2026-06-19
Groceries,Whole Foods Market,Credit Card,13.49,EUR,,,,2026-06-19
Dining Out,Restaurant Le Petit,Credit Card,5.55,EUR,,,,2026-06-19
Dining Out,Restaurant Le Petit,Travel Card,30.65,GEL,,,,2026-06-19
Dining Out,Coffee Shop,Credit Card,11.77,EUR,,,,2026-06-19
Coffee,Cafe Mocha,Checking Account,3.14,USD,,,,2026-06-19
Coffee,Morning Coffee,Checking Account,4.39,USD,,,,2026-06-19
Transport,Metro Card Top-up,Credit Card,5.25,EUR,,,,2026-06-19
Groceries,Local Green Market,Checking Account,11.94,USD,,,,2026-06-19
Transport,Train Ticket,Checking Account,2.42,USD,,,,2026-06-19
,Credit Card Payment,Credit Card,1269.22,EUR,Savings Account,1269.22,EUR,2026-06-19
Healthcare,Pharmacy,Checking Account,13.34,USD,,,,2026-06-20
Transport,Ride Share,Credit Card,6.02,EUR,,,,2026-06-20
Coffee,Street Coffee,Checking Account,2.75,USD,,,,2026-06-20
Groceries,Trader Joe's,Checking Account,10.36,USD,,,,2026-06-20
Dining Out,Coffee Shop,Credit Card,11.36,EUR,,,,2026-06-20
Coffee,Morning Coffee,Travel Card,5.64,GEL,,,,2026-06-20
Coffee,Latte To Go,Cash Wallet,2.22,USD,,,,2026-06-20
Coffee,Espresso Bar,Travel Card,5.68,GEL,,,,2026-06-20
Coffee,Espresso Bar,Checking Account,4.49,USD,,,,2026-06-20
Groceries,Local Green Market,Checking Account,7.29,USD,,,,2026-06-20
Entertainment,Concert Tickets,Travel Card,16.32,GEL,,,,2026-06-20
Travel,Hotel Stay,Credit Card,94.64,EUR,,,,2026-06-20
Coffee,Espresso Bar,Checking Account,2.37,USD,,,,2026-06-20
Shopping,Bookshop,Credit Card,21.55,EUR,,,,2026-06-20
Dining Out,Thai Takeaway,Checking Account,8.38,USD,,,,2026-06-20
Coffee,Espresso Bar,Credit Card,3.09,EUR,,,,2026-06-20
Coffee,Espresso Bar,Cash Wallet,2.60,USD,,,,2026-06-20
,Cash Withdrawal,Checking Account,1397.56,USD,Credit Card,1285.75,EUR,2026-06-20
,Credit Card Payment,Credit Card,718.86,EUR,Travel Card,2109.69,GEL,2026-06-20
Transport,Fuel Station,Checking Account,2.38,USD,,,,2026-06-21
Coffee,Latte To Go,Credit Card,2.82,EUR,,,,2026-06-21
Shopping,Bookshop,Credit Card,21.51,EUR,,,,2026-06-21
Healthcare,Doctor Visit,Checking Account,19.10,USD,,,,2026-06-21
Transport,Ride Share,Checking Account,5.64,USD,,,,2026-06-21
Groceries,Carrefour,Checking Account,5.95,USD,,,,2026-06-21
Groceries,Local Green Market,Credit Card,8.73,EUR,,,,2026-06-21
Groceries,Carrefour,Travel Card,29.08,GEL,,,,2026-06-21
Entertainment,Spotify Subscription,Checking Account,4.90,USD,,,,2026-06-21
Entertainment,Concert Tickets,Credit Card,3.88,EUR,,,,2026-06-21
Groceries,Trader Joe's,Cash Wallet,11.79,USD,,,,2026-06-21
Healthcare,Optician,Credit Card,12.93,EUR,,,,2026-06-21
Shopping,Bookshop,Cash Wallet,11.47,USD,,,,2026-06-21
Groceries,Neighborhood Market,Credit Card,12.54,EUR,,,,2026-06-21
Shopping,Amazon Order,Credit Card,17.81,EUR,,,,2026-06-21
,Credit Card Payment,Cash Wallet,104.84,USD,Savings Account,96.45,EUR,2026-06-21
,Savings Deposit,Credit Card,598.88,EUR,Checking Account,650.95,USD,2026-06-21
,Credit Card Payment,Credit Card,1300.63,EUR,Savings Account,1300.63,EUR,2026-06-21
,Credit Card Payment,Credit Card,497.21,EUR,Travel Card,1459.21,GEL,2026-06-21
Groceries,Neighborhood Market,Cash Wallet,7.68,USD,,,,2026-06-22
Groceries,Aldi,Credit Card,4.74,EUR,,,,2026-06-22
Dining Out,Burger Joint,Checking Account,12.61,USD,,,,2026-06-22
Groceries,Trader Joe's,Checking Account,8.69,USD,,,,2026-06-22
Healthcare,Optician,Credit Card,16.36,EUR,,,,2026-06-22
Entertainment,Netflix Subscription,Checking Account,9.51,USD,,,,2026-06-22
Transport,Bus Pass,Credit Card,2.06,EUR,,,,2026-06-22
Coffee,Morning Coffee,Credit Card,2.54,EUR,,,,2026-06-22
Coffee,Latte To Go,Checking Account,4.83,USD,,,,2026-06-22
Dining Out,Pizzeria Bella,Checking Account,10.23,USD,,,,2026-06-22
Coffee,Cafe Mocha,Credit Card,3.71,EUR,,,,2026-06-22
Entertainment,Spotify Subscription,Credit Card,10.67,EUR,,,,2026-06-22
Shopping,Electronics Store,Cash Wallet,11.78,USD,,,,2026-06-22
Coffee,Latte To Go,Cash Wallet,2.70,USD,,,,2026-06-22
Dining Out,Bistro du Coin,Cash Wallet,4.52,USD,,,,2026-06-22
Dining Out,Pizzeria Bella,Travel Card,11.60,GEL,,,,2026-06-22
Entertainment,Book Store,Cash Wallet,6.83,USD,,,,2026-06-22
Coffee,Latte To Go,Cash Wallet,1.98,USD,,,,2026-06-22
Entertainment,Netflix Subscription,Travel Card,17.45,GEL,,,,2026-06-22
Coffee,Espresso Bar,Checking Account,2.47,USD,,,,2026-06-22
Coffee,Morning Coffee,Cash Wallet,3.71,USD,,,,2026-06-22
,Top-up Travel Card,Cash Wallet,320.94,USD,Savings Account,295.26,EUR,2026-06-22
,Credit Card Payment,Credit Card,1225.23,EUR,Travel Card,3595.77,GEL,2026-06-22
,Credit Card Payment,Checking Account,1284.58,USD,Savings Account,1181.81,EUR,2026-06-22
Healthcare,Pharmacy,Checking Account,8.32,USD,,,,2026-06-23
Coffee,Latte To Go,Checking Account,2.35,USD,,,,2026-06-23
Transport,Ride Share,Cash Wallet,2.48,USD,,,,2026-06-23
Groceries,Whole Foods Market,Cash Wallet,7.36,USD,,,,2026-06-23
Groceries,Carrefour,Checking Account,6.18,USD,,,,2026-06-23
Healthcare,Optician,Checking Account,10.33,USD,,,,2026-06-23
Entertainment,Concert Tickets,Credit Card,7.66,EUR,,,,2026-06-23
Coffee,Espresso Bar,Travel Card,8.11,GEL,,,,2026-06-23
Transport,Train Ticket,Cash Wallet,2.87,USD,,,,2026-06-23
Dining Out,Sushi Bar,Cash Wallet,12.19,USD,,,,2026-06-23
Coffee,Espresso Bar,Cash Wallet,2.71,USD,,,,2026-06-23
Coffee,Espresso Bar,Checking Account,3.23,USD,,,,2026-06-23
Transport,Fuel Station,Travel Card,14.26,GEL,,,,2026-06-23
Entertainment,Cinema Tickets,Cash Wallet,7.92,USD,,,,2026-06-23
Groceries,Neighborhood Market,Cash Wallet,9.90,USD,,,,2026-06-23
Groceries,Trader Joe's,Savings Account,12.56,EUR,,,,2026-06-23
Transport,Taxi,Travel Card,15.20,GEL,,,,2026-06-23
Coffee,Cafe Mocha,Credit Card,2.14,EUR,,,,2026-06-23
Groceries,Aldi,Credit Card,4.77,EUR,,,,2026-06-23
Dining Out,Sushi Bar,Travel Card,24.09,GEL,,,,2026-06-23
Transport,Bus Pass,Checking Account,3.78,USD,,,,2026-06-23
Coffee,Espresso Bar,Cash Wallet,2.58,USD,,,,2026-06-23
Entertainment,Book Store,Savings Account,7.17,EUR,,,,2026-06-23
Transport,Fuel Station,Cash Wallet,8.70,USD,,,,2026-06-23
,Transfer to Savings,Credit Card,1052.37,EUR,Savings Account,1052.37,EUR,2026-06-23
,Savings Deposit,Checking Account,998.49,USD,Savings Account,918.61,EUR,2026-06-23
,Savings Deposit,Checking Account,149.88,USD,Cash Wallet,149.88,USD,2026-06-23
Shopping,Amazon Order,Checking Account,23.22,USD,,,,2026-06-24
Coffee,Morning Coffee,Checking Account,3.75,USD,,,,2026-06-24
Transport,Fuel Station,Checking Account,2.27,USD,,,,2026-06-24
Coffee,Latte To Go,Cash Wallet,2.85,USD,,,,2026-06-24
Shopping,Furniture Store,Cash Wallet,10.49,USD,,,,2026-06-24
Entertainment,Cinema Tickets,Cash Wallet,6.71,USD,,,,2026-06-24
Dining Out,Thai Takeaway,Credit Card,11.44,EUR,,,,2026-06-24
Healthcare,Doctor Visit,Checking Account,18.75,USD,,,,2026-06-24
Coffee,Street Coffee,Credit Card,2.49,EUR,,,,2026-06-24
Groceries,Neighborhood Market,Savings Account,6.12,EUR,,,,2026-06-24
Groceries,Neighborhood Market,Travel Card,16.33,GEL,,,,2026-06-24
Transport,Train Ticket,Cash Wallet,4.43,USD,,,,2026-06-24
Entertainment,Cinema Tickets,Checking Account,9.97,USD,,,,2026-06-24
Utilities,Gas Bill,Checking Account,32.98,USD,,,,2026-06-24
Coffee,Latte To Go,Checking Account,2.11,USD,,,,2026-06-24
Shopping,Amazon Order,Checking Account,7.26,USD,,,,2026-06-24
Groceries,Lidl,Savings Account,4.94,EUR,,,,2026-06-24
Entertainment,Spotify Subscription,Checking Account,4.02,USD,,,,2026-06-24
Groceries,Neighborhood Market,Credit Card,9.58,EUR,,,,2026-06-24
Coffee,Morning Coffee,Checking Account,3.31,USD,,,,2026-06-24
Shopping,Clothing Store,Travel Card,56.17,GEL,,,,2026-06-24
Coffee,Espresso Bar,Credit Card,4.16,EUR,,,,2026-06-24
Dining Out,Restaurant Le Petit,Checking Account,10.14,USD,,,,2026-06-24
Coffee,Cafe Mocha,Checking Account,3.66,USD,,,,2026-06-24
,Transfer to Savings,Cash Wallet,1489.11,USD,Savings Account,1369.98,EUR,2026-06-24
,Transfer to Savings,Cash Wallet,552.76,USD,Checking Account,552.76,USD,2026-06-24
,Savings Deposit,Cash Wallet,1046.28,USD,Savings Account,962.58,EUR,2026-06-24
,Top-up Travel Card,Travel Card,1605.73,GEL,Savings Account,547.14,EUR,2026-06-24
,Cash Withdrawal,Cash Wallet,551.07,USD,Travel Card,1487.89,GEL,2026-06-24
Coffee,Street Coffee,Credit Card,3.57,EUR,,,,2026-06-25
Groceries,Lidl,Checking Account,8.60,USD,,,,2026-06-25
Coffee,Latte To Go,Checking Account,4.52,USD,,,,2026-06-25
Groceries,Aldi,Credit Card,12.28,EUR,,,,2026-06-25
Dining Out,Restaurant Le Petit,Credit Card,10.79,EUR,,,,2026-06-25
Coffee,Latte To Go,Cash Wallet,4.72,USD,,,,2026-06-25
Entertainment,Steam Game,Cash Wallet,6.09,USD,,,,2026-06-25
Groceries,Lidl,Checking Account,9.65,USD,,,,2026-06-25
Transport,Train Ticket,Savings Account,3.62,EUR,,,,2026-06-25
Groceries,Trader Joe's,Credit Card,7.44,EUR,,,,2026-06-25
Groceries,Local Green Market,Checking Account,10.17,USD,,,,2026-06-25
Groceries,Carrefour,Cash Wallet,14.01,USD,,,,2026-06-25
Entertainment,Netflix Subscription,Travel Card,19.50,GEL,,,,2026-06-25
Entertainment,Steam Game,Credit Card,4.92,EUR,,,,2026-06-25
Transport,Bus Pass,Travel Card,18.99,GEL,,,,2026-06-25
Transport,Fuel Station,Cash Wallet,7.22,USD,,,,2026-06-25
Coffee,Cafe Mocha,Cash Wallet,4.40,USD,,,,2026-06-25
Shopping,Clothing Store,Credit Card,11.20,EUR,,,,2026-06-25
Groceries,Carrefour,Savings Account,10.33,EUR,,,,2026-06-25
Groceries,Trader Joe's,Travel Card,29.52,GEL,,,,2026-06-25
,Savings Deposit,Travel Card,1566.48,GEL,Cash Wallet,580.18,USD,2026-06-25
,Transfer to Savings,Travel Card,793.94,GEL,Credit Card,270.53,EUR,2026-06-25
,Credit Card Payment,Savings Account,1043.95,EUR,Checking Account,1134.73,USD,2026-06-25
Groceries,Whole Foods Market,Cash Wallet,13.00,USD,,,,2026-06-26
Dining Out,Thai Takeaway,Credit Card,4.01,EUR,,,,2026-06-26
Coffee,Morning Coffee,Cash Wallet,4.65,USD,,,,2026-06-26
Coffee,Cafe Mocha,Cash Wallet,3.77,USD,,,,2026-06-26
Transport,Train Ticket,Savings Account,6.96,EUR,,,,2026-06-26
Dining Out,Thai Takeaway,Credit Card,6.92,EUR,,,,2026-06-26
Groceries,Lidl,Cash Wallet,4.87,USD,,,,2026-06-26
Groceries,Trader Joe's,Checking Account,5.82,USD,,,,2026-06-26
Transport,Fuel Station,Savings Account,6.52,EUR,,,,2026-06-26
Shopping,Furniture Store,Savings Account,13.95,EUR,,,,2026-06-26
Shopping,Furniture Store,Travel Card,38.44,GEL,,,,2026-06-26
Groceries,Lidl,Cash Wallet,5.26,USD,,,,2026-06-26
Transport,Taxi,Checking Account,7.81,USD,,,,2026-06-26
Coffee,Morning Coffee,Credit Card,3.08,EUR,,,,2026-06-26
Coffee,Morning Coffee,Checking Account,3.04,USD,,,,2026-06-26
Transport,Taxi,Cash Wallet,5.30,USD,,,,2026-06-26
Entertainment,Cinema Tickets,Checking Account,10.93,USD,,,,2026-06-26
Travel,Hotel Stay,Credit Card,33.48,EUR,,,,2026-06-26
,Savings Deposit,Checking Account,145.37,USD,Savings Account,133.74,EUR,2026-06-26
,Credit Card Payment,Savings Account,908.12,EUR,Checking Account,987.08,USD,2026-06-26
,Savings Deposit,Travel Card,2074.17,GEL,Cash Wallet,768.21,USD,2026-06-26
,Cash Withdrawal,Savings Account,178.43,EUR,Cash Wallet,193.95,USD,2026-06-26
Dining Out,Burger Joint,Travel Card,23.06,GEL,,,,2026-06-27
Shopping,Amazon Order,Cash Wallet,20.93,USD,,,,2026-06-27
Coffee,Street Coffee,Savings Account,2.86,EUR,,,,2026-06-27
Coffee,Street Coffee,Credit Card,2.14,EUR,,,,2026-06-27
Dining Out,Thai Takeaway,Cash Wallet,8.39,USD,,,,2026-06-27
,Transfer to Savings,Checking Account,126.44,USD,Cash Wallet,126.44,USD,2026-06-27
Dining Out,Thai Takeaway,Savings Account,7.98,EUR,,,,2026-06-28
Coffee,Morning Coffee,Cash Wallet,3.78,USD,,,,2026-06-28
Coffee,Cafe Mocha,Cash Wallet,4.21,USD,,,,2026-06-28
Dining Out,Thai Takeaway,Credit Card,6.98,EUR,,,,2026-06-28
Transport,Taxi,Checking Account,8.28,USD,,,,2026-06-28
Shopping,Furniture Store,Travel Card,58.73,GEL,,,,2026-06-28
Transport,Bus Pass,Credit Card,7.13,EUR,,,,2026-06-28
Dining Out,Thai Takeaway,Checking Account,12.85,USD,,,,2026-06-28
Transport,Bus Pass,Checking Account,1.98,USD,,,,2026-06-28
Groceries,Aldi,Checking Account,8.12,USD,,,,2026-06-28
Groceries,Trader Joe's,Savings Account,6.61,EUR,,,,2026-06-28
Coffee,Cafe Mocha,Travel Card,9.31,GEL,,,,2026-06-28
Dining Out,Pizzeria Bella,Credit Card,7.44,EUR,,,,2026-06-28
Entertainment,Steam Game,Cash Wallet,3.94,USD,,,,2026-06-28
Entertainment,Concert Tickets,Credit Card,10.57,EUR,,,,2026-06-28
Groceries,Trader Joe's,Cash Wallet,6.69,USD,,,,2026-06-28
,Credit Card Payment,Credit Card,1150.19,EUR,Checking Account,1250.21,USD,2026-06-28
,Cash Withdrawal,Savings Account,232.33,EUR,Credit Card,232.33,EUR,2026-06-28
,Credit Card Payment,Credit Card,1035.71,EUR,Cash Wallet,1125.78,USD,2026-06-28
Healthcare,Pharmacy,Credit Card,11.02,EUR,,,,2026-06-29
Transport,Train Ticket,Credit Card,4.79,EUR,,,,2026-06-29
Dining Out,Bistro du Coin,Credit Card,12.12,EUR,,,,2026-06-29
Entertainment,Concert Tickets,Travel Card,21.03,GEL,,,,2026-06-29
Transport,Metro Card Top-up,Checking Account,2.92,USD,,,,2026-06-29
Coffee,Street Coffee,Checking Account,2.27,USD,,,,2026-06-29
Coffee,Cafe Mocha,Cash Wallet,2.61,USD,,,,2026-06-29
Coffee,Latte To Go,Cash Wallet,2.61,USD,,,,2026-06-29
Shopping,Bookshop,Savings Account,6.52,EUR,,,,2026-06-29
Coffee,Espresso Bar,Checking Account,4.12,USD,,,,2026-06-29
Transport,Fuel Station,Savings Account,4.43,EUR,,,,2026-06-29
Coffee,Morning Coffee,Cash Wallet,3.96,USD,,,,2026-06-29
Coffee,Cafe Mocha,Travel Card,10.65,GEL,,,,2026-06-29
Travel,Hotel Stay,Credit Card,100.43,EUR,,,,2026-06-29
Entertainment,Spotify Subscription,Checking Account,9.47,USD,,,,2026-06-29
Transport,Fuel Station,Checking Account,7.55,USD,,,,2026-06-29
Dining Out,Coffee Shop,Checking Account,10.92,USD,,,,2026-06-29
Coffee,Cafe Mocha,Checking Account,3.64,USD,,,,2026-06-29
,Top-up Travel Card,Travel Card,3769.45,GEL,Credit Card,1284.40,EUR,2026-06-29
,Cash Withdrawal,Savings Account,885.55,EUR,Credit Card,885.55,EUR,2026-06-29
,Top-up Travel Card,Cash Wallet,592.46,USD,Travel Card,1599.63,GEL,2026-06-29
Groceries,Lidl,Credit Card,9.65,EUR,,,,2026-06-30
Dining Out,Coffee Shop,Cash Wallet,6.09,USD,,,,2026-06-30
Utilities,Phone Bill,Savings Account,30.38,EUR,,,,2026-06-30
Entertainment,Cinema Tickets,Cash Wallet,5.75,USD,,,,2026-06-30
Dining Out,Bistro du Coin,Credit Card,8.25,EUR,,,,2026-06-30
Dining Out,Burger Joint,Checking Account,6.86,USD,,,,2026-06-30
Transport,Fuel Station,Cash Wallet,5.71,USD,,,,2026-06-30
Dining Out,Burger Joint,Credit Card,11.05,EUR,,,,2026-06-30
Travel,Hotel Stay,Checking Account,36.44,USD,,,,2026-06-30
Groceries,Trader Joe's,Credit Card,12.60,EUR,,,,2026-06-30
Healthcare,Optician,Checking Account,15.73,USD,,,,2026-06-30
Entertainment,Concert Tickets,Credit Card,6.21,EUR,,,,2026-06-30
Groceries,Neighborhood Market,Travel Card,26.51,GEL,,,,2026-06-30
Coffee,Morning Coffee,Credit Card,4.14,EUR,,,,2026-06-30
Coffee,Street Coffee,Checking Account,3.71,USD,,,,2026-06-30
Groceries,Carrefour,Cash Wallet,7.07,USD,,,,2026-06-30
Healthcare,Pharmacy,Checking Account,10.72,USD,,,,2026-06-30
Groceries,Neighborhood Market,Checking Account,8.39,USD,,,,2026-06-30
Coffee,Street Coffee,Savings Account,3.40,EUR,,,,2026-06-30
Coffee,Espresso Bar,Travel Card,7.23,GEL,,,,2026-06-30
Coffee,Latte To Go,Cash Wallet,2.15,USD,,,,2026-06-30
Groceries,Aldi,Checking Account,13.24,USD,,,,2026-06-30
Dining Out,Bistro du Coin,Checking Account,8.31,USD,,,,2026-06-30
Entertainment,Cinema Tickets,Cash Wallet,6.44,USD,,,,2026-06-30
Dining Out,Coffee Shop,Checking Account,5.22,USD,,,,2026-06-30
,Credit Card Payment,Savings Account,463.17,EUR,Credit Card,463.17,EUR,2026-06-30
Dining Out,Bistro du Coin,Checking Account,8.88,USD,,,,2026-07-01
Shopping,Clothing Store,Credit Card,6.65,EUR,,,,2026-07-01
Utilities,Electric Bill,Checking Account,28.97,USD,,,,2026-07-01
Shopping,Clothing Store,Travel Card,37.69,GEL,,,,2026-07-01
Transport,Ride Share,Savings Account,2.00,EUR,,,,2026-07-01
Transport,Metro Card Top-up,Savings Account,4.95,EUR,,,,2026-07-01
Shopping,Bookshop,Credit Card,5.84,EUR,,,,2026-07-01
Healthcare,Pharmacy,Cash Wallet,14.56,USD,,,,2026-07-01
Transport,Taxi,Checking Account,5.94,USD,,,,2026-07-01
Coffee,Street Coffee,Savings Account,3.79,EUR,,,,2026-07-01
Dining Out,Sushi Bar,Checking Account,11.87,USD,,,,2026-07-01
Entertainment,Book Store,Checking Account,11.41,USD,,,,2026-07-01
Dining Out,Pizzeria Bella,Credit Card,5.14,EUR,,,,2026-07-01
Coffee,Latte To Go,Travel Card,12.40,GEL,,,,2026-07-01
Coffee,Street Coffee,Cash Wallet,2.48,USD,,,,2026-07-01
Coffee,Cafe Mocha,Savings Account,4.12,EUR,,,,2026-07-01
Groceries,Aldi,Travel Card,30.70,GEL,,,,2026-07-01
Coffee,Cafe Mocha,Travel Card,10.73,GEL,,,,2026-07-01
Groceries,Lidl,Credit Card,7.23,EUR,,,,2026-07-01
Entertainment,Cinema Tickets,Checking Account,2.96,USD,,,,2026-07-01
,Savings Deposit,Savings Account,1268.84,EUR,Cash Wallet,1379.18,USD,2026-07-01
,Credit Card Payment,Checking Account,185.32,USD,Cash Wallet,185.32,USD,2026-07-01
,Savings Deposit,Checking Account,549.65,USD,Savings Account,505.68,EUR,2026-07-01
Transport,Ride Share,Checking Account,4.76,USD,,,,2026-07-02
Entertainment,Netflix Subscription,Credit Card,10.13,EUR,,,,2026-07-02
Utilities,Phone Bill,Credit Card,20.33,EUR,,,,2026-07-02
Entertainment,Spotify Subscription,Checking Account,5.11,USD,,,,2026-07-02
Transport,Fuel Station,Checking Account,7.15,USD,,,,2026-07-02
Shopping,Bookshop,Cash Wallet,21.91,USD,,,,2026-07-02
Coffee,Espresso Bar,Cash Wallet,2.89,USD,,,,2026-07-02
Coffee,Cafe Mocha,Credit Card,1.85,EUR,,,,2026-07-02
Shopping,Electronics Store,Cash Wallet,11.93,USD,,,,2026-07-02
Groceries,Carrefour,Travel Card,14.96,GEL,,,,2026-07-02
Groceries,Neighborhood Market,Cash Wallet,14.52,USD,,,,2026-07-02
Coffee,Latte To Go,Credit Card,1.89,EUR,,,,2026-07-02
Groceries,Trader Joe's,Savings Account,12.96,EUR,,,,2026-07-02
Shopping,Electronics Store,Cash Wallet,21.19,USD,,,,2026-07-02
,Cash Withdrawal,Cash Wallet,902.31,USD,Credit Card,830.13,EUR,2026-07-02
,Savings Deposit,Checking Account,572.27,USD,Savings Account,526.49,EUR,2026-07-02
,Top-up Travel Card,Travel Card,3741.90,GEL,Savings Account,1275.02,EUR,2026-07-02
,Credit Card Payment,Credit Card,694.20,EUR,Travel Card,2037.32,GEL,2026-07-02
Coffee,Street Coffee,Checking Account,3.70,USD,,,,2026-07-03
Groceries,Whole Foods Market,Checking Account,9.93,USD,,,,2026-07-03
Groceries,Carrefour,Credit Card,10.57,EUR,,,,2026-07-03
Groceries,Neighborhood Market,Credit Card,13.36,EUR,,,,2026-07-03
Coffee,Espresso Bar,Cash Wallet,2.97,USD,,,,2026-07-03
Coffee,Latte To Go,Credit Card,2.60,EUR,,,,2026-07-03
Entertainment,Netflix Subscription,Credit Card,9.04,EUR,,,,2026-07-03
Dining Out,Burger Joint,Checking Account,12.82,USD,,,,2026-07-03
Dining Out,Pizzeria Bella,Credit Card,11.90,EUR,,,,2026-07-03
Transport,Taxi,Checking Account,5.16,USD,,,,2026-07-03
Groceries,Trader Joe's,Credit Card,7.38,EUR,,,,2026-07-03
Travel,Airbnb Stay,Cash Wallet,77.98,USD,,,,2026-07-03
Dining Out,Pizzeria Bella,Checking Account,12.28,USD,,,,2026-07-03
Utilities,Gas Bill,Credit Card,15.36,EUR,,,,2026-07-03
Coffee,Espresso Bar,Travel Card,11.81,GEL,,,,2026-07-03
Groceries,Whole Foods Market,Savings Account,7.32,EUR,,,,2026-07-03
,Credit Card Payment,Cash Wallet,1186.94,USD,Checking Account,1186.94,USD,2026-07-03
Groceries,Aldi,Credit Card,6.48,EUR,,,,2026-07-04
Dining Out,Bistro du Coin,Cash Wallet,9.88,USD,,,,2026-07-04
Coffee,Cafe Mocha,Credit Card,3.16,EUR,,,,2026-07-04
Groceries,Carrefour,Cash Wallet,8.06,USD,,,,2026-07-04
Coffee,Street Coffee,Credit Card,3.62,EUR,,,,2026-07-04
Coffee,Cafe Mocha,Checking Account,2.98,USD,,,,2026-07-04
Coffee,Morning Coffee,Cash Wallet,4.04,USD,,,,2026-07-04
Groceries,Trader Joe's,Credit Card,8.39,EUR,,,,2026-07-04
Transport,Ride Share,Checking Account,5.72,USD,,,,2026-07-04
Transport,Fuel Station,Travel Card,13.25,GEL,,,,2026-07-04
Groceries,Lidl,Credit Card,11.79,EUR,,,,2026-07-04
Dining Out,Sushi Bar,Credit Card,6.46,EUR,,,,2026-07-04
Entertainment,Cinema Tickets,Credit Card,6.86,EUR,,,,2026-07-04
Entertainment,Steam Game,Checking Account,9.00,USD,,,,2026-07-04
Transport,Train Ticket,Credit Card,3.29,EUR,,,,2026-07-04
Travel,Car Rental,Credit Card,43.19,EUR,,,,2026-07-04
Transport,Ride Share,Checking Account,4.90,USD,,,,2026-07-04
Dining Out,Pizzeria Bella,Cash Wallet,10.91,USD,,,,2026-07-04
Shopping,Clothing Store,Cash Wallet,9.52,USD,,,,2026-07-04
Coffee,Cafe Mocha,Credit Card,2.82,EUR,,,,2026-07-04
,Credit Card Payment,Checking Account,1458.71,USD,Savings Account,1342.01,EUR,2026-07-04
,Credit Card Payment,Credit Card,1097.55,EUR,Checking Account,1192.98,USD,2026-07-04
,Savings Deposit,Credit Card,241.76,EUR,Travel Card,709.51,GEL,2026-07-04
Healthcare,Dental Clinic,Credit Card,4.99,EUR,,,,2026-07-05
Coffee,Espresso Bar,Checking Account,2.72,USD,,,,2026-07-05
Transport,Train Ticket,Checking Account,3.72,USD,,,,2026-07-05
Transport,Fuel Station,Credit Card,3.18,EUR,,,,2026-07-05
Groceries,Lidl,Travel Card,27.76,GEL,,,,2026-07-05
Coffee,Street Coffee,Cash Wallet,4.22,USD,,,,2026-07-05
Transport,Metro Card Top-up,Savings Account,7.79,EUR,,,,2026-07-05
Utilities,Phone Bill,Checking Account,17.32,USD,,,,2026-07-05
Shopping,Electronics Store,Travel Card,50.25,GEL,,,,2026-07-05
Coffee,Latte To Go,Checking Account,4.65,USD,,,,2026-07-05
Transport,Bus Pass,Credit Card,3.72,EUR,,,,2026-07-05
Coffee,Espresso Bar,Checking Account,2.36,USD,,,,2026-07-05
Dining Out,Pizzeria Bella,Checking Account,9.25,USD,,,,2026-07-05
Coffee,Cafe Mocha,Travel Card,10.92,GEL,,,,2026-07-05
Groceries,Aldi,Travel Card,24.32,GEL,,,,2026-07-05
Coffee,Latte To Go,Credit Card,4.05,EUR,,,,2026-07-05
Dining Out,Thai Takeaway,Cash Wallet,5.10,USD,,,,2026-07-05
Groceries,Carrefour,Checking Account,12.59,USD,,,,2026-07-05
Coffee,Espresso Bar,Cash Wallet,4.67,USD,,,,2026-07-05
Shopping,Amazon Order,Checking Account,11.67,USD,,,,2026-07-05
,Transfer to Savings,Travel Card,1496.77,GEL,Savings Account,510.01,EUR,2026-07-05
,Top-up Travel Card,Cash Wallet,78.43,USD,Travel Card,211.77,GEL,2026-07-05
Groceries,Whole Foods Market,Credit Card,7.93,EUR,,,,2026-07-06
Groceries,Whole Foods Market,Credit Card,13.98,EUR,,,,2026-07-06
Dining Out,Burger Joint,Credit Card,9.38,EUR,,,,2026-07-06
Coffee,Morning Coffee,Cash Wallet,2.37,USD,,,,2026-07-06
Shopping,Bookshop,Credit Card,9.71,EUR,,,,2026-07-06
Coffee,Espresso Bar,Cash Wallet,4.47,USD,,,,2026-07-06
Coffee,Latte To Go,Cash Wallet,4.37,USD,,,,2026-07-06
Coffee,Street Coffee,Travel Card,10.92,GEL,,,,2026-07-06
Healthcare,Dental Clinic,Travel Card,46.80,GEL,,,,2026-07-06
Dining Out,Pizzeria Bella,Checking Account,8.85,USD,,,,2026-07-06
Dining Out,Restaurant Le Petit,Credit Card,6.97,EUR,,,,2026-07-06
Healthcare,Doctor Visit,Checking Account,18.46,USD,,,,2026-07-06
Entertainment,Netflix Subscription,Savings Account,6.51,EUR,,,,2026-07-06
Transport,Taxi,Credit Card,5.96,EUR,,,,2026-07-06
Coffee,Street Coffee,Credit Card,4.44,EUR,,,,2026-07-06
Shopping,Electronics Store,Travel Card,46.46,GEL,,,,2026-07-06
Entertainment,Cinema Tickets,Cash Wallet,11.27,USD,,,,2026-07-06
Dining Out,Sushi Bar,Credit Card,9.59,EUR,,,,2026-07-06
Healthcare,Optician,Cash Wallet,10.94,USD,,,,2026-07-06
,Savings Deposit,Travel Card,1149.36,GEL,Credit Card,391.64,EUR,2026-07-06
,Top-up Travel Card,Travel Card,1368.29,GEL,Checking Account,506.78,USD,2026-07-06
Transport,Fuel Station,Savings Account,2.16,EUR,,,,2026-07-07
Utilities,Electric Bill,Credit Card,22.85,EUR,,,,2026-07-07
Transport,Fuel Station,Credit Card,3.80,EUR,,,,2026-07-07
Utilities,Water Utility,Savings Account,15.74,EUR,,,,2026-07-07
Coffee,Espresso Bar,Cash Wallet,2.31,USD,,,,2026-07-07
Groceries,Whole Foods Market,Cash Wallet,6.89,USD,,,,2026-07-07
Healthcare,Optician,Checking Account,18.93,USD,,,,2026-07-07
Healthcare,Dental Clinic,Checking Account,11.77,USD,,,,2026-07-07
Transport,Train Ticket,Checking Account,4.44,USD,,,,2026-07-07
Travel,Hotel Stay,Cash Wallet,30.74,USD,,,,2026-07-07
Groceries,Neighborhood Market,Cash Wallet,14.11,USD,,,,2026-07-07
Transport,Fuel Station,Checking Account,4.19,USD,,,,2026-07-07
,Credit Card Payment,Checking Account,714.92,USD,Savings Account,657.73,EUR,2026-07-07
Dining Out,Thai Takeaway,Savings Account,8.15,EUR,,,,2026-07-08
Groceries,Aldi,Credit Card,7.68,EUR,,,,2026-07-08
Dining Out,Restaurant Le Petit,Travel Card,32.35,GEL,,,,2026-07-08
Coffee,Cafe Mocha,Credit Card,2.61,EUR,,,,2026-07-08
Entertainment,Book Store,Credit Card,6.78,EUR,,,,2026-07-08
Coffee,Street Coffee,Cash Wallet,4.51,USD,,,,2026-07-08
Groceries,Carrefour,Credit Card,13.25,EUR,,,,2026-07-08
Coffee,Morning Coffee,Credit Card,3.12,EUR,,,,2026-07-08
Coffee,Latte To Go,Credit Card,4.15,EUR,,,,2026-07-08
Dining Out,Bistro du Coin,Cash Wallet,7.21,USD,,,,2026-07-08
Entertainment,Netflix Subscription,Cash Wallet,7.51,USD,,,,2026-07-08
Transport,Metro Card Top-up,Checking Account,8.22,USD,,,,2026-07-08
Entertainment,Concert Tickets,Cash Wallet,10.53,USD,,,,2026-07-08
Coffee,Espresso Bar,Travel Card,9.93,GEL,,,,2026-07-08
Shopping,Clothing Store,Credit Card,9.12,EUR,,,,2026-07-08
Transport,Metro Card Top-up,Cash Wallet,8.65,USD,,,,2026-07-08
,Savings Deposit,Savings Account,523.15,EUR,Cash Wallet,568.64,USD,2026-07-08
,Top-up Travel Card,Travel Card,2713.34,GEL,Credit Card,924.55,EUR,2026-07-08
,Credit Card Payment,Checking Account,1319.92,USD,Cash Wallet,1319.92,USD,2026-07-08
Entertainment,Cinema Tickets,Credit Card,7.08,EUR,,,,2026-07-09
Groceries,Carrefour,Credit Card,11.84,EUR,,,,2026-07-09
Entertainment,Steam Game,Cash Wallet,5.24,USD,,,,2026-07-09
Groceries,Aldi,Credit Card,10.83,EUR,,,,2026-07-09
Dining Out,Pizzeria Bella,Travel Card,13.28,GEL,,,,2026-07-09
Coffee,Espresso Bar,Credit Card,1.84,EUR,,,,2026-07-09
Coffee,Cafe Mocha,Savings Account,2.41,EUR,,,,2026-07-09
Transport,Fuel Station,Savings Account,5.93,EUR,,,,2026-07-09
Groceries,Local Green Market,Cash Wallet,13.17,USD,,,,2026-07-09
Groceries,Trader Joe's,Cash Wallet,4.98,USD,,,,2026-07-09
Coffee,Espresso Bar,Cash Wallet,2.51,USD,,,,2026-07-09
Healthcare,Pharmacy,Checking Account,15.36,USD,,,,2026-07-09
Coffee,Street Coffee,Travel Card,11.04,GEL,,,,2026-07-09
Dining Out,Pizzeria Bella,Checking Account,5.01,USD,,,,2026-07-09
Coffee,Latte To Go,Travel Card,11.92,GEL,,,,2026-07-09
Groceries,Trader Joe's,Savings Account,11.00,EUR,,,,2026-07-09
,Transfer to Savings,Savings Account,759.89,EUR,Credit Card,759.89,EUR,2026-07-09
Coffee,Latte To Go,Credit Card,2.64,EUR,,,,2026-07-10
Dining Out,Restaurant Le Petit,Credit Card,9.69,EUR,,,,2026-07-10
Transport,Fuel Station,Credit Card,5.76,EUR,,,,2026-07-10
Groceries,Carrefour,Checking Account,7.68,USD,,,,2026-07-10
Utilities,Water Utility,Checking Account,14.53,USD,,,,2026-07-10
Utilities,Phone Bill,Cash Wallet,16.39,USD,,,,2026-07-10
Entertainment,Concert Tickets,Checking Account,3.70,USD,,,,2026-07-10
Entertainment,Steam Game,Checking Account,10.36,USD,,,,2026-07-10
Entertainment,Spotify Subscription,Cash Wallet,9.31,USD,,,,2026-07-10
Coffee,Street Coffee,Travel Card,11.39,GEL,,,,2026-07-10
Entertainment,Steam Game,Credit Card,8.41,EUR,,,,2026-07-10
Coffee,Cafe Mocha,Checking Account,2.58,USD,,,,2026-07-10
Healthcare,Doctor Visit,Cash Wallet,14.07,USD,,,,2026-07-10
Dining Out,Burger Joint,Travel Card,33.91,GEL,,,,2026-07-10
Shopping,Clothing Store,Cash Wallet,9.55,USD,,,,2026-07-10
Transport,Taxi,Checking Account,6.34,USD,,,,2026-07-10
Salary,Salary Deposit,,,,Checking Account,1521.67,USD,2026-07-10
,Savings Deposit,Travel Card,2220.35,GEL,Checking Account,822.35,USD,2026-07-10
Transport,Taxi,Cash Wallet,4.80,USD,,,,2026-07-11
Groceries,Aldi,Credit Card,7.72,EUR,,,,2026-07-11
Shopping,Clothing Store,Credit Card,17.76,EUR,,,,2026-07-11
Groceries,Aldi,Checking Account,15.00,USD,,,,2026-07-11
Dining Out,Restaurant Le Petit,Cash Wallet,11.30,USD,,,,2026-07-11
Coffee,Espresso Bar,Credit Card,3.88,EUR,,,,2026-07-11
Transport,Bus Pass,Checking Account,3.45,USD,,,,2026-07-11
Entertainment,Concert Tickets,Checking Account,9.38,USD,,,,2026-07-11
Coffee,Morning Coffee,Cash Wallet,2.57,USD,,,,2026-07-11
Groceries,Local Green Market,Cash Wallet,14.89,USD,,,,2026-07-11
Coffee,Morning Coffee,Cash Wallet,3.34,USD,,,,2026-07-11
Groceries,Whole Foods Market,Cash Wallet,6.99,USD,,,,2026-07-11
Travel,Car Rental,Cash Wallet,41.53,USD,,,,2026-07-11
Healthcare,Pharmacy,Checking Account,7.32,USD,,,,2026-07-11
Shopping,Clothing Store,Cash Wallet,12.34,USD,,,,2026-07-11
Entertainment,Steam Game,Credit Card,6.05,EUR,,,,2026-07-11
Shopping,Electronics Store,Cash Wallet,24.08,USD,,,,2026-07-11
Transport,Taxi,Credit Card,3.91,EUR,,,,2026-07-11
Coffee,Latte To Go,Cash Wallet,3.62,USD,,,,2026-07-11
Coffee,Cafe Mocha,Savings Account,2.34,EUR,,,,2026-07-11
,Savings Deposit,Savings Account,1123.39,EUR,Checking Account,1221.07,USD,2026-07-11
,Savings Deposit,Checking Account,154.40,USD,Travel Card,416.87,GEL,2026-07-11
Shopping,Furniture Store,Savings Account,5.20,EUR,,,,2026-07-12
Dining Out,Sushi Bar,Cash Wallet,5.62,USD,,,,2026-07-12
Coffee,Cafe Mocha,Checking Account,2.26,USD,,,,2026-07-12
Dining Out,Coffee Shop,Credit Card,5.55,EUR,,,,2026-07-12
Coffee,Morning Coffee,Cash Wallet,2.38,USD,,,,2026-07-12
Shopping,Electronics Store,Savings Account,20.26,EUR,,,,2026-07-12
Coffee,Espresso Bar,Credit Card,3.78,EUR,,,,2026-07-12
Entertainment,Concert Tickets,Checking Account,11.03,USD,,,,2026-07-12
Groceries,Lidl,Credit Card,6.47,EUR,,,,2026-07-12
Dining Out,Restaurant Le Petit,Checking Account,7.62,USD,,,,2026-07-12
Entertainment,Steam Game,Credit Card,9.94,EUR,,,,2026-07-12
,Transfer to Savings,Checking Account,887.67,USD,Credit Card,816.66,EUR,2026-07-12
,Savings Deposit,Savings Account,764.90,EUR,Cash Wallet,831.42,USD,2026-07-12
,Savings Deposit,Checking Account,670.39,USD,Cash Wallet,670.39,USD,2026-07-12
Groceries,Whole Foods Market,Checking Account,14.61,USD,,,,2026-07-13
Groceries,Whole Foods Market,Cash Wallet,8.72,USD,,,,2026-07-13
Travel,Travel Insurance,Cash Wallet,61.11,USD,,,,2026-07-13
Groceries,Neighborhood Market,Cash Wallet,10.82,USD,,,,2026-07-13
Transport,Taxi,Checking Account,8.21,USD,,,,2026-07-13
Entertainment,Steam Game,Cash Wallet,6.22,USD,,,,2026-07-13
Shopping,Amazon Order,Cash Wallet,5.70,USD,,,,2026-07-13
Groceries,Aldi,Travel Card,26.48,GEL,,,,2026-07-13
Groceries,Whole Foods Market,Credit Card,13.32,EUR,,,,2026-07-13
Entertainment,Netflix Subscription,Cash Wallet,9.28,USD,,,,2026-07-13
Transport,Train Ticket,Credit Card,6.60,EUR,,,,2026-07-13
Entertainment,Cinema Tickets,Cash Wallet,9.66,USD,,,,2026-07-13
Coffee,Latte To Go,Credit Card,3.97,EUR,,,,2026-07-13
Healthcare,Gym Membership,Checking Account,10.12,USD,,,,2026-07-13
Healthcare,Gym Membership,Credit Card,12.54,EUR,,,,2026-07-13
Entertainment,Book Store,Cash Wallet,8.64,USD,,,,2026-07-13
Groceries,Local Green Market,Cash Wallet,10.84,USD,,,,2026-07-13
Entertainment,Steam Game,Cash Wallet,7.22,USD,,,,2026-07-14
Transport,Fuel Station,Credit Card,2.82,EUR,,,,2026-07-14
Entertainment,Book Store,Cash Wallet,6.45,USD,,,,2026-07-14
Groceries,Carrefour,Checking Account,10.21,USD,,,,2026-07-14
Utilities,Water Utility,Cash Wallet,16.92,USD,,,,2026-07-14
Dining Out,Coffee Shop,Cash Wallet,13.14,USD,,,,2026-07-14
Shopping,Furniture Store,Cash Wallet,20.62,USD,,,,2026-07-14
Transport,Train Ticket,Credit Card,3.20,EUR,,,,2026-07-14
Coffee,Latte To Go,Cash Wallet,2.77,USD,,,,2026-07-14
Coffee,Latte To Go,Credit Card,4.10,EUR,,,,2026-07-14
Dining Out,Bistro du Coin,Credit Card,12.00,EUR,,,,2026-07-14
Groceries,Carrefour,Checking Account,7.15,USD,,,,2026-07-14
Coffee,Espresso Bar,Checking Account,3.38,USD,,,,2026-07-14
Healthcare,Doctor Visit,Credit Card,4.69,EUR,,,,2026-07-14
Entertainment,Concert Tickets,Travel Card,7.97,GEL,,,,2026-07-14
Shopping,Bookshop,Credit Card,17.75,EUR,,,,2026-07-14
Dining Out,Coffee Shop,Travel Card,25.83,GEL,,,,2026-07-14
Dining Out,Thai Takeaway,Cash Wallet,5.85,USD,,,,2026-07-14
,Cash Withdrawal,Cash Wallet,876.81,USD,Travel Card,2367.39,GEL,2026-07-14
,Savings Deposit,Travel Card,2742.55,GEL,Checking Account,1015.76,USD,2026-07-14
Groceries,Whole Foods Market,Cash Wallet,12.60,USD,,,,2026-07-15
Coffee,Morning Coffee,Cash Wallet,4.40,USD,,,,2026-07-15
Travel,Car Rental,Credit Card,88.75,EUR,,,,2026-07-15
Groceries,Local Green Market,Travel Card,26.32,GEL,,,,2026-07-15
Groceries,Neighborhood Market,Cash Wallet,11.18,USD,,,,2026-07-15
Transport,Taxi,Cash Wallet,4.55,USD,,,,2026-07-15
Dining Out,Bistro du Coin,Cash Wallet,9.96,USD,,,,2026-07-15
Utilities,Phone Bill,Cash Wallet,8.00,USD,,,,2026-07-15
Groceries,Aldi,Credit Card,11.10,EUR,,,,2026-07-15
Groceries,Neighborhood Market,Checking Account,11.22,USD,,,,2026-07-15
Shopping,Bookshop,Credit Card,17.28,EUR,,,,2026-07-15
,Credit Card Payment,Travel Card,2293.81,GEL,Credit Card,781.59,EUR,2026-07-15
Dining Out,Burger Joint,Cash Wallet,7.01,USD,,,,2026-07-16
Shopping,Clothing Store,Checking Account,4.88,USD,,,,2026-07-16
Travel,Car Rental,Checking Account,74.69,USD,,,,2026-07-16
Groceries,Whole Foods Market,Cash Wallet,11.95,USD,,,,2026-07-16
Dining Out,Bistro du Coin,Savings Account,11.39,EUR,,,,2026-07-16
Groceries,Local Green Market,Cash Wallet,5.26,USD,,,,2026-07-16
Dining Out,Burger Joint,Checking Account,12.49,USD,,,,2026-07-16
Entertainment,Steam Game,Credit Card,3.00,EUR,,,,2026-07-16
Coffee,Street Coffee,Checking Account,3.14,USD,,,,2026-07-16
Groceries,Aldi,Travel Card,15.96,GEL,,,,2026-07-16
Entertainment,Netflix Subscription,Checking Account,6.67,USD,,,,2026-07-16
Transport,Metro Card Top-up,Checking Account,6.13,USD,,,,2026-07-16
Coffee,Morning Coffee,Cash Wallet,3.37,USD,,,,2026-07-16
Entertainment,Steam Game,Checking Account,6.84,USD,,,,2026-07-16
Groceries,Whole Foods Market,Credit Card,12.24,EUR,,,,2026-07-16
Coffee,Espresso Bar,Checking Account,4.11,USD,,,,2026-07-16
Utilities,Phone Bill,Credit Card,9.18,EUR,,,,2026-07-16
Dining Out,Thai Takeaway,Credit Card,8.25,EUR,,,,2026-07-16
Entertainment,Cinema Tickets,Checking Account,10.01,USD,,,,2026-07-16
Coffee,Cafe Mocha,Cash Wallet,4.22,USD,,,,2026-07-16
Coffee,Morning Coffee,Checking Account,3.96,USD,,,,2026-07-16
,Cash Withdrawal,Travel Card,3630.47,GEL,Cash Wallet,1344.62,USD,2026-07-16
,Top-up Travel Card,Savings Account,219.92,EUR,Credit Card,219.92,EUR,2026-07-16
Coffee,Morning Coffee,Cash Wallet,4.33,USD,,,,2026-07-17
Groceries,Trader Joe's,Cash Wallet,10.50,USD,,,,2026-07-17
Travel,Airbnb Stay,Cash Wallet,28.99,USD,,,,2026-07-17
Dining Out,Pizzeria Bella,Checking Account,12.67,USD,,,,2026-07-17
Transport,Fuel Station,Travel Card,8.07,GEL,,,,2026-07-17
Groceries,Aldi,Checking Account,11.15,USD,,,,2026-07-17
Transport,Fuel Station,Travel Card,9.13,GEL,,,,2026-07-17
Transport,Fuel Station,Checking Account,6.78,USD,,,,2026-07-17
Entertainment,Spotify Subscription,Credit Card,9.45,EUR,,,,2026-07-17
Coffee,Latte To Go,Checking Account,4.30,USD,,,,2026-07-17
Transport,Taxi,Credit Card,2.03,EUR,,,,2026-07-17
Entertainment,Book Store,Credit Card,2.74,EUR,,,,2026-07-17
Groceries,Lidl,Credit Card,6.01,EUR,,,,2026-07-17
Dining Out,Burger Joint,Credit Card,3.97,EUR,,,,2026-07-17
Utilities,Gas Bill,Credit Card,14.89,EUR,,,,2026-07-17
Transport,Train Ticket,Cash Wallet,8.27,USD,,,,2026-07-17
Utilities,Internet Provider,Cash Wallet,17.63,USD,,,,2026-07-17
Coffee,Morning Coffee,Checking Account,4.30,USD,,,,2026-07-17
Coffee,Espresso Bar,Savings Account,2.99,EUR,,,,2026-07-17
,Top-up Travel Card,Savings Account,333.72,EUR,Travel Card,979.41,GEL,2026-07-17
Entertainment,Book Store,Cash Wallet,7.59,USD,,,,2026-07-18
Groceries,Lidl,Cash Wallet,5.45,USD,,,,2026-07-18
Coffee,Morning Coffee,Cash Wallet,2.99,USD,,,,2026-07-18
Shopping,Electronics Store,Cash Wallet,6.48,USD,,,,2026-07-18
Coffee,Morning Coffee,Credit Card,3.81,EUR,,,,2026-07-18
Groceries,Lidl,Savings Account,12.96,EUR,,,,2026-07-18
Coffee,Cafe Mocha,Checking Account,4.53,USD,,,,2026-07-18
Groceries,Local Green Market,Cash Wallet,11.27,USD,,,,2026-07-18
Groceries,Carrefour,Credit Card,11.90,EUR,,,,2026-07-18
Coffee,Morning Coffee,Checking Account,2.60,USD,,,,2026-07-18
Transport,Taxi,Savings Account,5.71,EUR,,,,2026-07-18
Coffee,Espresso Bar,Cash Wallet,1.94,USD,,,,2026-07-18
Dining Out,Thai Takeaway,Cash Wallet,5.17,USD,,,,2026-07-18
Groceries,Neighborhood Market,Cash Wallet,12.05,USD,,,,2026-07-18
Entertainment,Netflix Subscription,Cash Wallet,10.48,USD,,,,2026-07-18
Groceries,Carrefour,Cash Wallet,11.59,USD,,,,2026-07-18
Transport,Bus Pass,Cash Wallet,6.87,USD,,,,2026-07-18
Coffee,Espresso Bar,Travel Card,12.48,GEL,,,,2026-07-18
Transport,Fuel Station,Travel Card,18.14,GEL,,,,2026-07-18
Dining Out,Bistro du Coin,Credit Card,8.81,EUR,,,,2026-07-18
,Credit Card Payment,Savings Account,902.69,EUR,Cash Wallet,981.19,USD,2026-07-18
Dining Out,Pizzeria Bella,Credit Card,10.57,EUR,,,,2026-07-19
Transport,Bus Pass,Credit Card,6.75,EUR,,,,2026-07-19
Dining Out,Coffee Shop,Checking Account,6.63,USD,,,,2026-07-19
Coffee,Espresso Bar,Credit Card,4.09,EUR,,,,2026-07-19
Dining Out,Sushi Bar,Credit Card,5.41,EUR,,,,2026-07-19
Transport,Bus Pass,Travel Card,13.14,GEL,,,,2026-07-19
Entertainment,Book Store,Cash Wallet,4.16,USD,,,,2026-07-19
Coffee,Street Coffee,Cash Wallet,3.39,USD,,,,2026-07-19
Shopping,Electronics Store,Cash Wallet,17.87,USD,,,,2026-07-19
Shopping,Amazon Order,Cash Wallet,7.40,USD,,,,2026-07-19
Utilities,Water Utility,Checking Account,25.80,USD,,,,2026-07-19
Coffee,Latte To Go,Checking Account,3.89,USD,,,,2026-07-19
Groceries,Whole Foods Market,Checking Account,14.61,USD,,,,2026-07-19
Dining Out,Restaurant Le Petit,Checking Account,12.82,USD,,,,2026-07-19
Groceries,Trader Joe's,Travel Card,20.98,GEL,,,,2026-07-19
Utilities,Phone Bill,Credit Card,21.79,EUR,,,,2026-07-19
Entertainment,Netflix Subscription,Credit Card,9.21,EUR,,,,2026-07-19
Healthcare,Pharmacy,Checking Account,9.42,USD,,,,2026-07-19
,Credit Card Payment,Credit Card,519.45,EUR,Travel Card,1524.46,GEL,2026-07-19
,Credit Card Payment,Checking Account,451.38,USD,Cash Wallet,451.38,USD,2026-07-19
Dining Out,Pizzeria Bella,Checking Account,13.33,USD,,,,2026-07-20
Groceries,Neighborhood Market,Travel Card,33.04,GEL,,,,2026-07-20
Coffee,Latte To Go,Cash Wallet,4.24,USD,,,,2026-07-20
Coffee,Morning Coffee,Credit Card,3.20,EUR,,,,2026-07-20
Coffee,Morning Coffee,Credit Card,2.97,EUR,,,,2026-07-20
Transport,Ride Share,Checking Account,6.76,USD,,,,2026-07-20
Entertainment,Book Store,Credit Card,10.52,EUR,,,,2026-07-20
Entertainment,Cinema Tickets,Travel Card,14.07,GEL,,,,2026-07-20
Dining Out,Thai Takeaway,Travel Card,10.66,GEL,,,,2026-07-20
Groceries,Aldi,Credit Card,9.96,EUR,,,,2026-07-20
Groceries,Aldi,Cash Wallet,7.88,USD,,,,2026-07-20
Utilities,Gas Bill,Credit Card,18.66,EUR,,,,2026-07-20
Transport,Train Ticket,Checking Account,7.96,USD,,,,2026-07-20
Coffee,Latte To Go,Cash Wallet,4.22,USD,,,,2026-07-20
Utilities,Internet Provider,Credit Card,17.50,EUR,,,,2026-07-20
Transport,Metro Card Top-up,Credit Card,7.10,EUR,,,,2026-07-20
,Savings Deposit,Credit Card,613.37,EUR,Savings Account,613.37,EUR,2026-07-20
Dining Out,Coffee Shop,Cash Wallet,6.02,USD,,,,2026-07-21
Groceries,Carrefour,Cash Wallet,10.73,USD,,,,2026-07-21
Coffee,Morning Coffee,Cash Wallet,4.75,USD,,,,2026-07-21
Coffee,Latte To Go,Cash Wallet,2.68,USD,,,,2026-07-21
Dining Out,Coffee Shop,Credit Card,10.64,EUR,,,,2026-07-21
Dining Out,Thai Takeaway,Savings Account,8.68,EUR,,,,2026-07-21
Transport,Metro Card Top-up,Checking Account,8.25,USD,,,,2026-07-21
Coffee,Street Coffee,Checking Account,4.57,USD,,,,2026-07-21
Groceries,Aldi,Credit Card,8.94,EUR,,,,2026-07-21
Entertainment,Spotify Subscription,Checking Account,6.55,USD,,,,2026-07-21
Dining Out,Coffee Shop,Travel Card,22.15,GEL,,,,2026-07-21
Transport,Metro Card Top-up,Checking Account,4.71,USD,,,,2026-07-21
Entertainment,Concert Tickets,Checking Account,5.84,USD,,,,2026-07-21
Transport,Fuel Station,Credit Card,6.40,EUR,,,,2026-07-21
Coffee,Espresso Bar,Savings Account,2.02,EUR,,,,2026-07-21
Groceries,Trader Joe's,Checking Account,11.48,USD,,,,2026-07-21
Transport,Metro Card Top-up,Checking Account,7.93,USD,,,,2026-07-21
Groceries,Carrefour,Credit Card,9.99,EUR,,,,2026-07-21
,Savings Deposit,Checking Account,1222.20,USD,Travel Card,3299.93,GEL,2026-07-21
,Top-up Travel Card,Credit Card,871.93,EUR,Checking Account,947.75,USD,2026-07-21
Coffee,Espresso Bar,Credit Card,3.76,EUR,,,,2026-07-22
Utilities,Internet Provider,Credit Card,12.22,EUR,,,,2026-07-22
Dining Out,Restaurant Le Petit,Credit Card,3.68,EUR,,,,2026-07-22
Transport,Bus Pass,Checking Account,3.12,USD,,,,2026-07-22
Transport,Fuel Station,Checking Account,6.82,USD,,,,2026-07-22
Shopping,Furniture Store,Credit Card,17.18,EUR,,,,2026-07-22
Groceries,Whole Foods Market,Checking Account,12.08,USD,,,,2026-07-22
Coffee,Cafe Mocha,Credit Card,4.45,EUR,,,,2026-07-22
Groceries,Neighborhood Market,Checking Account,5.87,USD,,,,2026-07-22
Coffee,Street Coffee,Cash Wallet,2.76,USD,,,,2026-07-22
Coffee,Morning Coffee,Checking Account,4.06,USD,,,,2026-07-22
Shopping,Electronics Store,Cash Wallet,19.61,USD,,,,2026-07-22
Dining Out,Bistro du Coin,Credit Card,11.21,EUR,,,,2026-07-22
Coffee,Morning Coffee,Cash Wallet,4.82,USD,,,,2026-07-22
Transport,Train Ticket,Travel Card,13.36,GEL,,,,2026-07-22
Dining Out,Pizzeria Bella,Credit Card,5.29,EUR,,,,2026-07-22
Entertainment,Spotify Subscription,Credit Card,4.82,EUR,,,,2026-07-22
Transport,Taxi,Credit Card,2.72,EUR,,,,2026-07-22
Coffee,Espresso Bar,Checking Account,2.86,USD,,,,2026-07-22
Groceries,Local Green Market,Cash Wallet,12.78,USD,,,,2026-07-22
,Savings Deposit,Travel Card,2810.99,GEL,Cash Wallet,1041.11,USD,2026-07-22
,Credit Card Payment,Credit Card,263.60,EUR,Cash Wallet,286.52,USD,2026-07-22
Dining Out,Thai Takeaway,Cash Wallet,11.13,USD,,,,2026-07-23
Entertainment,Book Store,Checking Account,8.32,USD,,,,2026-07-23
Dining Out,Pizzeria Bella,Credit Card,10.47,EUR,,,,2026-07-23
Dining Out,Burger Joint,Credit Card,5.69,EUR,,,,2026-07-23
Groceries,Carrefour,Credit Card,5.08,EUR,,,,2026-07-23
Coffee,Cafe Mocha,Savings Account,2.05,EUR,,,,2026-07-23
Shopping,Furniture Store,Cash Wallet,7.95,USD,,,,2026-07-23
Coffee,Street Coffee,Cash Wallet,4.81,USD,,,,2026-07-23
Transport,Taxi,Cash Wallet,2.17,USD,,,,2026-07-23
Transport,Train Ticket,Cash Wallet,7.87,USD,,,,2026-07-23
Shopping,Bookshop,Credit Card,17.95,EUR,,,,2026-07-23
Groceries,Local Green Market,Checking Account,10.52,USD,,,,2026-07-23
Coffee,Street Coffee,Travel Card,7.31,GEL,,,,2026-07-23
,Savings Deposit,Savings Account,243.05,EUR,Travel Card,713.31,GEL,2026-07-23
,Credit Card Payment,Savings Account,678.36,EUR,Credit Card,678.36,EUR,2026-07-23
Shopping,Clothing Store,Travel Card,30.87,GEL,,,,2026-07-24
Dining Out,Thai Takeaway,Cash Wallet,4.57,USD,,,,2026-07-24
Shopping,Electronics Store,Checking Account,21.06,USD,,,,2026-07-24
Transport,Train Ticket,Checking Account,5.69,USD,,,,2026-07-24
Dining Out,Restaurant Le Petit,Credit Card,10.94,EUR,,,,2026-07-24
Entertainment,Book Store,Travel Card,21.49,GEL,,,,2026-07-24
Shopping,Furniture Store,Checking Account,15.69,USD,,,,2026-07-24
Shopping,Furniture Store,Checking Account,8.82,USD,,,,2026-07-24
Groceries,Aldi,Credit Card,6.11,EUR,,,,2026-07-24
Entertainment,Spotify Subscription,Travel Card,17.73,GEL,,,,2026-07-24
Dining Out,Coffee Shop,Checking Account,10.21,USD,,,,2026-07-24
Transport,Ride Share,Cash Wallet,2.37,USD,,,,2026-07-24
Shopping,Furniture Store,Cash Wallet,14.91,USD,,,,2026-07-24
Coffee,Morning Coffee,Credit Card,3.97,EUR,,,,2026-07-24
Entertainment,Steam Game,Credit Card,7.03,EUR,,,,2026-07-24
Entertainment,Steam Game,Travel Card,16.23,GEL,,,,2026-07-24
Transport,Fuel Station,Cash Wallet,3.14,USD,,,,2026-07-24
Groceries,Carrefour,Travel Card,30.54,GEL,,,,2026-07-24
Groceries,Neighborhood Market,Cash Wallet,14.20,USD,,,,2026-07-24
Groceries,Trader Joe's,Checking Account,10.05,USD,,,,2026-07-24
,Savings Deposit,Credit Card,361.54,EUR,Cash Wallet,392.98,USD,2026-07-24
,Cash Withdrawal,Credit Card,354.10,EUR,Travel Card,1039.22,GEL,2026-07-24
,Transfer to Savings,Credit Card,1167.03,EUR,Checking Account,1268.51,USD,2026-07-24
Entertainment,Netflix Subscription,Credit Card,8.75,EUR,,,,2026-07-25
Utilities,Water Utility,Cash Wallet,22.30,USD,,,,2026-07-25
Entertainment,Spotify Subscription,Credit Card,7.31,EUR,,,,2026-07-25
Transport,Bus Pass,Checking Account,3.84,USD,,,,2026-07-25
Dining Out,Coffee Shop,Cash Wallet,10.60,USD,,,,2026-07-25
Dining Out,Coffee Shop,Credit Card,7.89,EUR,,,,2026-07-25
Groceries,Carrefour,Travel Card,35.62,GEL,,,,2026-07-25
Entertainment,Concert Tickets,Checking Account,5.67,USD,,,,2026-07-25
Entertainment,Spotify Subscription,Credit Card,5.74,EUR,,,,2026-07-25
Coffee,Latte To Go,Checking Account,2.10,USD,,,,2026-07-25
Utilities,Internet Provider,Credit Card,17.69,EUR,,,,2026-07-25
Entertainment,Spotify Subscription,Checking Account,10.15,USD,,,,2026-07-25
Coffee,Street Coffee,Checking Account,3.45,USD,,,,2026-07-25
,Transfer to Savings,Checking Account,1336.26,USD,Savings Account,1229.36,EUR,2026-07-25
,Cash Withdrawal,Savings Account,726.36,EUR,Cash Wallet,789.53,USD,2026-07-25
,Credit Card Payment,Savings Account,72.09,EUR,Travel Card,211.58,GEL,2026-07-25
,Top-up Travel Card,Travel Card,2408.87,GEL,Credit Card,820.80,EUR,2026-07-25
Coffee,Cafe Mocha,Travel Card,9.68,GEL,,,,2026-07-26
Dining Out,Thai Takeaway,Cash Wallet,11.82,USD,,,,2026-07-26
Travel,Flight Booking,Travel Card,299.12,GEL,,,,2026-07-26
Coffee,Espresso Bar,Cash Wallet,2.78,USD,,,,2026-07-26
Coffee,Street Coffee,Checking Account,3.43,USD,,,,2026-07-26
Healthcare,Dental Clinic,Cash Wallet,16.63,USD,,,,2026-07-26
Transport,Train Ticket,Credit Card,7.67,EUR,,,,2026-07-26
Coffee,Espresso Bar,Cash Wallet,3.41,USD,,,,2026-07-26
Groceries,Local Green Market,Checking Account,8.76,USD,,,,2026-07-26
Transport,Ride Share,Checking Account,7.17,USD,,,,2026-07-26
Dining Out,Thai Takeaway,Cash Wallet,12.85,USD,,,,2026-07-26
Groceries,Neighborhood Market,Cash Wallet,9.30,USD,,,,2026-07-26
Shopping,Furniture Store,Checking Account,20.88,USD,,,,2026-07-26
Dining Out,Restaurant Le Petit,Savings Account,9.66,EUR,,,,2026-07-26
Coffee,Street Coffee,Savings Account,1.94,EUR,,,,2026-07-26
Dining Out,Pizzeria Bella,Credit Card,3.75,EUR,,,,2026-07-26
Coffee,Latte To Go,Checking Account,1.95,USD,,,,2026-07-26
Groceries,Whole Foods Market,Travel Card,30.19,GEL,,,,2026-07-26
Shopping,Furniture Store,Checking Account,12.56,USD,,,,2026-07-26
Dining Out,Restaurant Le Petit,Credit Card,5.62,EUR,,,,2026-07-26
,Savings Deposit,Savings Account,1334.02,EUR,Travel Card,3915.07,GEL,2026-07-26
,Cash Withdrawal,Cash Wallet,752.11,USD,Credit Card,691.94,EUR,2026-07-26
,Top-up Travel Card,Cash Wallet,1286.41,USD,Credit Card,1183.50,EUR,2026-07-26
Healthcare,Pharmacy,Checking Account,11.57,USD,,,,2026-07-27
Entertainment,Concert Tickets,Cash Wallet,3.28,USD,,,,2026-07-27
Dining Out,Coffee Shop,Checking Account,7.00,USD,,,,2026-07-27
Entertainment,Netflix Subscription,Credit Card,3.94,EUR,,,,2026-07-27
Dining Out,Pizzeria Bella,Credit Card,9.45,EUR,,,,2026-07-27
Groceries,Whole Foods Market,Cash Wallet,12.50,USD,,,,2026-07-27
Transport,Metro Card Top-up,Cash Wallet,3.44,USD,,,,2026-07-27
Dining Out,Bistro du Coin,Cash Wallet,9.27,USD,,,,2026-07-27
Groceries,Carrefour,Travel Card,35.51,GEL,,,,2026-07-27
Groceries,Whole Foods Market,Checking Account,7.53,USD,,,,2026-07-27
Dining Out,Burger Joint,Checking Account,12.02,USD,,,,2026-07-27
Coffee,Cafe Mocha,Checking Account,2.45,USD,,,,2026-07-27
Dining Out,Thai Takeaway,Savings Account,11.35,EUR,,,,2026-07-27
Transport,Fuel Station,Cash Wallet,6.79,USD,,,,2026-07-27
Coffee,Street Coffee,Credit Card,1.83,EUR,,,,2026-07-27
Transport,Taxi,Cash Wallet,7.41,USD,,,,2026-07-27
Shopping,Electronics Store,Cash Wallet,20.44,USD,,,,2026-07-27
Dining Out,Bistro du Coin,Checking Account,4.17,USD,,,,2026-07-27
,Credit Card Payment,Credit Card,218.81,EUR,Savings Account,218.81,EUR,2026-07-27
Dining Out,Coffee Shop,Cash Wallet,6.58,USD,,,,2026-07-28
Groceries,Carrefour,Cash Wallet,15.23,USD,,,,2026-07-28
Groceries,Local Green Market,Checking Account,12.47,USD,,,,2026-07-28
Groceries,Neighborhood Market,Checking Account,9.09,USD,,,,2026-07-28
Dining Out,Thai Takeaway,Credit Card,5.82,EUR,,,,2026-07-28
Shopping,Bookshop,Credit Card,18.30,EUR,,,,2026-07-28
Transport,Train Ticket,Checking Account,4.80,USD,,,,2026-07-28
Groceries,Whole Foods Market,Cash Wallet,13.33,USD,,,,2026-07-28
,Credit Card Payment,Travel Card,770.84,GEL,Credit Card,262.66,EUR,2026-07-28
,Savings Deposit,Travel Card,3731.58,GEL,Checking Account,1382.07,USD,2026-07-28
Entertainment,Cinema Tickets,Travel Card,22.80,GEL,,,,2026-07-29
Coffee,Morning Coffee,Checking Account,2.67,USD,,,,2026-07-29
Coffee,Street Coffee,Checking Account,3.16,USD,,,,2026-07-29
Utilities,Water Utility,Checking Account,27.78,USD,,,,2026-07-29
Transport,Metro Card Top-up,Credit Card,3.83,EUR,,,,2026-07-29
Groceries,Trader Joe's,Savings Account,9.77,EUR,,,,2026-07-29
Entertainment,Concert Tickets,Credit Card,6.32,EUR,,,,2026-07-29
Entertainment,Cinema Tickets,Checking Account,6.81,USD,,,,2026-07-29
Transport,Train Ticket,Cash Wallet,7.41,USD,,,,2026-07-29
Dining Out,Burger Joint,Checking Account,12.42,USD,,,,2026-07-29
Groceries,Aldi,Travel Card,33.02,GEL,,,,2026-07-29
Groceries,Whole Foods Market,Checking Account,8.29,USD,,,,2026-07-29
Dining Out,Pizzeria Bella,Cash Wallet,5.06,USD,,,,2026-07-29
Coffee,Latte To Go,Cash Wallet,4.04,USD,,,,2026-07-29
,Cash Withdrawal,Checking Account,552.12,USD,Credit Card,507.95,EUR,2026-07-29
Groceries,Neighborhood Market,Checking Account,10.49,USD,,,,2026-07-30
Groceries,Trader Joe's,Cash Wallet,4.89,USD,,,,2026-07-30
Utilities,Gas Bill,Credit Card,9.83,EUR,,,,2026-07-30
Coffee,Latte To Go,Travel Card,12.31,GEL,,,,2026-07-30
Shopping,Electronics Store,Cash Wallet,21.10,USD,,,,2026-07-30
Transport,Metro Card Top-up,Savings Account,3.96,EUR,,,,2026-07-30
Dining Out,Restaurant Le Petit,Cash Wallet,10.00,USD,,,,2026-07-30
Utilities,Electric Bill,Credit Card,25.57,EUR,,,,2026-07-30
Groceries,Trader Joe's,Cash Wallet,15.28,USD,,,,2026-07-30
Groceries,Whole Foods Market,Checking Account,6.70,USD,,,,2026-07-30
Shopping,Bookshop,Credit Card,21.96,EUR,,,,2026-07-30
Dining Out,Burger Joint,Travel Card,22.61,GEL,,,,2026-07-30
Groceries,Local Green Market,Travel Card,29.31,GEL,,,,2026-07-30
Coffee,Latte To Go,Cash Wallet,2.35,USD,,,,2026-07-30
Transport,Ride Share,Cash Wallet,7.15,USD,,,,2026-07-30
Utilities,Phone Bill,Travel Card,27.75,GEL,,,,2026-07-30
Coffee,Cafe Mocha,Travel Card,5.55,GEL,,,,2026-07-30
Dining Out,Burger Joint,Checking Account,9.53,USD,,,,2026-07-30
Dining Out,Burger Joint,Credit Card,5.56,EUR,,,,2026-07-30
Entertainment,Book Store,Cash Wallet,4.41,USD,,,,2026-07-30
Groceries,Neighborhood Market,Credit Card,8.71,EUR,,,,2026-07-30
,Top-up Travel Card,Travel Card,3200.61,GEL,Cash Wallet,1185.41,USD,2026-07-30
,Cash Withdrawal,Savings Account,843.92,EUR,Credit Card,843.92,EUR,2026-07-30
Dining Out,Pizzeria Bella,Travel Card,34.13,GEL,,,,2026-07-31
Dining Out,Burger Joint,Checking Account,8.61,USD,,,,2026-07-31
Travel,Travel Insurance,Credit Card,80.76,EUR,,,,2026-07-31
Dining Out,Thai Takeaway,Cash Wallet,5.40,USD,,,,2026-07-31
Coffee,Latte To Go,Cash Wallet,3.97,USD,,,,2026-07-31
Dining Out,Thai Takeaway,Checking Account,10.14,USD,,,,2026-07-31
Coffee,Morning Coffee,Checking Account,4.77,USD,,,,2026-07-31
Entertainment,Steam Game,Cash Wallet,10.70,USD,,,,2026-07-31
Shopping,Clothing Store,Credit Card,17.22,EUR,,,,2026-07-31
Groceries,Local Green Market,Cash Wallet,11.63,USD,,,,2026-07-31
Coffee,Espresso Bar,Checking Account,3.53,USD,,,,2026-07-31
Transport,Metro Card Top-up,Checking Account,7.81,USD,,,,2026-07-31
Entertainment,Spotify Subscription,Checking Account,5.45,USD,,,,2026-07-31
Groceries,Aldi,Travel Card,39.03,GEL,,,,2026-07-31
Dining Out,Sushi Bar,Cash Wallet,11.72,USD,,,,2026-07-31
Entertainment,Book Store,Checking Account,3.15,USD,,,,2026-07-31
Shopping,Electronics Store,Cash Wallet,11.28,USD,,,,2026-07-31
Coffee,Latte To Go,Cash Wallet,3.10,USD,,,,2026-07-31
Transport,Metro Card Top-up,Checking Account,7.73,USD,,,,2026-07-31
Dining Out,Pizzeria Bella,Savings Account,7.82,EUR,,,,2026-07-31
Shopping,Amazon Order,Savings Account,13.03,EUR,,,,2026-07-31
,Cash Withdrawal,Checking Account,993.76,USD,Travel Card,2683.16,GEL,2026-07-31
,Transfer to Savings,Credit Card,273.09,EUR,Travel Card,801.45,GEL,2026-07-31
,Cash Withdrawal,Credit Card,857.55,EUR,Cash Wallet,932.12,USD,2026-07-31
Transport,Bus Pass,Cash Wallet,4.90,USD,,,,2026-08-01
Groceries,Aldi,Cash Wallet,6.27,USD,,,,2026-08-01
Coffee,Morning Coffee,Checking Account,3.58,USD,,,,2026-08-01
Dining Out,Sushi Bar,Checking Account,11.50,USD,,,,2026-08-01
Coffee,Espresso Bar,Credit Card,2.48,EUR,,,,2026-08-01
Entertainment,Book Store,Credit Card,3.17,EUR,,,,2026-08-01
Healthcare,Optician,Cash Wallet,6.78,USD,,,,2026-08-01
Coffee,Morning Coffee,Travel Card,6.54,GEL,,,,2026-08-01
Dining Out,Bistro du Coin,Checking Account,13.41,USD,,,,2026-08-01
,Cash Withdrawal,Credit Card,937.89,EUR,Travel Card,2752.51,GEL,2026-08-01
Dining Out,Restaurant Le Petit,Cash Wallet,4.40,USD,,,,2026-08-02
Dining Out,Burger Joint,Credit Card,6.38,EUR,,,,2026-08-02
Transport,Ride Share,Checking Account,5.71,USD,,,,2026-08-02
Coffee,Latte To Go,Checking Account,2.24,USD,,,,2026-08-02
Utilities,Phone Bill,Checking Account,13.00,USD,,,,2026-08-02
Coffee,Cafe Mocha,Checking Account,3.88,USD,,,,2026-08-02
Transport,Fuel Station,Cash Wallet,6.73,USD,,,,2026-08-02
Shopping,Furniture Store,Cash Wallet,6.51,USD,,,,2026-08-02
Healthcare,Gym Membership,Credit Card,14.39,EUR,,,,2026-08-02
Shopping,Electronics Store,Credit Card,5.00,EUR,,,,2026-08-02
Dining Out,Pizzeria Bella,Checking Account,8.88,USD,,,,2026-08-02
Groceries,Whole Foods Market,Checking Account,14.65,USD,,,,2026-08-02
Groceries,Trader Joe's,Checking Account,10.37,USD,,,,2026-08-02
Transport,Ride Share,Travel Card,11.86,GEL,,,,2026-08-02
Dining Out,Coffee Shop,Cash Wallet,13.41,USD,,,,2026-08-02
Groceries,Trader Joe's,Checking Account,15.29,USD,,,,2026-08-02
Coffee,Cafe Mocha,Cash Wallet,2.91,USD,,,,2026-08-02
Transport,Ride Share,Travel Card,14.13,GEL,,,,2026-08-02
,Savings Deposit,Cash Wallet,1338.92,USD,Credit Card,1231.81,EUR,2026-08-02
,Credit Card Payment,Credit Card,1308.39,EUR,Travel Card,3839.84,GEL,2026-08-02
Healthcare,Gym Membership,Checking Account,7.23,USD,,,,2026-08-03
Groceries,Local Green Market,Checking Account,5.13,USD,,,,2026-08-03
Entertainment,Steam Game,Checking Account,11.51,USD,,,,2026-08-03
Coffee,Espresso Bar,Credit Card,3.44,EUR,,,,2026-08-03
Groceries,Trader Joe's,Credit Card,9.94,EUR,,,,2026-08-03
Dining Out,Thai Takeaway,Savings Account,5.91,EUR,,,,2026-08-03
Entertainment,Concert Tickets,Checking Account,5.89,USD,,,,2026-08-03
Transport,Taxi,Checking Account,3.07,USD,,,,2026-08-03
Coffee,Morning Coffee,Travel Card,9.51,GEL,,,,2026-08-03
Dining Out,Pizzeria Bella,Credit Card,7.24,EUR,,,,2026-08-03
Dining Out,Coffee Shop,Checking Account,4.13,USD,,,,2026-08-03
Dining Out,Restaurant Le Petit,Savings Account,11.18,EUR,,,,2026-08-03
Dining Out,Burger Joint,Savings Account,7.16,EUR,,,,2026-08-03
Dining Out,Coffee Shop,Checking Account,11.32,USD,,,,2026-08-03
Dining Out,Coffee Shop,Credit Card,7.54,EUR,,,,2026-08-03
Dining Out,Thai Takeaway,Cash Wallet,5.19,USD,,,,2026-08-03
,Credit Card Payment,Travel Card,3633.40,GEL,Checking Account,1345.70,USD,2026-08-03
,Savings Deposit,Cash Wallet,188.04,USD,Savings Account,173.00,EUR,2026-08-03
Transport,Metro Card Top-up,Credit Card,6.01,EUR,,,,2026-08-04
Entertainment,Cinema Tickets,Cash Wallet,11.16,USD,,,,2026-08-04
Groceries,Trader Joe's,Credit Card,8.21,EUR,,,,2026-08-04
Transport,Taxi,Cash Wallet,6.29,USD,,,,2026-08-04
Groceries,Trader Joe's,Credit Card,5.72,EUR,,,,2026-08-04
Healthcare,Optician,Checking Account,10.86,USD,,,,2026-08-04
Entertainment,Steam Game,Credit Card,4.99,EUR,,,,2026-08-04
Coffee,Espresso Bar,Cash Wallet,3.56,USD,,,,2026-08-04
Groceries,Aldi,Cash Wallet,6.27,USD,,,,2026-08-04
Entertainment,Steam Game,Credit Card,2.75,EUR,,,,2026-08-04
Coffee,Espresso Bar,Credit Card,3.52,EUR,,,,2026-08-04
Coffee,Morning Coffee,Cash Wallet,4.60,USD,,,,2026-08-04
Coffee,Street Coffee,Checking Account,4.05,USD,,,,2026-08-04
Dining Out,Sushi Bar,Credit Card,3.58,EUR,,,,2026-08-04
Entertainment,Steam Game,Cash Wallet,3.96,USD,,,,2026-08-04
Coffee,Cafe Mocha,Credit Card,4.02,EUR,,,,2026-08-04
Healthcare,Gym Membership,Credit Card,13.50,EUR,,,,2026-08-04
Dining Out,Bistro du Coin,Travel Card,11.47,GEL,,,,2026-08-04
Coffee,Cafe Mocha,Credit Card,2.53,EUR,,,,2026-08-04
Transport,Train Ticket,Checking Account,7.72,USD,,,,2026-08-04
Transport,Metro Card Top-up,Cash Wallet,8.71,USD,,,,2026-08-04
,Cash Withdrawal,Travel Card,774.43,GEL,Credit Card,263.88,EUR,2026-08-04
,Cash Withdrawal,Credit Card,111.03,EUR,Savings Account,111.03,EUR,2026-08-04
Shopping,Furniture Store,Cash Wallet,9.89,USD,,,,2026-08-05
Travel,Travel Insurance,Cash Wallet,101.04,USD,,,,2026-08-05
Coffee,Morning Coffee,Credit Card,4.21,EUR,,,,2026-08-05
Dining Out,Burger Joint,Checking Account,7.69,USD,,,,2026-08-05
Dining Out,Sushi Bar,Cash Wallet,5.85,USD,,,,2026-08-05
Coffee,Espresso Bar,Credit Card,3.91,EUR,,,,2026-08-05
Utilities,Electric Bill,Checking Account,23.57,USD,,,,2026-08-05
Entertainment,Steam Game,Checking Account,6.39,USD,,,,2026-08-05
Groceries,Aldi,Credit Card,14.18,EUR,,,,2026-08-05
Dining Out,Thai Takeaway,Checking Account,7.19,USD,,,,2026-08-05
Dining Out,Sushi Bar,Checking Account,12.98,USD,,,,2026-08-05
Groceries,Lidl,Credit Card,4.71,EUR,,,,2026-08-05
Dining Out,Restaurant Le Petit,Checking Account,5.60,USD,,,,2026-08-05
Groceries,Carrefour,Credit Card,5.75,EUR,,,,2026-08-05
Groceries,Whole Foods Market,Cash Wallet,9.27,USD,,,,2026-08-05
,Credit Card Payment,Credit Card,1053.11,EUR,Travel Card,3090.64,GEL,2026-08-05
Coffee,Street Coffee,Checking Account,4.04,USD,,,,2026-08-06
Groceries,Neighborhood Market,Cash Wallet,10.81,USD,,,,2026-08-06
Groceries,Carrefour,Cash Wallet,14.68,USD,,,,2026-08-06
Transport,Taxi,Cash Wallet,6.73,USD,,,,2026-08-06
Groceries,Lidl,Checking Account,4.99,USD,,,,2026-08-06
Utilities,Gas Bill,Travel Card,46.85,GEL,,,,2026-08-06
Transport,Bus Pass,Checking Account,2.81,USD,,,,2026-08-06
Groceries,Carrefour,Travel Card,39.57,GEL,,,,2026-08-06
Transport,Train Ticket,Credit Card,4.79,EUR,,,,2026-08-06
Transport,Fuel Station,Credit Card,2.41,EUR,,,,2026-08-06
Travel,Travel Insurance,Credit Card,66.08,EUR,,,,2026-08-06
Utilities,Internet Provider,Credit Card,14.19,EUR,,,,2026-08-06
Entertainment,Netflix Subscription,Cash Wallet,6.57,USD,,,,2026-08-06
Transport,Metro Card Top-up,Cash Wallet,7.41,USD,,,,2026-08-06
Coffee,Espresso Bar,Travel Card,11.93,GEL,,,,2026-08-06
Transport,Fuel Station,Checking Account,4.45,USD,,,,2026-08-06
Groceries,Carrefour,Checking Account,7.25,USD,,,,2026-08-06
Groceries,Neighborhood Market,Credit Card,10.41,EUR,,,,2026-08-06
Entertainment,Spotify Subscription,Checking Account,2.92,USD,,,,2026-08-06
Groceries,Carrefour,Cash Wallet,12.16,USD,,,,2026-08-06
Coffee,Morning Coffee,Checking Account,4.32,USD,,,,2026-08-06
Dining Out,Sushi Bar,Cash Wallet,10.10,USD,,,,2026-08-06
Groceries,Trader Joe's,Credit Card,8.27,EUR,,,,2026-08-06
Coffee,Cafe Mocha,Checking Account,3.95,USD,,,,2026-08-06
Coffee,Espresso Bar,Cash Wallet,4.64,USD,,,,2026-08-06
Coffee,Cafe Mocha,Credit Card,1.88,EUR,,,,2026-08-07
Groceries,Neighborhood Market,Credit Card,13.53,EUR,,,,2026-08-07
Entertainment,Concert Tickets,Checking Account,5.71,USD,,,,2026-08-07
Entertainment,Steam Game,Checking Account,3.31,USD,,,,2026-08-07
Transport,Train Ticket,Credit Card,5.56,EUR,,,,2026-08-07
Groceries,Whole Foods Market,Checking Account,12.09,USD,,,,2026-08-07
Groceries,Local Green Market,Cash Wallet,15.13,USD,,,,2026-08-07
Transport,Bus Pass,Checking Account,8.52,USD,,,,2026-08-07
Dining Out,Bistro du Coin,Cash Wallet,4.76,USD,,,,2026-08-07
Coffee,Street Coffee,Cash Wallet,2.86,USD,,,,2026-08-07
Groceries,Trader Joe's,Credit Card,9.35,EUR,,,,2026-08-07
Travel,Car Rental,Cash Wallet,94.60,USD,,,,2026-08-07
Shopping,Furniture Store,Travel Card,50.06,GEL,,,,2026-08-07
,Credit Card Payment,Travel Card,1364.58,GEL,Savings Account,464.97,EUR,2026-08-07
,Top-up Travel Card,Savings Account,793.12,EUR,Travel Card,2327.62,GEL,2026-08-07
Transport,Ride Share,Travel Card,12.08,GEL,,,,2026-08-08
Shopping,Furniture Store,Cash Wallet,8.50,USD,,,,2026-08-08
Shopping,Furniture Store,Travel Card,39.81,GEL,,,,2026-08-08
Utilities,Internet Provider,Checking Account,22.61,USD,,,,2026-08-08
Groceries,Whole Foods Market,Cash Wallet,12.24,USD,,,,2026-08-08
Dining Out,Thai Takeaway,Cash Wallet,6.31,USD,,,,2026-08-08
Coffee,Espresso Bar,Checking Account,2.76,USD,,,,2026-08-08
Travel,Travel Insurance,Cash Wallet,46.19,USD,,,,2026-08-08
Groceries,Carrefour,Credit Card,6.11,EUR,,,,2026-08-08
Healthcare,Optician,Credit Card,16.27,EUR,,,,2026-08-08
Utilities,Phone Bill,Credit Card,8.50,EUR,,,,2026-08-08
Coffee,Cafe Mocha,Checking Account,2.32,USD,,,,2026-08-08
Shopping,Clothing Store,Travel Card,18.87,GEL,,,,2026-08-08
Healthcare,Optician,Checking Account,14.51,USD,,,,2026-08-08
Coffee,Latte To Go,Cash Wallet,3.58,USD,,,,2026-08-08
Dining Out,Burger Joint,Credit Card,5.17,EUR,,,,2026-08-08
Shopping,Bookshop,Checking Account,22.76,USD,,,,2026-08-08
Shopping,Clothing Store,Credit Card,8.92,EUR,,,,2026-08-08
Shopping,Amazon Order,Cash Wallet,20.03,USD,,,,2026-08-08
Coffee,Street Coffee,Credit Card,3.34,EUR,,,,2026-08-08
Groceries,Lidl,Cash Wallet,15.18,USD,,,,2026-08-08
Groceries,Carrefour,Credit Card,4.55,EUR,,,,2026-08-08
,Credit Card Payment,Credit Card,977.58,EUR,Travel Card,2868.99,GEL,2026-08-08
,Credit Card Payment,Travel Card,1065.71,GEL,Credit Card,363.13,EUR,2026-08-08
,Savings Deposit,Credit Card,647.32,EUR,Checking Account,703.61,USD,2026-08-08
Groceries,Whole Foods Market,Travel Card,39.86,GEL,,,,2026-08-09
Dining Out,Restaurant Le Petit,Credit Card,8.64,EUR,,,,2026-08-09
Coffee,Morning Coffee,Savings Account,3.99,EUR,,,,2026-08-09
Dining Out,Sushi Bar,Checking Account,12.26,USD,,,,2026-08-09
Transport,Train Ticket,Travel Card,17.76,GEL,,,,2026-08-09
Utilities,Gas Bill,Cash Wallet,9.03,USD,,,,2026-08-09
Dining Out,Sushi Bar,Checking Account,11.49,USD,,,,2026-08-09
Dining Out,Restaurant Le Petit,Checking Account,5.80,USD,,,,2026-08-09
Transport,Bus Pass,Cash Wallet,7.55,USD,,,,2026-08-09
Entertainment,Concert Tickets,Checking Account,9.78,USD,,,,2026-08-09
Utilities,Electric Bill,Cash Wallet,19.72,USD,,,,2026-08-09
Transport,Fuel Station,Credit Card,4.33,EUR,,,,2026-08-09
Dining Out,Restaurant Le Petit,Cash Wallet,8.36,USD,,,,2026-08-09
Travel,Travel Insurance,Credit Card,28.76,EUR,,,,2026-08-09
Coffee,Cafe Mocha,Checking Account,4.09,USD,,,,2026-08-09
Shopping,Bookshop,Cash Wallet,8.59,USD,,,,2026-08-09
Entertainment,Netflix Subscription,Credit Card,9.60,EUR,,,,2026-08-09
Transport,Fuel Station,Credit Card,7.52,EUR,,,,2026-08-09
Groceries,Whole Foods Market,Cash Wallet,11.17,USD,,,,2026-08-09
Utilities,Gas Bill,Credit Card,30.12,EUR,,,,2026-08-09
Dining Out,Restaurant Le Petit,Checking Account,11.44,USD,,,,2026-08-09
Transport,Taxi,Credit Card,4.36,EUR,,,,2026-08-09
,Transfer to Savings,Savings Account,1094.66,EUR,Checking Account,1189.85,USD,2026-08-09
,Cash Withdrawal,Cash Wallet,458.95,USD,Credit Card,422.23,EUR,2026-08-09
,Credit Card Payment,Credit Card,506.70,EUR,Checking Account,550.76,USD,2026-08-09
,Top-up Travel Card,Savings Account,642.59,EUR,Credit Card,642.59,EUR,2026-08-09
Travel,Hotel Stay,Credit Card,102.93,EUR,,,,2026-08-10
Healthcare,Doctor Visit,Credit Card,4.79,EUR,,,,2026-08-10
Entertainment,Cinema Tickets,Checking Account,8.52,USD,,,,2026-08-10
Coffee,Espresso Bar,Credit Card,3.65,EUR,,,,2026-08-10
Dining Out,Burger Joint,Checking Account,9.49,USD,,,,2026-08-10
Coffee,Cafe Mocha,Checking Account,4.49,USD,,,,2026-08-10
Entertainment,Spotify Subscription,Credit Card,2.98,EUR,,,,2026-08-10
Coffee,Morning Coffee,Cash Wallet,3.81,USD,,,,2026-08-10
Coffee,Morning Coffee,Credit Card,3.62,EUR,,,,2026-08-10
Coffee,Espresso Bar,Checking Account,4.54,USD,,,,2026-08-10
Dining Out,Sushi Bar,Checking Account,10.12,USD,,,,2026-08-10
Shopping,Electronics Store,Cash Wallet,19.34,USD,,,,2026-08-10
Shopping,Bookshop,Checking Account,7.30,USD,,,,2026-08-10
Coffee,Latte To Go,Credit Card,3.34,EUR,,,,2026-08-10
Dining Out,Pizzeria Bella,Cash Wallet,7.66,USD,,,,2026-08-10
Coffee,Cafe Mocha,Credit Card,3.71,EUR,,,,2026-08-10
Coffee,Latte To Go,Savings Account,3.62,EUR,,,,2026-08-10
Entertainment,Spotify Subscription,Checking Account,6.60,USD,,,,2026-08-10
Entertainment,Book Store,Credit Card,5.76,EUR,,,,2026-08-10
Salary,Salary Deposit,,,,Checking Account,1521.67,USD,2026-08-10
,Transfer to Savings,Credit Card,173.32,EUR,Checking Account,188.39,USD,2026-08-10
,Savings Deposit,Cash Wallet,1294.47,USD,Checking Account,1294.47,USD,2026-08-10
Coffee,Latte To Go,Travel Card,5.48,GEL,,,,2026-08-11
Transport,Train Ticket,Travel Card,22.87,GEL,,,,2026-08-11
Shopping,Bookshop,Travel Card,58.84,GEL,,,,2026-08-11
Coffee,Morning Coffee,Credit Card,4.21,EUR,,,,2026-08-11
Shopping,Clothing Store,Savings Account,19.36,EUR,,,,2026-08-11
Travel,Car Rental,Cash Wallet,98.47,USD,,,,2026-08-11
Coffee,Espresso Bar,Cash Wallet,2.01,USD,,,,2026-08-11
Healthcare,Gym Membership,Credit Card,6.41,EUR,,,,2026-08-11
Coffee,Cafe Mocha,Checking Account,3.88,USD,,,,2026-08-11
Coffee,Cafe Mocha,Credit Card,3.28,EUR,,,,2026-08-11
Transport,Taxi,Checking Account,8.18,USD,,,,2026-08-11
Transport,Fuel Station,Cash Wallet,5.46,USD,,,,2026-08-11
Travel,Car Rental,Checking Account,35.80,USD,,,,2026-08-11
Entertainment,Steam Game,Cash Wallet,11.38,USD,,,,2026-08-11
Transport,Taxi,Checking Account,7.88,USD,,,,2026-08-11
Coffee,Latte To Go,Cash Wallet,4.40,USD,,,,2026-08-11
Dining Out,Sushi Bar,Checking Account,9.26,USD,,,,2026-08-11
Dining Out,Burger Joint,Savings Account,7.36,EUR,,,,2026-08-11
Entertainment,Spotify Subscription,Checking Account,3.29,USD,,,,2026-08-11
,Transfer to Savings,Savings Account,1132.17,EUR,Travel Card,3322.67,GEL,2026-08-11
,Top-up Travel Card,Travel Card,2964.12,GEL,Cash Wallet,1097.82,USD,2026-08-11
,Top-up Travel Card,Credit Card,590.72,EUR,Checking Account,642.08,USD,2026-08-11
Shopping,Clothing Store,Checking Account,21.90,USD,,,,2026-08-12
Groceries,Trader Joe's,Cash Wallet,6.18,USD,,,,2026-08-12
Coffee,Morning Coffee,Checking Account,4.75,USD,,,,2026-08-12
Dining Out,Restaurant Le Petit,Savings Account,5.51,EUR,,,,2026-08-12
Groceries,Neighborhood Market,Checking Account,7.23,USD,,,,2026-08-12
Entertainment,Spotify Subscription,Travel Card,24.80,GEL,,,,2026-08-12
Groceries,Carrefour,Checking Account,8.51,USD,,,,2026-08-12
Groceries,Lidl,Credit Card,9.35,EUR,,,,2026-08-12
Dining Out,Sushi Bar,Credit Card,10.81,EUR,,,,2026-08-12
Dining Out,Burger Joint,Cash Wallet,7.08,USD,,,,2026-08-12
Dining Out,Thai Takeaway,Credit Card,4.43,EUR,,,,2026-08-12
Healthcare,Gym Membership,Cash Wallet,17.61,USD,,,,2026-08-12
Dining Out,Restaurant Le Petit,Travel Card,22.70,GEL,,,,2026-08-12
Dining Out,Thai Takeaway,Travel Card,24.02,GEL,,,,2026-08-12
Healthcare,Pharmacy,Checking Account,6.11,USD,,,,2026-08-12
Coffee,Cafe Mocha,Credit Card,3.86,EUR,,,,2026-08-12
Entertainment,Steam Game,Savings Account,10.21,EUR,,,,2026-08-12
Dining Out,Bistro du Coin,Savings Account,4.68,EUR,,,,2026-08-12
Groceries,Whole Foods Market,Credit Card,11.86,EUR,,,,2026-08-12
Transport,Taxi,Credit Card,2.62,EUR,,,,2026-08-12
Shopping,Electronics Store,Credit Card,20.58,EUR,,,,2026-08-12
Coffee,Latte To Go,Checking Account,2.51,USD,,,,2026-08-12
Shopping,Bookshop,Credit Card,12.15,EUR,,,,2026-08-12
Entertainment,Netflix Subscription,Cash Wallet,6.93,USD,,,,2026-08-12
Coffee,Latte To Go,Credit Card,1.92,EUR,,,,2026-08-13
Coffee,Latte To Go,Checking Account,3.15,USD,,,,2026-08-13
Dining Out,Bistro du Coin,Travel Card,36.35,GEL,,,,2026-08-13
Travel,Flight Booking,Checking Account,103.63,USD,,,,2026-08-13
Entertainment,Concert Tickets,Cash Wallet,7.04,USD,,,,2026-08-13
Transport,Bus Pass,Credit Card,6.74,EUR,,,,2026-08-13
Healthcare,Doctor Visit,Savings Account,11.45,EUR,,,,2026-08-13
Coffee,Morning Coffee,Savings Account,3.10,EUR,,,,2026-08-13
Coffee,Street Coffee,Credit Card,3.20,EUR,,,,2026-08-13
Groceries,Trader Joe's,Savings Account,7.32,EUR,,,,2026-08-13
Dining Out,Thai Takeaway,Checking Account,10.70,USD,,,,2026-08-13
Transport,Train Ticket,Cash Wallet,6.14,USD,,,,2026-08-13
Coffee,Espresso Bar,Checking Account,3.23,USD,,,,2026-08-13
,Savings Deposit,Travel Card,3846.47,GEL,Checking Account,1424.62,USD,2026-08-13
,Cash Withdrawal,Savings Account,421.42,EUR,Cash Wallet,458.07,USD,2026-08-13
Coffee,Espresso Bar,Cash Wallet,3.08,USD,,,,2026-08-14
Coffee,Street Coffee,Travel Card,5.36,GEL,,,,2026-08-14
Shopping,Amazon Order,Credit Card,8.53,EUR,,,,2026-08-14
Groceries,Aldi,Checking Account,12.27,USD,,,,2026-08-14
Groceries,Neighborhood Market,Credit Card,12.44,EUR,,,,2026-08-14
Dining Out,Coffee Shop,Savings Account,5.99,EUR,,,,2026-08-14
Entertainment,Concert Tickets,Travel Card,14.25,GEL,,,,2026-08-14
Coffee,Cafe Mocha,Checking Account,3.13,USD,,,,2026-08-14
Groceries,Carrefour,Cash Wallet,5.87,USD,,,,2026-08-14
Entertainment,Spotify Subscription,Cash Wallet,9.43,USD,,,,2026-08-14
Entertainment,Concert Tickets,Cash Wallet,7.07,USD,,,,2026-08-14
Groceries,Whole Foods Market,Checking Account,11.47,USD,,,,2026-08-14
Transport,Fuel Station,Checking Account,5.45,USD,,,,2026-08-14
Groceries,Carrefour,Savings Account,8.64,EUR,,,,2026-08-14
Dining Out,Burger Joint,Checking Account,6.48,USD,,,,2026-08-14
Groceries,Lidl,Cash Wallet,9.93,USD,,,,2026-08-14
,Cash Withdrawal,Credit Card,880.38,EUR,Checking Account,956.94,USD,2026-08-14
Coffee,Espresso Bar,Checking Account,4.33,USD,,,,2026-08-15
Entertainment,Netflix Subscription,Checking Account,7.17,USD,,,,2026-08-15
Transport,Taxi,Checking Account,6.08,USD,,,,2026-08-15
Entertainment,Book Store,Credit Card,3.46,EUR,,,,2026-08-15
Transport,Train Ticket,Cash Wallet,4.72,USD,,,,2026-08-15
Groceries,Whole Foods Market,Cash Wallet,11.27,USD,,,,2026-08-15
Healthcare,Optician,Cash Wallet,16.66,USD,,,,2026-08-15
Transport,Fuel Station,Checking Account,2.56,USD,,,,2026-08-15
,Top-up Travel Card,Credit Card,1290.87,EUR,Savings Account,1290.87,EUR,2026-08-15
,Transfer to Savings,Savings Account,897.37,EUR,Checking Account,975.40,USD,2026-08-15
,Savings Deposit,Travel Card,2770.69,GEL,Cash Wallet,1026.18,USD,2026-08-15
Dining Out,Coffee Shop,Checking Account,8.50,USD,,,,2026-08-16
Dining Out,Thai Takeaway,Checking Account,7.67,USD,,,,2026-08-16
Travel,Flight Booking,Checking Account,75.96,USD,,,,2026-08-16
Groceries,Aldi,Credit Card,9.50,EUR,,,,2026-08-16
Transport,Metro Card Top-up,Credit Card,3.07,EUR,,,,2026-08-16
Groceries,Neighborhood Market,Cash Wallet,13.28,USD,,,,2026-08-16
Groceries,Lidl,Cash Wallet,7.16,USD,,,,2026-08-16
Groceries,Neighborhood Market,Checking Account,7.45,USD,,,,2026-08-16
Entertainment,Netflix Subscription,Checking Account,10.75,USD,,,,2026-08-16
Healthcare,Doctor Visit,Checking Account,6.51,USD,,,,2026-08-16
Healthcare,Doctor Visit,Cash Wallet,13.58,USD,,,,2026-08-16
Utilities,Internet Provider,Cash Wallet,15.19,USD,,,,2026-08-16
Groceries,Aldi,Travel Card,17.20,GEL,,,,2026-08-16
,Savings Deposit,Credit Card,697.29,EUR,Checking Account,757.93,USD,2026-08-16
,Top-up Travel Card,Travel Card,2763.37,GEL,Credit Card,941.59,EUR,2026-08-16
Utilities,Electric Bill,Credit Card,24.64,EUR,,,,2026-08-17
Entertainment,Cinema Tickets,Cash Wallet,9.26,USD,,,,2026-08-17
Groceries,Local Green Market,Credit Card,14.22,EUR,,,,2026-08-17
Coffee,Cafe Mocha,Cash Wallet,3.47,USD,,,,2026-08-17
Shopping,Bookshop,Credit Card,9.48,EUR,,,,2026-08-17
Groceries,Whole Foods Market,Cash Wallet,12.03,USD,,,,2026-08-17
Groceries,Lidl,Cash Wallet,15.49,USD,,,,2026-08-17
Entertainment,Concert Tickets,Checking Account,6.89,USD,,,,2026-08-17
Transport,Bus Pass,Cash Wallet,8.71,USD,,,,2026-08-17
Transport,Metro Card Top-up,Credit Card,5.55,EUR,,,,2026-08-17
Entertainment,Concert Tickets,Cash Wallet,3.37,USD,,,,2026-08-17
Groceries,Whole Foods Market,Checking Account,7.58,USD,,,,2026-08-17
Entertainment,Netflix Subscription,Credit Card,8.40,EUR,,,,2026-08-17
Groceries,Aldi,Checking Account,10.33,USD,,,,2026-08-17
Entertainment,Spotify Subscription,Credit Card,8.25,EUR,,,,2026-08-17
Travel,Travel Insurance,Credit Card,38.44,EUR,,,,2026-08-17
Transport,Ride Share,Savings Account,4.82,EUR,,,,2026-08-17
Transport,Train Ticket,Savings Account,2.58,EUR,,,,2026-08-17
Dining Out,Restaurant Le Petit,Checking Account,4.56,USD,,,,2026-08-17
Transport,Metro Card Top-up,Checking Account,8.12,USD,,,,2026-08-17
,Savings Deposit,Savings Account,172.09,EUR,Credit Card,172.09,EUR,2026-08-17
Transport,Fuel Station,Cash Wallet,2.94,USD,,,,2026-08-18
Dining Out,Coffee Shop,Credit Card,3.78,EUR,,,,2026-08-18
Groceries,Aldi,Credit Card,13.31,EUR,,,,2026-08-18
Transport,Bus Pass,Checking Account,3.49,USD,,,,2026-08-18
Transport,Train Ticket,Checking Account,8.37,USD,,,,2026-08-18
Coffee,Street Coffee,Cash Wallet,4.15,USD,,,,2026-08-18
Dining Out,Coffee Shop,Cash Wallet,10.88,USD,,,,2026-08-18
Groceries,Carrefour,Savings Account,10.01,EUR,,,,2026-08-18
Utilities,Electric Bill,Cash Wallet,25.65,USD,,,,2026-08-18
Coffee,Espresso Bar,Credit Card,3.33,EUR,,,,2026-08-18
Healthcare,Dental Clinic,Credit Card,8.09,EUR,,,,2026-08-18
Transport,Ride Share,Cash Wallet,7.97,USD,,,,2026-08-18
Entertainment,Cinema Tickets,Travel Card,10.12,GEL,,,,2026-08-18
Groceries,Trader Joe's,Credit Card,9.12,EUR,,,,2026-08-18
Utilities,Electric Bill,Cash Wallet,22.33,USD,,,,2026-08-18
,Savings Deposit,Checking Account,1193.42,USD,Credit Card,1097.95,EUR,2026-08-18
,Savings Deposit,Checking Account,1287.45,USD,Travel Card,3476.11,GEL,2026-08-18
